Date,Price,Open,High,Low,Price_Rate,Open_Rate,High_Rate,Low_Rate,Price_MA,Open_MA,High_MA,Low_MA,Price_Rate_MA,Open_Rate_MA,High_Rate_MA,Low_Rate_MA,Next Day Average
5/26/2006,1.2732,1.2807,1.2837,1.27,-0.005623243,0.003998119,0.001326053,-0.003687142,1.27636,1.275835,1.28291,1.269505,0.000628575,0.000758421,0.000604222,0.000616576,1.2743
5/29/2006,1.2751,1.2733,1.277,1.2718,0.001492303,-0.00577809,-0.005219288,0.001417323,1.27719,1.27636,1.2833,1.27032,0.000671761,0.000431595,0.000313046,0.000656613,1.28185
5/30/2006,1.2873,1.2749,1.2912,1.274,0.009567877,0.001256577,0.011119812,0.001729832,1.27848,1.27721,1.284515,1.27123,0.001030965,0.000688438,0.000959645,0.000731158,1.28475
5/31/2006,1.281,1.2873,1.2904,1.2803,-0.004893964,0.009726253,-0.000619579,0.004945055,1.27933,1.278505,1.28568,1.272295,0.000687179,0.001035629,0.000920773,0.000851002,1.279175
6/1/2006,1.2809,1.2811,1.2826,1.2721,-7.8064E-05,-0.004816282,-0.006044637,-0.006404749,1.279905,1.2794,1.286185,1.273045,0.000469668,0.000723466,0.000405456,0.000606221,1.2865
6/2/2006,1.2915,1.2809,1.2941,1.2795,0.008275431,-0.000156116,0.008966162,0.005817153,1.28087,1.27999,1.287055,1.27366,0.000773151,0.000482126,0.000688735,0.00049536,1.29295
6/5/2006,1.2905,1.2932,1.2981,1.29,-0.000774293,0.009602623,0.003090951,0.008206331,1.281865,1.280955,1.288015,1.2747,0.00079732,0.000773147,0.000757123,0.000826763,1.28675
6/6/2006,1.2819,1.2906,1.2938,1.2807,-0.006664084,-0.002010517,-0.003312534,-0.007209302,1.282155,1.28195,1.28878,1.275435,0.000247682,0.00079822,0.000607134,0.000592361,1.28035
6/7/2006,1.2789,1.2826,1.2839,1.276,-0.002340276,-0.006198667,-0.007651878,-0.003669868,1.28216,1.28228,1.28881,1.275485,2.48776E-05,0.00027974,3.68204E-05,5.34175E-05,1.2719
6/8/2006,1.265,1.279,1.281,1.2626,-0.010868715,-0.002806799,-0.002258743,-0.010501567,1.281245,1.28231,1.28849,1.27519,-0.000694504,4.53563E-05,-0.000235861,-0.000216759,1.264325
6/9/2006,1.2641,1.2652,1.2685,1.2595,-0.000711462,-0.010789679,-0.009758002,-0.002455251,1.279805,1.28139,1.287125,1.27402,-0.001104113,-0.000697507,-0.00105,-0.000907121,1.260525
6/12/2006,1.2583,1.2619,1.2653,1.2566,-0.004588245,-0.002608283,-0.002522665,-0.002302501,1.278745,1.279755,1.285525,1.27296,-0.000815311,-0.001256403,-0.001234013,-0.000823478,1.2569
6/13/2006,1.2543,1.2584,1.262,1.2529,-0.003178892,-0.002773595,-0.002608077,-0.002944453,1.277155,1.27869,1.28427,1.27176,-0.001232168,-0.000819616,-0.000971292,-0.000935484,1.2582
6/14/2006,1.2603,1.2542,1.265,1.2533,0.004783545,-0.003337572,0.002377179,0.000319259,1.2765,1.2771,1.282905,1.270915,-0.00049925,-0.001232646,-0.001054438,-0.000657166,1.261925
6/15/2006,1.2635,1.2602,1.266,1.258,0.002539078,0.004783926,0.000790514,0.0037501,1.275375,1.276425,1.281885,1.27021,-0.000867035,-0.000515223,-0.000786637,-0.000544453,1.2643
6/16/2006,1.2642,1.2636,1.2676,1.2618,0.000554017,0.002697984,0.001263823,0.003020668,1.27473,1.275355,1.280915,1.26983,-0.0004933,-0.000823913,-0.000746767,-0.000287296,1.260675
6/19/2006,1.2572,1.2649,1.2655,1.2551,-0.005537099,0.001028807,-0.001656674,-0.005309875,1.27323,1.274785,1.279755,1.269115,-0.001165582,-0.000433951,-0.000895646,-0.000552789,1.257875
6/20/2006,1.2583,1.2575,1.2619,1.2538,0.00087496,-0.005850265,-0.002844725,-0.001035774,1.27205,1.27333,1.27845,1.26778,-0.000915961,-0.001129975,-0.001010723,-0.001041793,1.262375
6/21/2006,1.2658,1.258,1.268,1.2577,0.005960423,0.000397614,0.004833981,0.003110544,1.271585,1.272155,1.27738,1.26702,-0.000352708,-0.000911897,-0.000823371,-0.000589506,1.26175
6/22/2006,1.2577,1.2662,1.2681,1.255,-0.006399115,0.006518283,7.88644E-05,-0.002146776,1.27045,1.271685,1.276685,1.266035,-0.000880491,-0.000355784,-0.000532473,-0.00076755,1.253875
6/23/2006,1.2509,1.2574,1.2594,1.2478,-0.005406695,-0.006949929,-0.006860658,-0.005737052,1.269335,1.27052,1.27547,1.264925,-0.000869664,-0.000903186,-0.000941809,-0.000870045,1.255075
6/26/2006,1.2587,1.251,1.2605,1.2501,0.00623551,-0.005089868,0.000873432,0.001843244,1.268515,1.269405,1.274645,1.26384,-0.000632503,-0.000868775,-0.000637173,-0.000848749,1.2587
6/27/2006,1.2583,1.2584,1.262,1.2561,-0.000317788,0.005915268,0.001190004,0.004799616,1.267065,1.26858,1.273185,1.262945,-0.001126786,-0.000635841,-0.001133663,-0.00069526,1.255875
6/28/2006,1.2555,1.2578,1.2586,1.2516,-0.002225225,-0.000476796,-0.002694136,-0.003582517,1.26579,1.267105,1.271595,1.26151,-0.000993349,-0.001145993,-0.001237391,-0.001121639,1.25995
6/29/2006,1.266,1.2553,1.2668,1.2517,0.008363202,-0.001987597,0.006515176,7.98977E-05,1.265045,1.265815,1.270805,1.26049,-0.000571286,-0.001004559,-0.0006094,-0.000797406,1.27255
6/30/2006,1.2786,1.2665,1.2796,1.2655,0.009952607,0.00892217,0.0101042,0.011025006,1.2644,1.265095,1.27008,1.25979,-0.000487427,-0.000550645,-0.000552498,-0.000537014,1.27915
7/3/2006,1.2795,1.2786,1.2824,1.2761,0.000703895,0.009553889,0.002188184,0.008376136,1.26385,1.264365,1.269295,1.259095,-0.000413518,-0.000553081,-0.000597637,-0.000528523,1.27995
7/4/2006,1.2793,1.2797,1.2824,1.2784,-0.000156311,0.000860316,0,0.001802367,1.26372,1.26382,1.268725,1.25898,-8.81293E-05,-0.00040954,-0.00043201,-7.79399E-05,1.276475
7/5/2006,1.2719,1.2795,1.2841,1.2704,-0.005784413,-0.000156287,0.001325639,-0.006257822,1.26337,1.263665,1.268735,1.2587,-0.000260336,-0.000107421,1.68658E-05,-0.000207338,1.27505
7/6/2006,1.2777,1.2724,1.2784,1.2717,0.004560107,-0.005549043,-0.004438907,0.0010233,1.264005,1.263335,1.268605,1.259155,0.000511105,-0.000244533,-9.21424E-05,0.000368906,1.2803
7/7/2006,1.2807,1.2779,1.2863,1.2763,0.002347969,0.00432254,0.006179599,0.003617205,1.264835,1.26397,1.269495,1.259995,0.000664076,0.000511078,0.000704738,0.000672529,1.27715
7/10/2006,1.2735,1.2814,1.2818,1.2719,-0.005621926,0.002738868,-0.003498406,-0.003447465,1.265595,1.264945,1.27032,1.26076,0.000612392,0.000778436,0.000655951,0.00061528,1.274675
7/11/2006,1.2771,1.2733,1.2779,1.2704,0.002826855,-0.006321211,-0.003042596,-0.001179338,1.266735,1.26569,1.271115,1.261635,0.00091268,0.000601055,0.000634225,0.000703536,1.27315
7/12/2006,1.27,1.2769,1.2782,1.2675,-0.005559471,0.002827299,0.00023476,-0.002282746,1.26722,1.266825,1.271775,1.262345,0.000395529,0.000909298,0.000527104,0.000573436,1.269775
7/13/2006,1.2691,1.2703,1.2733,1.2664,-0.000708661,-0.005168768,-0.003833516,-0.00086785,1.2675,1.26733,1.27214,1.262765,0.000233142,0.000411664,0.000295902,0.000342538,1.266675
7/14/2006,1.265,1.2692,1.2699,1.2626,-0.003230636,-0.000865937,-0.002670227,-0.003000632,1.26754,1.26761,1.272255,1.262805,4.39094E-05,0.000233468,9.91997E-05,4.14734E-05,1.258075
7/17/2006,1.2518,1.2641,1.2654,1.251,-0.010434783,-0.004018279,-0.003543586,-0.009187391,1.26727,1.26757,1.27225,1.2626,-0.000200975,-1.88866E-05,4.85405E-06,-0.000152402,1.251475
7/18/2006,1.2505,1.2519,1.2561,1.2474,-0.001038505,-0.009651135,-0.007349455,-0.002877698,1.26688,1.26729,1.27196,1.26228,-0.000296648,-0.00020893,-0.000220382,-0.000244499,1.2541
7/19/2006,1.2592,1.2504,1.2611,1.2457,0.006957217,-0.001198179,0.003980575,-0.001362835,1.26655,1.26691,1.271615,1.26168,-0.000246808,-0.00028872,-0.000263053,-0.000468168,1.261425
7/20/2006,1.2627,1.2589,1.2655,1.2586,0.002779543,0.006797825,0.003489018,0.010355623,1.2668,1.266545,1.271485,1.26186,0.000212125,-0.000274743,-9.2545E-05,0.000156952,1.266
7/21/2006,1.2694,1.2628,1.2698,1.262,0.00530609,0.003097943,0.003397866,0.002701414,1.267725,1.266815,1.272005,1.26257,0.000747764,0.000227651,0.000420381,0.000578876,1.2665
7/24/2006,1.2634,1.2706,1.271,1.261,-0.004726643,0.00617675,0.000945031,-0.000792393,1.26796,1.267795,1.27253,1.263115,0.000199656,0.000790982,0.000423961,0.000447094,1.26115
7/25/2006,1.2576,1.2634,1.2675,1.2561,-0.004590787,-0.005666614,-0.002753737,-0.003885805,1.267925,1.268045,1.272805,1.263115,-1.39937E-05,0.000211888,0.000226774,1.28228E-05,1.264425
7/26/2006,1.2716,1.2579,1.2723,1.2559,0.011132316,-0.004353332,0.003786982,-0.000159223,1.26873,1.26805,1.27349,1.26333,0.000653883,1.80608E-05,0.00055083,0.000183988,1.2717
7/27/2006,1.2696,1.2717,1.2774,1.2681,-0.001572822,0.010970665,0.004008489,0.009714149,1.26891,1.26887,1.27402,1.26415,0.000157082,0.000665974,0.000425496,0.0006657,1.27215
7/28/2006,1.2761,1.2697,1.2771,1.2657,0.005119723,-0.001572698,-0.000234852,-0.001892595,1.268785,1.26903,1.273895,1.26416,-8.45621E-05,0.000141231,-9.1457E-05,1.98201E-05,1.276275
7/31/2006,1.2762,1.2766,1.2784,1.2739,7.83638E-05,0.005434355,0.001017931,0.006478628,1.26862,1.26893,1.273695,1.26405,-0.000115839,-6.47461E-05,-0.00014997,-7.50553E-05,1.27855
8/1/2006,1.2827,1.2764,1.2831,1.272,0.005093246,-0.000156666,0.003676471,-0.001491483,1.26879,1.268765,1.27373,1.26373,0.000146639,-0.000115595,3.3854E-05,-0.000239748,1.2806
8/2/2006,1.2786,1.2826,1.2837,1.2775,-0.003196383,0.004857411,0.000467617,0.004323899,1.269125,1.26892,1.27371,1.264085,0.000276041,0.00013509,-9.04715E-06,0.000289338,1.27915
8/3/2006,1.2802,1.2788,1.2835,1.2741,0.001251369,-0.002962732,-0.0001558,-0.002661448,1.26925,1.26924,1.273965,1.264205,0.000110604,0.000264405,0.000205108,0.000105101,1.283725
8/4/2006,1.2871,1.2801,1.291,1.2767,0.005389783,0.001016578,0.005843397,0.002040656,1.26957,1.26935,1.2742,1.264225,0.000262694,9.91071E-05,0.000188298,2.62735E-05,1.285825
8/7/2006,1.2832,1.2878,1.2894,1.2829,-0.003030068,0.006015155,-0.001239349,0.00485627,1.270055,1.26967,1.27458,1.264775,0.000392287,0.000262921,0.000301251,0.00044146,1.28415
8/8/2006,1.2831,1.2836,1.2894,1.2805,-7.79302E-05,-0.003261376,0,-0.001870762,1.270355,1.270185,1.275155,1.26528,0.000247048,0.000415913,0.000453381,0.000406889,1.283975
8/9/2006,1.2861,1.2829,1.2905,1.2764,0.002338087,-0.000545341,0.00085311,-0.003201874,1.27116,1.270485,1.27577,1.265725,0.000641926,0.000247281,0.000484298,0.000360933,1.28285
8/10/2006,1.2792,1.2862,1.2914,1.2746,-0.005365057,0.002572297,0.000697404,-0.001410216,1.271665,1.27128,1.276675,1.266135,0.000409106,0.000634334,0.000710844,0.000333814,1.27565
8/11/2006,1.2719,1.2793,1.28,1.2714,-0.005706692,-0.00536464,-0.008827629,-0.002510592,1.27201,1.271785,1.27718,1.266575,0.000285303,0.000409399,0.000402974,0.000358316,1.272725
8/14/2006,1.2717,1.2719,1.2767,1.2706,-0.000157245,-0.005784413,-0.002578125,-0.000629228,1.273005,1.272175,1.277745,1.267555,0.00079918,0.000321093,0.000451247,0.000786224,1.275075
8/15/2006,1.2785,1.2718,1.2805,1.2695,0.005347173,-7.86225E-05,0.002976424,-0.000865733,1.274405,1.27317,1.278965,1.26866,0.001118464,0.000799718,0.000967541,0.000886823,1.281625
8/16/2006,1.2843,1.2784,1.287,1.2768,0.004536566,0.005189495,0.005076142,0.005750295,1.27566,1.27457,1.28026,1.270215,0.000997432,0.001119102,0.001022319,0.001242479,1.284275
8/17/2006,1.2829,1.284,1.289,1.2812,-0.001090088,0.004380476,0.001554002,0.003446115,1.27667,1.275825,1.281435,1.271345,0.00080395,0.000998234,0.000925569,0.000897004,1.28195
8/18/2006,1.2823,1.2828,1.2847,1.278,-0.00046769,-0.000934579,-0.003335919,-0.002497658,1.277315,1.276825,1.28218,1.272145,0.000515261,0.000796608,0.000588879,0.00063705,1.2871
8/21/2006,1.289,1.2827,1.2941,1.2826,0.005224986,-7.79545E-05,0.007316883,0.003599374,1.278595,1.27743,1.283335,1.273225,0.001012843,0.000483873,0.000907472,0.000856639,1.284275
8/22/2006,1.2803,1.289,1.2895,1.2783,-0.006749418,0.004911515,-0.003554594,-0.003352565,1.27973,1.27871,1.284435,1.274335,0.000904911,0.00101278,0.000867429,0.000883301,1.28045
8/23/2006,1.2786,1.2803,1.2854,1.2775,-0.001327814,-0.006749418,-0.003179527,-0.000625831,1.28008,1.27983,1.28509,1.275415,0.000281905,0.000892975,0.000519104,0.00085997,1.2786
8/24/2006,1.2766,1.2785,1.2843,1.275,-0.001564211,-0.00140592,-0.000855765,-0.001956947,1.28043,1.28017,1.285435,1.27576,0.000282335,0.000274146,0.000275891,0.000276415,1.275625
8/25/2006,1.2749,1.2766,1.2785,1.2725,-0.001331662,-0.001486117,-0.004516079,-0.001960784,1.28037,1.280515,1.285505,1.2761,-4.02342E-05,0.000278475,6.18297E-05,0.000273006,1.277925
8/28/2006,1.2778,1.2763,1.2822,1.2754,0.002274688,-0.000234999,0.002894016,0.002278978,1.28045,1.2805,1.285695,1.276175,6.9582E-05,-4.99261E-06,0.000155634,6.30234E-05,1.279975
8/29/2006,1.2826,1.2782,1.2843,1.2748,0.003756456,0.001488678,0.00163781,-0.000470441,1.280445,1.28059,1.285755,1.276315,2.74258E-06,7.72746E-05,5.37009E-05,0.000114075,1.28315
8/30/2006,1.2837,1.2824,1.2854,1.2811,0.000857633,0.003285871,0.000856498,0.004941952,1.2807,1.28058,1.28584,1.276495,0.000205443,-1.30243E-06,7.3145E-05,0.000144978,1.282675
8/31/2006,1.2806,1.2836,1.2881,1.2784,-0.002414894,0.000935745,0.002100513,-0.002107564,1.28072,1.28082,1.28607,1.27671,2.21302E-05,0.000193621,0.000185961,0.000172672,1.28115
9/1/2006,1.2835,1.2809,1.2848,1.2754,0.002264563,-0.002103459,-0.002561913,-0.002346683,1.28054,1.28086,1.28576,1.276645,-0.000134131,3.76196E-05,-0.000234305,-4.66947E-05,1.285775
9/4/2006,1.2872,1.2844,1.2876,1.2839,0.002882743,0.002732454,0.002179328,0.006664576,1.28074,1.28069,1.28567,1.276695,0.00016151,-0.000126515,-6.3371E-05,4.37206E-05,1.2838
9/5/2006,1.2818,1.2868,1.2871,1.2795,-0.004195152,0.001868577,-0.000388319,-0.003427058,1.280675,1.28085,1.285555,1.276645,-4.43514E-05,0.000129982,-8.2787E-05,-3.40942E-05,1.2806
9/6/2006,1.2804,1.2814,1.2837,1.2769,-0.001092214,-0.004196456,-0.002641597,-0.002032044,1.28039,1.280775,1.285215,1.27667,-0.000215866,-5.25736E-05,-0.000257522,2.43973E-05,1.276875
9/7/2006,1.2732,1.2804,1.2833,1.2706,-0.005623243,-0.000780396,-0.000311599,-0.004933824,1.28009,1.280485,1.28481,1.27647,-0.000228776,-0.000220208,-0.000307973,-0.000151783,1.269875
9/8/2006,1.2672,1.2729,1.2744,1.265,-0.004712535,-0.005857545,-0.006935245,-0.004407367,1.279855,1.280165,1.28453,1.27615,-0.000179068,-0.000244853,-0.000213353,-0.000246622,1.269075
9/11/2006,1.2702,1.267,1.2744,1.2647,0.002367424,-0.004635085,0,-0.000237154,1.27978,1.27992,1.284415,1.275855,-5.28344E-05,-0.000187387,-8.44471E-05,-0.000227018,1.26975
9/12/2006,1.2684,1.2701,1.2734,1.2671,-0.0014171,0.002446725,-0.000784683,0.001897683,1.279275,1.279835,1.28406,1.275735,-0.000391048,-6.11197E-05,-0.000272502,-8.88473E-05,1.269125
9/13/2006,1.2694,1.2687,1.2719,1.2665,0.000788395,-0.001102275,-0.001177949,-0.000473522,1.27853,1.27935,1.283305,1.27522,-0.000578457,-0.000375708,-0.000585207,-0.000400038,1.271025
9/14/2006,1.2719,1.2693,1.2755,1.2674,0.001969434,0.000472925,0.002830411,0.00071062,1.27798,1.278615,1.28263,1.27453,-0.000425481,-0.000571086,-0.000521386,-0.000536813,1.26845
9/15/2006,1.2647,1.2723,1.2737,1.2631,-0.005660822,0.002363507,-0.001411211,-0.003392773,1.2771,1.27809,1.28208,1.273785,-0.000685137,-0.000406181,-0.000425151,-0.000581569,1.267075
9/18/2006,1.2701,1.264,1.2712,1.263,0.004269787,-0.006523619,-0.001962786,-7.91703E-05,1.276155,1.277155,1.280935,1.272805,-0.000732897,-0.000728465,-0.000889135,-0.000765496,1.268875
9/19/2006,1.2677,1.2702,1.2727,1.2649,-0.001889615,0.004905063,0.001179987,0.001504355,1.275525,1.276215,1.280095,1.272135,-0.000489907,-0.000728787,-0.000652405,-0.00052265,1.268775
9/20/2006,1.2685,1.2675,1.2729,1.2662,0.000631064,-0.00212565,0.000157146,0.001027749,1.27502,1.275575,1.27947,1.27157,-0.000391963,-0.000497599,-0.000485572,-0.000439971,1.273675
9/21/2006,1.2779,1.2687,1.28,1.2681,0.007410327,0.000946746,0.005577814,0.001500553,1.275085,1.275085,1.279255,1.271225,5.67639E-05,-0.000379966,-0.000163893,-0.000267096,1.2791
9/22/2006,1.2777,1.278,1.2834,1.2773,-0.000156507,0.007330338,0.00265625,0.007254948,1.275225,1.275155,1.2795,1.271465,0.000115522,6.08572E-05,0.000194724,0.000193691,1.2773
9/25/2006,1.2748,1.2789,1.2824,1.2731,-0.002269703,0.000704225,-0.00077918,-0.003288186,1.275075,1.275285,1.27951,1.27135,-0.000111698,0.000107818,1.10638E-05,-8.46675E-05,1.27135
9/26/2006,1.2683,1.2746,1.2763,1.2662,-0.005098839,-0.003362264,-0.004756706,-0.005419841,1.27436,1.275105,1.27911,1.27092,-0.000554463,-0.000134729,-0.000308662,-0.000332138,1.269325
9/27/2006,1.2698,1.2687,1.272,1.2668,0.001182685,-0.004628903,-0.003369114,0.000473859,1.273665,1.27442,1.27844,1.270205,-0.00053821,-0.000530467,-0.000519943,-0.000555542,1.270325
9/28/2006,1.2703,1.2698,1.2735,1.2677,0.000393763,0.000867029,0.001179245,0.000710452,1.27315,1.27373,1.27771,1.26967,-0.000397777,-0.000533903,-0.000566006,-0.000414641,1.268125
9/29/2006,1.2671,1.27,1.2715,1.2639,-0.00251909,0.000157505,-0.001570475,-0.002997555,1.27233,1.273185,1.277045,1.269095,-0.00063696,-0.000420855,-0.000516434,-0.000447185,1.271025
10/2/2006,1.2737,1.2683,1.276,1.2661,0.005208744,-0.001338583,0.003539127,0.001740644,1.271655,1.27238,1.276465,1.268205,-0.00052066,-0.000624407,-0.000448444,-0.000693382,1.27395
10/3/2006,1.2734,1.2737,1.2768,1.2719,-0.000235534,0.004257668,0.000626959,0.004580997,1.271235,1.271725,1.27595,1.267825,-0.000322679,-0.000504952,-0.00039768,-0.000292979,1.271375
10/4/2006,1.2715,1.2731,1.2743,1.2666,-0.001492068,-0.000471069,-0.00195802,-0.004166994,1.27079,1.27131,1.27548,1.26731,-0.000342672,-0.000318683,-0.000363501,-0.000399726,1.27015
10/5/2006,1.2691,1.2715,1.2729,1.2671,-0.001887534,-0.001256775,-0.001098642,0.000394758,1.270585,1.270865,1.27496,1.267135,-0.000155886,-0.000342502,-0.000402854,-0.000133297,1.26445
10/6/2006,1.2597,1.2692,1.2717,1.2572,-0.007406824,-0.001808887,-0.000942729,-0.007813117,1.27021,1.27068,1.274825,1.266745,-0.000290601,-0.000140069,-0.000103228,-0.000303585,1.2597
10/9/2006,1.2593,1.2593,1.2618,1.2584,-0.000317536,-0.007800189,-0.007784855,0.000954502,1.269665,1.270295,1.274195,1.26643,-0.000424849,-0.000298324,-0.00049247,-0.000244002,1.256675
10/10/2006,1.2536,1.2595,1.2618,1.2518,-0.004526324,0.000158818,0,-0.005244755,1.268925,1.269765,1.273615,1.265665,-0.00058031,-0.000412719,-0.000453236,-0.000601124,1.252825
10/11/2006,1.2516,1.2536,1.2559,1.2502,-0.001595405,-0.004684399,-0.00467586,-0.001278159,1.268035,1.26901,1.272815,1.26485,-0.0006995,-0.000591826,-0.000628132,-0.000641356,1.253975
10/12/2006,1.2558,1.2517,1.2568,1.2516,0.003355705,-0.001515635,0.000716618,0.001119821,1.26723,1.26813,1.27188,1.26406,-0.000630186,-0.000691254,-0.000733822,-0.000620896,1.25325
10/13/2006,1.2512,1.2556,1.2579,1.2483,-0.003663004,0.003115763,0.000875239,-0.002636625,1.266555,1.267295,1.27109,1.26332,-0.000530295,-0.000653641,-0.000619499,-0.000583088,1.25155
10/16/2006,1.253,1.2504,1.254,1.2488,0.001438619,-0.004141446,-0.003100405,0.000400545,1.2657,1.266615,1.27023,1.26261,-0.000671854,-0.000534532,-0.00067638,-0.000559103,1.2536
10/17/2006,1.2537,1.2532,1.2567,1.2508,0.000558659,0.002239283,0.00215311,0.001601537,1.265,1.265765,1.26943,1.261905,-0.00054944,-0.000667821,-0.000627724,-0.000554243,1.2533
10/18/2006,1.2531,1.254,1.2561,1.25,-0.000478583,0.000638366,-0.000477441,-0.000639591,1.26423,1.26509,1.26859,1.261095,-0.000604922,-0.00052962,-0.000659453,-0.00063761,1.258275
10/19/2006,1.2625,1.2533,1.2643,1.253,0.007501397,-0.000558214,0.006528143,0.0024,1.26346,1.26432,1.267805,1.26034,-0.000600369,-0.000604868,-0.000611937,-0.000592638,1.261875
10/20/2006,1.2612,1.2625,1.2641,1.2597,-0.001029703,0.007340621,-0.00015819,0.005347167,1.262635,1.263545,1.26684,1.25946,-0.000644029,-0.000604354,-0.000752659,-0.000688027,1.258075
10/23/2006,1.2547,1.2619,1.2622,1.2535,-0.005153822,-0.000475248,-0.001503046,-0.004921807,1.26163,1.262695,1.26583,1.25848,-0.000788235,-0.000663328,-0.000788852,-0.000769708,1.2552
10/24/2006,1.2555,1.255,1.2578,1.2525,0.000637603,-0.005467945,-0.003485977,-0.000797766,1.26099,1.261715,1.264905,1.257795,-0.000501413,-0.000768612,-0.000725316,-0.000538604,1.25825
10/25/2006,1.26,1.2556,1.2624,1.255,0.003584229,0.000478088,0.003657179,0.001996008,1.2605,1.26106,1.264425,1.257205,-0.000381335,-0.000513262,-0.000374001,-0.000462497,1.264925
10/26/2006,1.2691,1.2602,1.2704,1.26,0.007222222,0.003663587,0.006337136,0.003984064,1.26044,1.26058,1.26427,1.25682,-3.99125E-05,-0.000373434,-0.000116107,-0.000298816,1.27105
10/27/2006,1.2738,1.269,1.2752,1.2662,0.003703412,0.006983019,0.003778338,0.004920635,1.260775,1.26053,1.264455,1.256935,0.000271213,-3.21588E-05,0.000151334,9.70931E-05,1.2725
10/30/2006,1.2731,1.2732,1.2738,1.2699,-0.000549537,0.003309693,-0.001097867,0.002922129,1.260745,1.260775,1.264345,1.257125,-1.67015E-05,0.000200255,-8.05156E-05,0.000156167,1.2738
10/31/2006,1.2761,1.2728,1.2784,1.2679,0.002356453,-0.000314169,0.003611242,-0.001574927,1.26088,1.26073,1.264425,1.256925,0.000112898,-2.83369E-05,6.86985E-05,-0.000151629,1.27645
11/1/2006,1.2753,1.2763,1.28,1.2742,-0.00062691,0.002749843,0.001251564,0.004968846,1.26107,1.26089,1.26471,1.257305,0.000156156,0.000132709,0.000229178,0.000305163,1.276375
11/2/2006,1.2775,1.2757,1.2786,1.2737,0.001725084,-0.000470109,-0.00109375,-0.000392403,1.26149,1.2611,1.264995,1.257635,0.000336787,0.000172042,0.000229422,0.000265805,1.274225
11/3/2006,1.2716,1.2778,1.2793,1.2682,-0.004618395,0.001646155,0.000547474,-0.004318128,1.262085,1.26153,1.265375,1.258185,0.000476208,0.000344794,0.000303933,0.000440555,1.271325
11/6/2006,1.272,1.2716,1.2727,1.269,0.000314564,-0.00485209,-0.005159071,0.000630815,1.26272,1.262145,1.26592,1.258715,0.000507813,0.000492199,0.000435222,0.00042437,1.275875
11/7/2006,1.277,1.2723,1.2821,1.2721,0.003930818,0.000550488,0.007385873,0.002442868,1.26389,1.262785,1.266935,1.25973,0.00093067,0.000511783,0.000804515,0.000808751,1.2771
11/8/2006,1.2755,1.2772,1.2812,1.2745,-0.001174628,0.003851293,-0.000701973,0.001886644,1.265085,1.263965,1.2682,1.260945,0.000951709,0.000938567,0.00100321,0.000966992,1.2796
11/9/2006,1.2825,1.2759,1.285,1.275,0.005488044,-0.001017852,0.002965969,0.000392311,1.26642,1.265175,1.26961,1.262115,0.001058326,0.000963456,0.001115677,0.000930616,1.2849
11/10/2006,1.2843,1.2826,1.2902,1.2825,0.001403509,0.005251195,0.004046693,0.005882353,1.268075,1.266525,1.271225,1.263825,0.001311652,0.001070228,0.00127425,0.001356565,1.28295
11/13/2006,1.2801,1.2843,1.2879,1.2795,-0.003270264,0.001325433,-0.001782669,-0.002339181,1.26943,1.26822,1.27292,1.26536,0.001076208,0.001343572,0.001340137,0.001219579,1.28195
11/14/2006,1.281,1.2805,1.2873,1.279,0.00070307,-0.00295881,-0.000465875,-0.000390778,1.270795,1.269585,1.27445,1.26677,0.001083428,0.001083667,0.001209188,0.001119963,1.2813
11/15/2006,1.2825,1.2818,1.2836,1.2773,0.00117096,0.001015228,-0.002874233,-0.001329163,1.272265,1.270975,1.275825,1.268135,0.001165905,0.00110251,0.001089348,0.001085484,1.28125
11/16/2006,1.2797,1.2826,1.2843,1.2784,-0.002183236,0.000624122,0.000545341,0.000861192,1.273125,1.27244,1.276825,1.269405,0.000681674,0.001161627,0.000790208,0.001008544,1.280725
11/17/2006,1.2826,1.2794,1.2847,1.2762,0.002266156,-0.002494932,0.000311454,-0.001720901,1.274195,1.273285,1.277855,1.27023,0.000846467,0.000669849,0.00081369,0.000655141,1.282425
11/20/2006,1.281,1.2827,1.2855,1.2805,-0.001247466,0.002579334,0.000622713,0.003369378,1.27551,1.274325,1.27902,1.27158,0.001041784,0.000822579,0.000919978,0.0010697,1.28285
11/21/2006,1.2844,1.2816,1.2856,1.2798,0.002654176,-0.000857566,7.77907E-05,-0.000546661,1.276955,1.275655,1.28041,1.272945,0.001142613,0.001053097,0.001098166,0.001082255,1.289625
11/22/2006,1.2942,1.2845,1.296,1.2838,0.007630022,0.002262797,0.008089608,0.003125488,1.278665,1.2771,1.28209,1.274385,0.001344903,0.001142333,0.001319788,0.001138729,1.294675
11/23/2006,1.2941,1.2942,1.2977,1.2927,-7.72678E-05,0.007551576,0.001311728,0.006932544,1.279915,1.2788,1.283455,1.27602,0.000979928,0.001336732,0.001068517,0.001286153,1.30215
11/24/2006,1.309,1.2944,1.311,1.2942,0.011513793,0.000154536,0.010248902,0.001160362,1.281675,1.28007,1.285245,1.27742,0.001370447,0.000995308,0.001392046,0.001098139,1.3139
11/27/2006,1.3132,1.3165,1.3173,1.3086,0.003208556,0.017073548,0.004805492,0.011126565,1.28368,1.282235,1.28742,1.279355,0.001558352,0.001683501,0.001687214,0.001508361,1.31635
11/28/2006,1.3201,1.3129,1.3208,1.3116,0.005254341,-0.002734523,0.00265695,0.002292526,1.28588,1.28424,1.28954,1.28154,0.001703246,0.001562483,0.001639499,0.001701734,1.317425
11/29/2006,1.3147,1.3199,1.322,1.3131,-0.004090599,0.005331708,0.00090854,0.001143641,1.28785,1.28642,1.29164,1.283485,0.001530062,0.001691577,0.001622348,0.001510474,1.3202
11/30/2006,1.324,1.315,1.3276,1.3142,0.007073857,-0.003712402,0.004236006,0.000837712,1.290175,1.288385,1.29409,1.28551,0.001797501,0.001529462,0.001888836,0.001571979,1.328625
12/1/2006,1.3334,1.3243,1.335,1.3218,0.007099698,0.007072243,0.005573968,0.005782986,1.293265,1.29071,1.296875,1.28819,0.002383405,0.001800766,0.00214016,0.002077035,1.332675
12/4/2006,1.3319,1.3337,1.3369,1.3282,-0.001124944,0.00709809,0.001423221,0.004841882,1.29626,1.293815,1.300085,1.29115,0.00231143,0.002398275,0.002469275,0.002287588,1.33265
12/5/2006,1.3322,1.3333,1.3365,1.3286,0.000225242,-0.000299918,-0.0002992,0.000301159,1.29902,1.296865,1.302805,1.293975,0.002126151,0.002355755,0.002085021,0.002180503,1.330275
12/6/2006,1.3291,1.3322,1.3343,1.3255,-0.002326978,-0.000825021,-0.001646091,-0.002333283,1.3017,1.299615,1.30546,1.296525,0.002068533,0.002121939,0.002037815,0.001969507,1.3294
12/7/2006,1.329,1.3285,1.3327,1.3274,-7.52389E-05,-0.002777361,-0.001199131,0.001433421,1.304025,1.302245,1.307845,1.299145,0.001790369,0.002033964,0.00182956,0.002021562,1.326
12/8/2006,1.3199,1.3285,1.3365,1.3191,-0.006847254,0,0.002851354,-0.006252825,1.305805,1.30454,1.31016,1.300975,0.001377831,0.001771404,0.001769794,0.001414803,1.3201
12/11/2006,1.3235,1.3175,1.3264,1.313,0.002727479,-0.008280015,-0.007557052,-0.004624365,1.307975,1.3062,1.312085,1.30265,0.001677718,0.001291132,0.001481074,0.001300544,1.3256
12/12/2006,1.3279,1.3239,1.3293,1.3213,0.003324518,0.004857685,0.002186369,0.006321401,1.31032,1.30837,1.314185,1.304765,0.001808791,0.001681956,0.001613687,0.001636153,1.324425
12/13/2006,1.3216,1.3281,1.329,1.319,-0.004744333,0.003172445,-0.000225683,-0.00174071,1.312275,1.310685,1.316455,1.30685,0.001513026,0.001789817,0.001746114,0.001615576,1.31885
12/14/2006,1.3145,1.3213,1.3255,1.3141,-0.005372276,-0.005120096,-0.002633559,-0.003714936,1.314015,1.31262,1.318515,1.308635,0.001353574,0.001502606,0.001587169,0.001386769,1.31185
12/15/2006,1.3081,1.3146,1.3188,1.3059,-0.004868771,-0.005070764,-0.005054696,-0.006240012,1.31529,1.31438,1.32022,1.31012,0.000996828,0.001373815,0.001318862,0.001160814,1.3087
12/18/2006,1.3097,1.3078,1.3121,1.3052,0.001223148,-0.005172676,-0.005080376,-0.000536029,1.316725,1.315635,1.32155,1.311355,0.001120358,0.000986214,0.001033707,0.000965543,1.314725
12/19/2006,1.3189,1.3101,1.3217,1.3082,0.007024509,0.001758679,0.007316516,0.002298498,1.31845,1.31706,1.323355,1.312775,0.001338875,0.001117027,0.001395643,0.001107801,1.3193
12/20/2006,1.3176,1.319,1.3246,1.316,-0.00098567,0.006793375,0.002194144,0.005962391,1.31962,1.318785,1.324785,1.314385,0.000908091,0.001343555,0.00110087,0.001249647,1.317525
12/21/2006,1.3171,1.3173,1.3217,1.314,-0.000379478,-0.001288855,-0.00218934,-0.001519757,1.32077,1.31994,1.325985,1.31545,0.00089298,0.000901534,0.000925817,0.000827031,1.315925
12/22/2006,1.3142,1.3171,1.3216,1.3108,-0.002201807,-0.000151826,-7.56601E-05,-0.002435312,1.32103,1.321075,1.326515,1.31628,0.0002072,0.000886216,0.000409589,0.000647248,1.313175
12/25/2006,1.3129,1.3131,1.3167,1.31,-0.000989195,-0.003036975,-0.003707627,-0.000610314,1.321015,1.320905,1.326485,1.31635,-2.68753E-06,-0.00011931,-1.60673E-05,6.04038E-05,1.31125
12/26/2006,1.3095,1.3123,1.3143,1.3089,-0.002589687,-0.000609245,-0.001822739,-0.000839695,1.320485,1.320875,1.32616,1.316215,-0.000394889,-1.30465E-05,-0.000240052,-9.62072E-05,1.31215
12/27/2006,1.3118,1.3097,1.318,1.3091,0.001756396,-0.001981254,0.002815187,0.0001528,1.32034,1.320365,1.32596,1.316015,-0.000102539,-0.000378695,-0.000144719,-0.000145749,1.314425
12/28/2006,1.3146,1.3122,1.3204,1.3105,0.002134472,0.001908834,0.001820941,0.001069437,1.31987,1.320225,1.3256,1.31583,-0.000349508,-9.76328E-05,-0.000265473,-0.000134163,1.31715
12/29/2006,1.3196,1.3146,1.3207,1.3137,0.003803438,0.001828989,0.000227204,0.002441816,1.31918,1.31974,1.324885,1.315425,-0.000514321,-0.000359795,-0.000532811,-0.000301222,1.319275
1/1/2007,1.3199,1.3198,1.3201,1.3173,0.000227342,0.003955576,-0.000454305,0.002740352,1.31858,1.319045,1.324045,1.31488,-0.000446707,-0.000516921,-0.000626687,-0.000406298,1.324325
1/2/2007,1.3276,1.3202,1.3298,1.3197,0.005833775,0.000303076,0.007347928,0.001821908,1.31835,1.31839,1.32371,1.314435,-0.00016628,-0.000486771,-0.000244331,-0.000330261,1.321875
1/3/2007,1.3161,1.3276,1.3292,1.3146,-0.008662248,0.005605211,-0.000451196,-0.003864515,1.3177,1.31816,1.323455,1.31389,-0.000483044,-0.00016526,-0.000184586,-0.000406822,1.31265
1/4/2007,1.3083,1.3165,1.3183,1.3075,-0.005926601,-0.008360952,-0.008200421,-0.005400882,1.316665,1.31756,1.322735,1.312895,-0.000775612,-0.000444439,-0.000534651,-0.000748537,1.304375
1/5/2007,1.3002,1.3085,1.3107,1.2981,-0.006191241,-0.006076719,-0.005765,-0.007189293,1.31568,1.31656,1.321445,1.311845,-0.000742811,-0.000748275,-0.000965468,-0.000795361,1.301
1/8/2007,1.3019,1.3011,1.3038,1.2972,0.001307491,-0.005655331,-0.005264363,-0.000693321,1.3146,1.31574,1.320315,1.311055,-0.000813811,-0.000617041,-0.000850834,-0.000598809,1.30145
1/9/2007,1.2996,1.3022,1.3055,1.2985,-0.001766649,0.000845438,0.001303881,0.001002158,1.313185,1.314655,1.319125,1.309915,-0.001068369,-0.000817653,-0.000894958,-0.000864771,1.296775
1/10/2007,1.2933,1.3,1.3007,1.2931,-0.004847645,-0.001689449,-0.003676752,-0.004158645,1.31177,1.31325,1.31771,1.30862,-0.001073535,-0.001060748,-0.001067512,-0.000985667,1.2932
1/11/2007,1.2892,1.2938,1.3017,1.2881,-0.003170185,-0.004769231,0.000768817,-0.003866677,1.310505,1.311875,1.31652,1.30732,-0.00096343,-0.001043205,-0.000897393,-0.000993254,1.2905
1/12/2007,1.2916,1.2893,1.2946,1.2865,0.00186162,-0.003478126,-0.005454406,-0.00124214,1.30968,1.31061,1.31531,1.30635,-0.000626911,-0.000963573,-0.000917378,-0.000743361,1.293475
1/15/2007,1.2935,1.2929,1.296,1.2915,0.001471044,0.002792213,0.001081415,0.003886514,1.30887,1.309865,1.314505,1.305665,-0.000614516,-0.000565329,-0.000609289,-0.000522234,1.2939
1/16/2007,1.2917,1.2939,1.2992,1.2908,-0.001391573,0.000773455,0.002469136,-0.000542005,1.30751,1.309055,1.31338,1.304795,-0.00103532,-0.00061459,-0.000851658,-0.000664259,1.29255
1/17/2007,1.2936,1.2917,1.2952,1.2897,0.00147093,-0.001700286,-0.003078818,-0.000852185,1.30631,1.30769,1.31191,1.30348,-0.00091249,-0.001039273,-0.001115306,-0.001004988,1.29425
1/18/2007,1.2953,1.2941,1.2979,1.2897,0.001314162,0.001858017,0.00208462,0,1.30522,1.30653,1.31072,1.302265,-0.000827808,-0.000881929,-0.000901608,-0.000929,1.296125
1/19/2007,1.2965,1.2963,1.3003,1.2914,0.000926426,0.001700023,0.001849141,0.001318136,1.304335,1.30549,1.309655,1.301295,-0.000671396,-0.000789337,-0.000805368,-0.000741327,1.295375
1/22/2007,1.2947,1.2964,1.2982,1.2922,-0.001388353,7.71426E-05,-0.001615012,0.000619483,1.303425,1.304655,1.30873,1.300405,-0.000691354,-0.000633631,-0.000700737,-0.000679838,1.298725
1/23/2007,1.3024,1.2949,1.3047,1.2929,0.005947324,-0.00115705,0.005006933,0.000541712,1.30307,1.303785,1.30825,1.299605,-0.000264504,-0.000661021,-0.000359254,-0.000610767,1.299275
1/24/2007,1.2961,1.3024,1.3038,1.2948,-0.004837224,0.005791953,-0.000689814,0.001469565,1.302285,1.30342,1.30754,1.29889,-0.000594185,-0.000272361,-0.000534504,-0.000544929,1.295375
1/25/2007,1.2932,1.2963,1.3005,1.2915,-0.002237482,-0.004683661,-0.002531063,-0.002548656,1.301215,1.302625,1.306545,1.29794,-0.000812782,-0.000601985,-0.000752104,-0.000725834,1.2919
1/26/2007,1.2915,1.2938,1.2946,1.2877,-0.001314569,-0.001928566,-0.004536717,-0.002942315,1.29981,1.301585,1.30524,1.29664,-0.001068683,-0.000789863,-0.0009903,-0.00099504,1.293575
1/29/2007,1.2955,1.2921,1.2968,1.2899,0.003097174,-0.001313959,0.001699367,0.001708472,1.29859,1.3002,1.304075,1.29527,-0.000925191,-0.00105334,-0.000882616,-0.001046634,1.2961
1/30/2007,1.2964,1.2955,1.2982,1.2943,0.000694712,0.002631375,0.001079581,0.003411117,1.29703,1.298965,1.302495,1.294,-0.001182144,-0.000936925,-0.001196034,-0.000967174,1.299025
1/31/2007,1.3033,1.2967,1.3038,1.2923,0.005322431,0.000926283,0.004313665,-0.001545237,1.29639,1.29742,1.301225,1.292885,-0.00048291,-0.001170871,-0.000957791,-0.00085121,1.302725
2/1/2007,1.3021,1.3033,1.3054,1.3001,-0.00092074,0.005089843,0.001227182,0.00603575,1.29608,1.29676,1.30058,1.292515,-0.000232617,-0.000498332,-0.00048641,-0.000279378,1.30015
2/2/2007,1.2968,1.3022,1.3066,1.295,-0.004070348,-0.000844011,0.000919258,-0.003922775,1.29591,1.296445,1.300375,1.29236,-0.000126573,-0.000236696,-0.000152197,-0.000116052,1.2942
2/5/2007,1.2922,1.2963,1.2969,1.2914,-0.003547193,-0.004530794,-0.007423848,-0.002779923,1.295425,1.296205,1.30003,1.29207,-0.000369307,-0.000180469,-0.000260172,-0.000220383,1.2953
2/6/2007,1.298,1.2928,1.2992,1.2912,0.004488469,-0.002699992,0.00177346,-0.000154871,1.295345,1.295735,1.299715,1.291705,-5.6551E-05,-0.000357741,-0.000236693,-0.000278234,1.2998
2/7/2007,1.3018,1.2981,1.3026,1.2967,0.002927581,0.004099629,0.002616995,0.004259603,1.29577,1.29564,1.29981,1.291885,0.00033221,-6.82871E-05,7.79946E-05,0.000142678,1.301725
2/8/2007,1.3038,1.3013,1.3043,1.2975,0.001536334,0.002465141,0.001305082,0.000616951,1.2965,1.296015,1.29994,1.292355,0.000567536,0.000293431,0.000104808,0.00036686,1.301825
2/9/2007,1.3004,1.304,1.3046,1.2983,-0.002607762,0.002074848,0.000230008,0.00061657,1.29694,1.29675,1.30044,1.292945,0.000344067,0.00057108,0.000389029,0.000459795,1.298425
2/12/2007,1.2963,1.2994,1.304,1.294,-0.003152876,-0.003527607,-0.000459911,-0.003312023,1.29708,1.297075,1.30084,1.29307,0.000112871,0.000255089,0.000311962,9.98685E-05,1.29995
2/13/2007,1.3036,1.2964,1.3045,1.2953,0.005631412,-0.002308758,0.000383436,0.001004637,1.297675,1.2972,1.301105,1.293295,0.000464021,0.000100979,0.000207677,0.000177201,1.308575
2/14/2007,1.3127,1.3038,1.3154,1.3024,0.006980669,0.005708115,0.008355692,0.005481356,1.29863,1.297805,1.302115,1.29393,0.000739507,0.000471399,0.000779403,0.000493878,1.314175
2/15/2007,1.3145,1.313,1.3174,1.3118,0.00137122,0.007056297,0.00152045,0.007217445,1.29959,1.29875,1.30309,1.295035,0.00074236,0.000731313,0.000751194,0.00085475,1.313125
2/16/2007,1.3139,1.3143,1.315,1.3093,-0.000456447,0.000990099,-0.00182177,-0.001905778,1.30046,1.29965,1.303825,1.29593,0.000673217,0.000695816,0.000567649,0.000693554,1.3149
2/19/2007,1.3153,1.3156,1.3165,1.3122,0.00106553,0.00098912,0.001140684,0.002214924,1.30149,1.30061,1.30474,1.29693,0.000795911,0.000741415,0.000705433,0.000773326,1.315375
2/20/2007,1.3138,1.3157,1.3191,1.3129,-0.001140424,7.60109E-05,0.001974934,0.000533455,1.30206,1.30165,1.30546,1.29793,0.000441523,0.000803068,0.000553834,0.000772913,1.313975
2/21/2007,1.3138,1.3142,1.3168,1.3111,0,-0.001140078,-0.001743613,-0.001371011,1.302945,1.30224,1.30611,1.298745,0.000683385,0.000456467,0.000501144,0.000630885,1.312225
2/22/2007,1.3124,1.3139,1.3146,1.308,-0.001065611,-0.000228276,-0.001670717,-0.002364427,1.303905,1.30312,1.306815,1.29957,0.000741978,0.000679236,0.000544161,0.000640096,1.314525
2/23/2007,1.3166,1.3123,1.319,1.3102,0.003200244,-0.001217749,0.003347026,0.001681957,1.30516,1.304045,1.308035,1.300695,0.000967719,0.000714777,0.000938348,0.00087131,1.31745
2/26/2007,1.3182,1.3166,1.32,1.315,0.001215251,0.00327669,0.00075815,0.003663563,1.306295,1.30527,1.309195,1.30195,0.000873623,0.000944309,0.000891287,0.000969064,1.321175
2/27/2007,1.324,1.3186,1.3261,1.316,0.004399939,0.001519064,0.004621212,0.000760456,1.307675,1.306425,1.31059,1.303035,0.001058884,0.000888694,0.001068369,0.000836531,1.322575
2/28/2007,1.3233,1.3241,1.3249,1.318,-0.000528701,0.004171091,-0.000904909,0.001519757,1.308675,1.307795,1.311645,1.30432,0.000766327,0.001050934,0.00080744,0.000989781,1.320325
3/1/2007,1.3184,1.3233,1.3242,1.3154,-0.003702864,-0.000604184,-0.000528342,-0.001972686,1.30949,1.308795,1.312585,1.305085,0.000627221,0.000766233,0.000719664,0.000589359,1.318075
3/2/2007,1.3192,1.3186,1.3203,1.3142,0.000606796,-0.003551727,-0.002945174,-0.00091227,1.31061,1.309615,1.31327,1.306045,0.000861078,0.000630847,0.000526442,0.000739884,1.3144
3/5/2007,1.3093,1.32,1.3213,1.307,-0.007504548,0.001061732,0.000757404,-0.005478618,1.311465,1.3108,1.31449,1.306825,0.000663211,0.000910473,0.000935505,0.00060495,1.310775
3/6/2007,1.3125,1.3093,1.3133,1.308,0.002444054,-0.008106061,-0.006054643,0.000765111,1.31219,1.311625,1.315195,1.307665,0.00056099,0.00064017,0.0005441,0.000650949,1.31485
3/7/2007,1.3175,1.3125,1.3186,1.3108,0.003809524,0.002444054,0.004035635,0.002140673,1.312975,1.312345,1.315995,1.30837,0.000605087,0.000557391,0.000615032,0.000545002,1.3152
3/8/2007,1.3129,1.3179,1.3184,1.3116,-0.003491461,0.004114286,-0.000151676,0.000610314,1.31343,1.313175,1.3167,1.309075,0.000353697,0.000639848,0.000542194,0.00054467,1.312325
3/9/2007,1.3113,1.3133,1.3162,1.3085,-0.001218676,-0.003490401,-0.001668689,-0.002363525,1.313975,1.31364,1.31728,1.309585,0.000423152,0.000361586,0.000447259,0.000395665,1.31565
3/12/2007,1.3187,1.3129,1.3202,1.3108,0.005643255,-0.000304576,0.003039052,0.001757738,1.315095,1.314315,1.31809,1.310425,0.000862958,0.000522737,0.000622207,0.000649154,1.3191
3/13/2007,1.3196,1.319,1.3223,1.3155,0.00068249,0.004646203,0.001590668,0.003585597,1.315895,1.315445,1.31898,1.311435,0.000615512,0.000870486,0.000682569,0.000778201,1.321125
3/14/2007,1.3224,1.3198,1.3247,1.3176,0.002121855,0.00060652,0.001815019,0.001596351,1.31638,1.316245,1.319445,1.312195,0.000372571,0.000615406,0.000355535,0.000583951,1.322575
3/15/2007,1.3237,1.3221,1.3253,1.3192,0.000983061,0.001742688,0.000452933,0.001214329,1.31684,1.3167,1.31984,1.312565,0.000353163,0.000349725,0.000302159,0.000283795,1.328025
3/16/2007,1.3311,1.3238,1.3341,1.3231,0.005590391,0.001285833,0.006640006,0.002956337,1.3177,1.317175,1.320795,1.313255,0.000655505,0.000364512,0.000725248,0.000526901,1.330575
3/19/2007,1.33,1.3317,1.3327,1.3279,-0.000826384,0.005967669,-0.001049397,0.003627844,1.318435,1.31798,1.321605,1.31404,0.00056091,0.000613439,0.000615744,0.000597547,1.3303
3/20/2007,1.3314,1.3304,1.3324,1.327,0.001052632,-0.000976196,-0.000225107,-0.000677762,1.319315,1.318715,1.32227,1.314745,0.000670562,0.000560829,0.000505742,0.000536986,1.334575
3/21/2007,1.3385,1.332,1.3391,1.3287,0.005332732,0.001202646,0.00502852,0.001281085,1.32055,1.319605,1.323385,1.315625,0.000937199,0.000677965,0.000844349,0.000669591,1.335975
3/22/2007,1.3331,1.3385,1.3413,1.331,-0.004034367,0.00487988,0.001642894,0.001731015,1.321585,1.320835,1.32472,1.316775,0.000788761,0.000933373,0.001010029,0.000874363,1.3309
3/23/2007,1.3282,1.3329,1.3344,1.3281,-0.003675643,-0.004183788,-0.005144263,-0.002178813,1.322165,1.321865,1.32549,1.31767,0.000444967,0.000785071,0.000585465,0.000681325,1.330475
3/26/2007,1.3333,1.3285,1.3348,1.3253,0.003839783,-0.003301073,0.00029976,-0.002108275,1.32292,1.32246,1.32623,1.318185,0.000576193,0.000456183,0.000562545,0.000392733,1.334225
3/27/2007,1.3352,1.333,1.3368,1.3319,0.001425036,0.003387279,0.001498352,0.004980005,1.32348,1.32318,1.326765,1.31898,0.000427448,0.000549594,0.000406402,0.00060371,1.33385
3/28/2007,1.3316,1.3354,1.3376,1.3308,-0.002696225,0.00180045,0.000598444,-0.000825888,1.323895,1.323745,1.3274,1.31962,0.000319072,0.000431062,0.00048157,0.000486428,1.33255
3/29/2007,1.3331,1.3314,1.3356,1.3301,0.001126464,-0.002995357,-0.001495215,-0.000525999,1.32463,1.32415,1.32797,1.320355,0.000560538,0.000311503,0.000433226,0.000558762,1.334325
3/30/2007,1.3355,1.3329,1.3402,1.3287,0.001800315,0.001126634,0.003444145,-0.001052552,1.325445,1.324865,1.328965,1.32108,0.000620214,0.000545421,0.000752692,0.000551748,1.33645
4/2/2007,1.3368,1.3374,1.3385,1.3331,0.000973418,0.003376097,-0.001268467,0.003311507,1.32682,1.325735,1.329825,1.322385,0.001044113,0.000661139,0.000651399,0.000991255,1.335075
4/3/2007,1.3333,1.3367,1.3384,1.3319,-0.002618193,-0.000523404,-7.47105E-05,-0.000900158,1.32786,1.327105,1.33108,1.32358,0.000791,0.001040272,0.000950395,0.000907991,1.335
4/4/2007,1.3371,1.3328,1.3383,1.3318,0.002850071,-0.002917633,-7.47161E-05,-7.50807E-05,1.32884,1.32812,1.332065,1.32463,0.000743028,0.000772188,0.000744878,0.000797203,1.3396
4/5/2007,1.3421,1.3369,1.3443,1.3351,0.003739436,0.00307623,0.0044833,0.00247785,1.3303,1.32907,1.33336,1.325805,0.001104573,0.000720285,0.000976626,0.00089058,1.340075
4/6/2007,1.3377,1.3428,1.3434,1.3364,-0.003278444,0.004413195,-0.000669493,0.00097371,1.33162,1.330545,1.33472,1.3272,0.001001584,0.001115465,0.001026586,0.001057442,1.336225
4/9/2007,1.3353,1.3375,1.3381,1.334,-0.001794124,-0.003946976,-0.003945214,-0.00179587,1.33245,1.331775,1.335615,1.32836,0.000629715,0.000933345,0.000677373,0.000879762,1.33995
4/10/2007,1.3436,1.3356,1.3457,1.3349,0.006215832,-0.001420561,0.005679695,0.000674663,1.33365,1.332605,1.336785,1.32933,0.000906382,0.000630007,0.000881824,0.000734215,1.34295
4/11/2007,1.343,1.3437,1.3444,1.3407,-0.000446561,0.00606469,-0.00096604,0.004344895,1.33468,1.3338,1.33777,1.330485,0.000777961,0.000902915,0.000742771,0.000871642,1.34625
4/12/2007,1.3485,1.3431,1.3504,1.343,0.004095309,-0.000446528,0.004462957,0.001715522,1.33592,1.33485,1.339025,1.331675,0.000933574,0.000793454,0.000943273,0.000896702,1.3513
4/13/2007,1.3529,1.3486,1.3556,1.3481,0.003262885,0.004095004,0.003850711,0.003797468,1.33701,1.33609,1.3401,1.332925,0.000817199,0.000933913,0.000803808,0.000938758,1.3549
4/16/2007,1.3531,1.3557,1.3578,1.353,0.000147831,0.005264719,0.001622898,0.003634745,1.338165,1.33729,1.341355,1.33418,0.000865909,0.000898765,0.000937422,0.000939103,1.355525
4/17/2007,1.3571,1.3531,1.3596,1.3523,0.002956175,-0.001917828,0.001325674,-0.000517369,1.33945,1.338425,1.342715,1.335445,0.000961086,0.000851684,0.001014962,0.000947123,1.35865
4/18/2007,1.3607,1.3571,1.3618,1.355,0.002652715,0.002956175,0.001618123,0.001996598,1.34056,1.33968,1.34385,1.33676,0.000827086,0.00093936,0.000844442,0.000982899,1.359875
4/19/2007,1.3606,1.3609,1.3621,1.3559,-7.34916E-05,0.002800088,0.000220297,0.000664207,1.341935,1.3408,1.34489,1.338005,0.001025129,0.000835371,0.000773312,0.000929558,1.3607
4/20/2007,1.359,1.3613,1.3639,1.3586,-0.001175952,0.000293923,0.001321489,0.001991297,1.343475,1.34222,1.346365,1.33953,0.001150114,0.001059256,0.001096599,0.001138064,1.35815
4/23/2007,1.3575,1.3601,1.3609,1.3541,-0.001103753,-0.00088151,-0.002199575,-0.003312233,1.344685,1.3438,1.34767,1.34097,0.000902937,0.001180234,0.000971633,0.001077866,1.360275
4/24/2007,1.3641,1.3577,1.3645,1.3548,0.004861878,-0.001764576,0.002645308,0.000516949,1.34613,1.345035,1.349055,1.342115,0.001074779,0.000922642,0.00102898,0.000854713,1.364025
4/25/2007,1.3637,1.3638,1.3667,1.3619,-0.000293234,0.004492892,0.001612312,0.005240626,1.347735,1.346455,1.35051,1.34367,0.001194929,0.001057264,0.001079674,0.001158039,1.361825
4/26/2007,1.3593,1.3641,1.3655,1.3584,-0.003226516,0.000219974,-0.000878027,-0.002569939,1.349045,1.34809,1.352005,1.345085,0.00097728,0.00121803,0.001110533,0.001055842,1.36295
4/27/2007,1.3652,1.3597,1.3683,1.3586,0.004340469,-0.00322557,0.002050531,0.000147232,1.35053,1.34943,1.35341,1.34658,0.001104288,0.00100042,0.001040853,0.001115831,1.363675
4/30/2007,1.3645,1.3633,1.3681,1.3588,-0.000512745,0.002647643,-0.000146167,0.00014721,1.351915,1.350725,1.35489,1.347865,0.001029979,0.000963997,0.001096968,0.000957616,1.362775
5/1/2007,1.3603,1.3644,1.3674,1.359,-0.003078051,0.000806866,-0.000511659,0.000147189,1.353265,1.35211,1.35634,1.34922,0.001006986,0.001030511,0.00107512,0.001009983,1.35925
5/2/2007,1.3589,1.3606,1.3614,1.3561,-0.001029185,-0.002785107,-0.004387889,-0.002133922,1.354355,1.3535,1.357495,1.350435,0.000813024,0.001037137,0.000859462,0.000907041,1.3578
5/3/2007,1.3554,1.3588,1.3623,1.3547,-0.002575613,-0.001322946,0.000661084,-0.001032372,1.35502,1.354595,1.358395,1.351415,0.000497271,0.000817178,0.000668351,0.00073153,1.357
5/4/2007,1.3589,1.3549,1.3611,1.3531,0.002582264,-0.00287018,-0.000880863,-0.001181073,1.35608,1.3552,1.35928,1.35225,0.000790307,0.00045301,0.000657782,0.000623791,1.3605
5/7/2007,1.3598,1.3603,1.3628,1.3591,0.0006623,0.003985534,0.00124899,0.004434262,1.357305,1.35634,1.360515,1.353505,0.000913128,0.000849635,0.000917492,0.000935298,1.357
5/8/2007,1.3541,1.3601,1.3623,1.3515,-0.004191793,-0.000147026,-0.000366892,-0.005591936,1.35783,1.357565,1.361345,1.354335,0.000392747,0.000913312,0.000615163,0.000621968,1.35395
5/9/2007,1.3528,1.3544,1.3567,1.3519,-0.000960047,-0.004190868,-0.004110695,0.000295967,1.35832,1.3581,1.36196,1.354895,0.000367072,0.000400534,0.00045793,0.000419521,1.351075
5/10/2007,1.3484,1.3528,1.3566,1.3465,-0.003252513,-0.001181335,-7.37083E-05,-0.003994378,1.358315,1.358585,1.36227,1.35507,-3.18779E-07,0.000363794,0.000231097,0.000134026,1.350025
5/11/2007,1.3527,1.3478,1.3533,1.3463,0.003188965,-0.003696038,-0.002432552,-0.000148533,1.358305,1.358545,1.362155,1.35498,-4.01478E-06,-2.57585E-05,-8.30661E-05,-6.32737E-05,1.353975
5/14/2007,1.354,1.3535,1.356,1.3524,0.000961041,0.004229114,0.001995123,0.004530937,1.35835,1.358435,1.362065,1.35495,3.66457E-05,-7.75388E-05,-6.44548E-05,-1.84641E-05,1.3568
5/15/2007,1.359,1.3544,1.3611,1.3527,0.003692762,0.000664943,0.003761062,0.000221828,1.358445,1.3585,1.36214,1.35497,7.34751E-05,5.15998E-05,5.73146E-05,1.84957E-05,1.35565
5/16/2007,1.352,1.3592,1.3611,1.3503,-0.005150846,0.003544005,0,-0.001774229,1.35801,1.358605,1.362105,1.354735,-0.000316703,8.09913E-05,-2.35916E-05,-0.000170046,1.35075
5/17/2007,1.3494,1.3515,1.3545,1.3476,-0.001923077,-0.005665097,-0.004849019,-0.001999556,1.35745,1.358135,1.361725,1.35432,-0.000409182,-0.000342268,-0.000277057,-0.000303234,1.349825
5/18/2007,1.3508,1.3497,1.3523,1.3465,0.001037498,-0.001331853,-0.001624216,-0.000816266,1.35704,1.357555,1.361145,1.353715,-0.00029851,-0.000423557,-0.000424343,-0.000443612,1.34885
5/21/2007,1.3467,1.352,1.3531,1.3436,-0.003035238,0.001704082,0.000591585,-0.002153732,1.3565,1.35715,1.360755,1.35319,-0.000395084,-0.000294277,-0.000284785,-0.000385687,1.345775
5/22/2007,1.3449,1.3465,1.3479,1.3438,-0.001336601,-0.004068047,-0.003843027,0.000148854,1.35554,1.35659,1.359925,1.35264,-0.000705008,-0.000409451,-0.000609201,-0.000404092,1.345675
5/23/2007,1.346,1.3449,1.3503,1.3415,0.000817905,-0.001188266,0.001780548,-0.001711564,1.354655,1.355645,1.359105,1.35162,-0.000649451,-0.000693509,-0.00060079,-0.000751701,1.3441
5/24/2007,1.3427,1.3459,1.3463,1.3415,-0.002451709,0.00074355,-0.002962305,0,1.353825,1.354735,1.358145,1.350775,-0.000610711,-0.00066733,-0.000705003,-0.000623204,1.343875
5/25/2007,1.344,1.343,1.3474,1.3411,0.000968198,-0.002154692,0.000817054,-0.000298174,1.352765,1.3539,1.3571,1.3499,-0.000779324,-0.000613786,-0.000766677,-0.000645474,1.3452
5/28/2007,1.3452,1.3447,1.3463,1.3446,0.000892857,0.001265823,-0.000816387,0.002609798,1.3518,1.35297,1.35601,1.34919,-0.000709044,-0.000682877,-0.000800188,-0.000522345,1.345875
5/29/2007,1.3444,1.3451,1.3521,1.3419,-0.000594707,0.000297464,0.004308104,-0.002008032,1.351005,1.352005,1.355245,1.348335,-0.000584877,-0.000708347,-0.0005592,-0.000630106,1.34355
5/30/2007,1.3428,1.3448,1.3459,1.3407,-0.001190122,-0.000223032,-0.00458546,-0.000894254,1.3502,1.351215,1.35447,1.347565,-0.000592924,-0.000580243,-0.000569079,-0.000568123,1.34455
5/31/2007,1.3451,1.343,1.3478,1.3423,0.001712839,-0.001338489,0.001411695,0.001193406,1.349685,1.350425,1.353745,1.346945,-0.000378501,-0.00058102,-0.000531548,-0.000456834,1.343925
6/1/2007,1.3448,1.3453,1.3464,1.3392,-0.000223032,0.001712584,-0.00103873,-0.002309469,1.34898,1.349945,1.35301,1.34625,-0.000518766,-0.000351882,-0.000539442,-0.000513254,1.346675
6/4/2007,1.3491,1.3443,1.3501,1.3432,0.003197501,-0.000743329,0.002748069,0.002986858,1.348445,1.349145,1.352375,1.345455,-0.000392006,-0.000588325,-0.000464488,-0.000585624,1.351425
6/5/2007,1.3523,1.3492,1.3555,1.3487,0.002371952,0.00364502,0.003999704,0.004094699,1.348355,1.3486,1.352035,1.345315,-6.38187E-05,-0.000398723,-0.000246158,-0.000101292,1.351275
6/6/2007,1.3503,1.3521,1.3542,1.3485,-0.001478962,0.002149422,-0.000959056,-0.000148291,1.34823,1.348485,1.35191,1.345145,-8.97644E-05,-8.17086E-05,-8.85758E-05,-0.000123505,1.3467
6/7/2007,1.3428,1.3504,1.3514,1.3422,-0.005554321,-0.001257303,-0.002067641,-0.004671858,1.34795,1.348365,1.35165,1.34493,-0.000204855,-8.5507E-05,-0.000188272,-0.000157379,1.3389
6/8/2007,1.3373,1.343,1.3433,1.332,-0.004095919,-0.005479858,-0.005993784,-0.007599464,1.34718,1.348125,1.35115,1.344215,-0.000569099,-0.000174698,-0.000366334,-0.000529925,1.3357
6/11/2007,1.3358,1.3368,1.3369,1.3333,-0.001121663,-0.00461653,-0.004764386,0.000975976,1.34627,1.34729,1.350195,1.34326,-0.000673234,-0.00061698,-0.00070431,-0.000707673,1.333275
6/12/2007,1.3301,1.3358,1.3371,1.3301,-0.004267106,-0.000748055,0.0001496,-0.00240006,1.344825,1.34636,1.348995,1.34213,-0.001071228,-0.00068763,-0.000884883,-0.000838768,1.329825
6/13/2007,1.3311,1.3302,1.3317,1.3263,0.000751823,-0.004192244,-0.004038591,-0.002856928,1.34378,1.34491,1.347525,1.34093,-0.000776094,-0.001074443,-0.001086812,-0.000892903,1.33065
6/14/2007,1.331,1.3312,1.3325,1.3279,-7.51258E-05,0.000751767,0.000600736,0.001206364,1.34286,1.343895,1.346425,1.339945,-0.000683697,-0.000753599,-0.000814324,-0.000732607,1.3348
6/15/2007,1.3387,1.331,1.339,1.3305,0.005785124,-0.00015024,0.004878049,0.001957979,1.342255,1.34296,1.34576,1.339145,-0.000446315,-0.000694519,-0.000489211,-0.000593895,1.33965
6/18/2007,1.3413,1.3378,1.3419,1.3376,0.001942183,0.005108941,0.002165795,0.00533634,1.341985,1.34225,1.3452,1.338845,-0.000197444,-0.000524276,-0.000410501,-0.000219391,1.34155
6/19/2007,1.3426,1.3415,1.3438,1.3383,0.000969209,0.002765735,0.001415903,0.000523325,1.34187,1.342,1.344995,1.33857,-8.21538E-05,-0.000182587,-0.000147554,-0.000200667,1.341625
6/20/2007,1.3404,1.3426,1.3439,1.3396,-0.001638612,0.000819978,7.44158E-05,0.000971382,1.34159,1.341885,1.344675,1.338475,-0.00020498,-8.21745E-05,-0.000232861,-6.65201E-05,1.339475
6/21/2007,1.3394,1.3404,1.3409,1.3372,-0.000746046,-0.001638612,-0.002232309,-0.00179158,1.341425,1.34161,1.344405,1.33826,-0.000119696,-0.000201283,-0.000196361,-0.000156099,1.34275
6/22/2007,1.3468,1.3388,1.3472,1.3382,0.005524862,-0.001193674,0.004698337,0.000747831,1.341565,1.3414,1.344395,1.338115,0.000108137,-0.000153232,-2.29687E-06,-0.000103799,1.346075
6/25/2007,1.3463,1.3467,1.3474,1.3439,-0.00037125,0.005900807,0.000148456,0.004259453,1.34162,1.3415,1.34445,1.33808,4.49314E-05,7.85175E-05,4.59453E-05,-2.13161E-05,1.3457
6/26/2007,1.3452,1.3464,1.348,1.3432,-0.000817054,-0.000222767,0.000445302,-0.000520872,1.34166,1.341565,1.344245,1.338145,3.3814E-05,5.2506E-05,-0.000147195,5.30419E-05,1.344525
6/27/2007,1.3451,1.3455,1.346,1.3415,-7.43384E-05,-0.000668449,-0.00148368,-0.001265634,1.341775,1.3416,1.34425,1.338185,8.96032E-05,3.02351E-05,7.89421E-06,3.44729E-05,1.345075
6/28/2007,1.3445,1.3453,1.3482,1.3423,-0.000446063,-0.000148644,0.001634473,0.000596347,1.341745,1.341715,1.34427,1.338185,-1.83419E-05,8.97274E-05,1.90331E-05,4.61994E-06,1.3491
6/29/2007,1.3541,1.3449,1.3544,1.343,0.007140201,-0.000297331,0.004598724,0.000521493,1.34221,1.341695,1.34467,1.338375,0.00034982,-1.07684E-05,0.000300906,0.000146168,1.358425
7/2/2007,1.3625,1.3543,1.364,1.3529,0.006203382,0.006989367,0.007088009,0.007371556,1.34288,1.342195,1.345365,1.33886,0.000500114,0.000375866,0.000517903,0.000365403,1.361525
7/3/2007,1.361,1.3632,1.3636,1.3583,-0.001100917,0.006571661,-0.000293255,0.003991426,1.343315,1.342895,1.34577,1.33934,0.00032647,0.000522198,0.000303255,0.000360239,1.36145
7/4/2007,1.3611,1.3609,1.3632,1.3606,7.34754E-05,-0.001687207,-0.000293341,0.001693293,1.343855,1.343335,1.34622,1.339945,0.000404092,0.000330367,0.000336541,0.000452318,1.36125
7/5/2007,1.3596,1.3613,1.3662,1.3579,-0.00110205,0.000293923,0.002200704,-0.001984419,1.344695,1.34388,1.34696,1.34073,0.000626706,0.000407928,0.000549958,0.00058669,1.360925
7/6/2007,1.3627,1.3599,1.3643,1.3568,0.002280082,-0.001028429,-0.001390719,-0.000810074,1.345965,1.344725,1.34801,1.34197,0.000945506,0.0006305,0.000780111,0.00092616,1.362725
7/9/2007,1.3627,1.3634,1.364,1.3608,0,0.002573719,-0.000219893,0.002948113,1.34731,1.346055,1.349365,1.343345,0.001001589,0.000990012,0.001007336,0.001024767,1.36785
7/10/2007,1.3745,1.3628,1.3749,1.3592,0.008659279,-0.000440076,0.007991202,-0.001175779,1.34953,1.347405,1.351255,1.3448,0.001647908,0.001005411,0.001399416,0.001085981,1.375225
7/11/2007,1.3744,1.3748,1.3786,1.3731,-7.27537E-05,0.008805401,0.002691105,0.010226604,1.351695,1.349635,1.3536,1.34714,0.001606679,0.001655293,0.001735901,0.001740157,1.377025
7/12/2007,1.3792,1.3746,1.38,1.3743,0.003492433,-0.000145476,0.001015523,0.000873935,1.354105,1.351805,1.355975,1.34946,0.001785057,0.001610431,0.00175664,0.001723536,1.378675
7/13/2007,1.3782,1.3789,1.3814,1.3762,-0.000725058,0.003128183,0.001014493,0.001382522,1.35608,1.3542,1.358095,1.351745,0.001459548,0.001774352,0.001563462,0.001694763,1.377925
7/16/2007,1.377,1.3783,1.3805,1.3759,-0.000870701,-0.000435129,-0.000651513,-0.000217992,1.357865,1.356225,1.360025,1.35366,0.001318904,0.001497149,0.001422597,0.001417047,1.37795
7/17/2007,1.3786,1.3774,1.3801,1.3757,0.001161946,-0.000652978,-0.00028975,-0.000145359,1.359665,1.35802,1.36184,1.35553,0.001328541,0.001326213,0.001337314,0.001383612,1.3793
7/18/2007,1.3803,1.3783,1.3834,1.3752,0.001233135,0.000653405,0.002391131,-0.000363451,1.36166,1.359805,1.363815,1.35731,0.001472128,0.001317885,0.00145315,0.001316871,1.380475
7/19/2007,1.3796,1.3805,1.3832,1.3786,-0.000507136,0.001596169,-0.000144571,0.002472368,1.36367,1.36181,1.36593,1.35938,0.001484074,0.001479624,0.001557537,0.001530068,1.3813
7/20/2007,1.3826,1.3801,1.3845,1.378,0.002174543,-0.00028975,0.00093985,-0.000435224,1.36546,1.363875,1.367795,1.36137,0.001316558,0.00152482,0.001369613,0.001470915,1.3822
7/23/2007,1.3809,1.3838,1.3846,1.3795,-0.001229567,0.002680965,7.22282E-05,0.001088534,1.36719,1.36573,1.369655,1.36315,0.001273642,0.001363828,0.001365801,0.001312369,1.382125
7/24/2007,1.3826,1.3808,1.3853,1.3798,0.001231081,-0.002167943,0.000505561,0.00021747,1.36906,1.36745,1.37152,1.36498,0.001376049,0.001266569,0.001368814,0.001349286,1.376875
7/25/2007,1.3722,1.3825,1.3832,1.3696,-0.00752206,0.00123117,-0.001515917,-0.007392376,1.370415,1.3693,1.37338,1.366385,0.001003663,0.00136155,0.001367202,0.001042949,1.3732
7/26/2007,1.3742,1.3723,1.3772,1.3691,0.001457513,-0.007377939,-0.004337767,-0.00036507,1.3719,1.37065,1.37483,1.367725,0.001098841,0.001000085,0.00106859,0.000994878,1.3689
7/27/2007,1.3633,1.3742,1.3754,1.3627,-0.007931888,0.001384537,-0.001307,-0.004674604,1.37236,1.372115,1.37588,1.36871,0.000345237,0.001084179,0.000773304,0.000735074,1.365625
7/30/2007,1.3692,1.3617,1.3707,1.3609,0.004327734,-0.009096201,-0.003417188,-0.001320907,1.372695,1.372485,1.376215,1.36911,0.000251455,0.0002799,0.000248044,0.00030045,1.369175
7/31/2007,1.3672,1.3696,1.3729,1.367,-0.001460707,0.005801572,0.001605019,0.004482328,1.373005,1.372805,1.37668,1.369545,0.000233465,0.000241396,0.000342958,0.000324996,1.3674
8/1/2007,1.3668,1.368,1.3711,1.3637,-0.000292569,-0.001168224,-0.001311093,-0.002414045,1.37329,1.37316,1.377075,1.3697,0.000215163,0.000267345,0.00029207,0.000119629,1.36825
8/2/2007,1.3698,1.3674,1.3707,1.3651,0.002194908,-0.000438596,-0.000291737,0.001026619,1.3738,1.373465,1.3773,1.37006,0.000380011,0.000230719,0.000167448,0.000270181,1.3745
8/3/2007,1.3773,1.3704,1.382,1.3683,0.005475252,0.002193945,0.008243963,0.002344151,1.37453,1.37399,1.378185,1.370635,0.000539769,0.000391838,0.000649182,0.000427892,1.380825
8/6/2007,1.3792,1.382,1.3841,1.378,0.001379511,0.008464682,0.001519537,0.007089089,1.375355,1.37492,1.37919,1.371495,0.000608745,0.000686386,0.000736154,0.000634941,1.377125
8/7/2007,1.3742,1.3791,1.3817,1.3735,-0.00362529,-0.002098408,-0.001733979,-0.003265602,1.37534,1.375735,1.37953,1.37221,-5.48363E-06,0.000603469,0.000249895,0.000530449,1.377075
8/8/2007,1.3795,1.3741,1.3827,1.372,0.003856789,-0.003625553,0.000723746,-0.0010921,1.375595,1.3757,1.379735,1.372155,0.000190994,-1.80786E-05,0.000151527,-3.54858E-05,1.373525
8/9/2007,1.3671,1.3796,1.3819,1.3655,-0.008988764,0.00400262,-0.000578578,-0.004737609,1.37499,1.37595,1.37983,1.371715,-0.000433066,0.000189326,7.18217E-05,-0.000316063,1.368
8/10/2007,1.3692,1.368,1.3707,1.3641,0.001536098,-0.008408234,-0.008104783,-0.001025265,1.37454,1.375405,1.379295,1.37111,-0.000320009,-0.000387495,-0.000384142,-0.000436452,1.36525
8/13/2007,1.3609,1.3687,1.371,1.3604,-0.006061934,0.000511696,0.000218866,-0.002712411,1.373735,1.374925,1.37882,1.370335,-0.00057957,-0.000340153,-0.000340623,-0.000561173,1.357625
8/14/2007,1.3535,1.361,1.3629,1.3531,-0.005437578,-0.005625776,-0.005908096,-0.005366069,1.37248,1.374105,1.37796,1.369205,-0.000909546,-0.000588793,-0.00062154,-0.000822209,1.348125
8/15/2007,1.3425,1.3535,1.354,1.3425,-0.008127078,-0.005510654,-0.006530193,-0.007833863,1.37059,1.372865,1.37649,1.36757,-0.001377557,-0.000896996,-0.001067607,-0.001195729,1.34165
8/16/2007,1.3423,1.3434,1.3449,1.336,-0.000148976,-0.007462135,-0.006720827,-0.004841713,1.368725,1.37101,1.374575,1.36544,-0.001359649,-0.001349911,-0.001396419,-0.001561433,1.3454
8/17/2007,1.3474,1.3424,1.3547,1.3371,0.003799449,-0.00074438,0.007286787,0.000823353,1.366965,1.369125,1.373085,1.363395,-0.001278404,-0.001372643,-0.001079073,-0.001498505,1.348075
8/20/2007,1.3472,1.3482,1.3509,1.346,-0.000148434,0.00432062,-0.002805049,0.006656196,1.36528,1.367345,1.3714,1.36172,-0.001224347,-0.00129066,-0.001222936,-0.001220122,1.34785
8/21/2007,1.346,1.3475,1.3522,1.3457,-0.000890736,-0.000519211,0.000962321,-0.000222883,1.36345,1.36568,1.369745,1.360015,-0.001330438,-0.001208224,-0.001200098,-0.001242139,1.3504
8/22/2007,1.3549,1.3464,1.3552,1.3451,0.006612184,-0.000816327,0.002218607,-0.000445865,1.362585,1.363875,1.368345,1.35879,-0.000623726,-0.001310598,-0.001013372,-0.000894814,1.356
8/23/2007,1.3568,1.3547,1.359,1.3535,0.001402318,0.006164587,0.002804014,0.006244889,1.361715,1.362995,1.367435,1.35801,-0.000626486,-0.000633472,-0.000656283,-0.000564316,1.362
8/24/2007,1.3679,1.3565,1.3682,1.3554,0.008181014,0.001328707,0.006769684,0.001403768,1.361945,1.36211,1.367075,1.357645,0.00017916,-0.000636264,-0.000252449,-0.000260397,1.365925
8/27/2007,1.3643,1.3674,1.3686,1.3634,-0.002631771,0.008035385,0.000292355,0.005902317,1.3617,1.362395,1.36697,1.35777,-0.000168816,0.000220316,-6.69718E-05,0.000100764,1.363225
8/28/2007,1.3603,1.3645,1.3681,1.36,-0.002931906,-0.002120813,-0.000365337,-0.002493766,1.361355,1.36214,1.36673,1.35742,-0.000242376,-0.000175804,-0.00016549,-0.000248041,1.3631
8/29/2007,1.3676,1.3604,1.3681,1.3563,0.005366463,-0.003004764,0,-0.002720588,1.361395,1.36176,1.36658,1.35705,4.05759E-05,-0.00026763,-9.99349E-05,-0.000263368,1.36465
8/30/2007,1.3636,1.3678,1.368,1.3592,-0.002924832,0.005439577,-7.30941E-05,0.00213817,1.361085,1.36178,1.366445,1.356755,-0.000215411,2.62782E-05,-8.90028E-05,-0.00020779,1.365025
8/31/2007,1.3628,1.3632,1.3721,1.362,-0.000586682,-0.003363065,0.002997076,0.002060035,1.36036,1.36142,1.36595,1.35644,-0.000518508,-0.000251572,-0.000351347,-0.000221996,1.362775
9/3/2007,1.362,1.3631,1.3656,1.3604,-0.000587027,-7.33568E-05,-0.004737264,-0.001174743,1.3595,1.360475,1.365025,1.35556,-0.000616835,-0.000678474,-0.000664187,-0.000635187,1.360175
9/4/2007,1.3605,1.3623,1.3628,1.3551,-0.001101322,-0.000586898,-0.002050381,-0.003895913,1.358815,1.359635,1.36408,1.35464,-0.000490636,-0.000602899,-0.000680007,-0.000666703,1.36235
9/5/2007,1.3648,1.3605,1.3672,1.3569,0.003160603,-0.001321295,0.003228647,0.001328315,1.35808,1.358955,1.363305,1.353885,-0.000525446,-0.000487686,-0.000554762,-0.000545682,1.3671
9/6/2007,1.3688,1.3649,1.3712,1.3635,0.002930832,0.003234105,0.002925688,0.004864028,1.358165,1.35822,1.36277,1.353785,7.05342E-05,-0.000526112,-0.000379549,-6.56003E-05,1.37305
9/7/2007,1.3766,1.3693,1.38,1.3663,0.005698422,0.003223679,0.006417736,0.002053539,1.358535,1.358285,1.363235,1.353895,0.00027865,5.54841E-05,0.000346577,8.83399E-05,1.378975
9/10/2007,1.3797,1.3778,1.3817,1.3767,0.002251925,0.006207551,0.001231884,0.007611798,1.359475,1.35874,1.36377,1.35471,0.000694343,0.000340277,0.000397228,0.00060455,1.381725
9/11/2007,1.3836,1.3806,1.3849,1.3778,0.002826701,0.002032225,0.002315988,0.000799012,1.36098,1.35972,1.36487,1.355945,0.001107557,0.000723177,0.000808432,0.000912804,1.386975
9/12/2007,1.3902,1.3837,1.3916,1.3824,0.004770165,0.002245401,0.004837894,0.003338656,1.363365,1.36123,1.36675,1.35794,0.001752419,0.00111098,0.001376836,0.00147143,1.389075
9/13/2007,1.3867,1.3905,1.3929,1.3862,-0.002517623,0.00491436,0.000934176,0.002748843,1.365585,1.363585,1.36915,1.36045,0.001633987,0.001729804,0.001759587,0.001850958,1.38725
9/14/2007,1.3873,1.3876,1.3897,1.3844,0.000432682,-0.002085581,-0.002297365,-0.001298514,1.36758,1.365845,1.3709,1.362815,0.001465649,0.001662744,0.001280379,0.001744865,1.38675
9/17/2007,1.3865,1.3868,1.3889,1.3848,-0.00057666,-0.000576535,-0.000575664,0.000288934,1.369545,1.367775,1.3728,1.364755,0.001444237,0.001417887,0.001391848,0.001426502,1.391575
9/18/2007,1.398,1.3866,1.399,1.3827,0.008294266,-0.000144217,0.007271942,-0.001516464,1.372145,1.36973,1.37514,1.366605,0.001903488,0.001436636,0.001707329,0.001361823,1.396775
9/19/2007,1.3966,1.3981,1.3989,1.3935,-0.001001431,0.008293668,-7.14796E-05,0.007810805,1.37423,1.372315,1.377325,1.369025,0.001522807,0.001892136,0.001592825,0.001774656,1.402425
9/20/2007,1.4072,1.3964,1.41,1.3961,0.007589861,-0.001215936,0.007934806,0.001865806,1.37675,1.3744,1.379875,1.371155,0.001832184,0.00152311,0.001849365,0.001555702,1.407925
9/21/2007,1.4089,1.4065,1.4121,1.4042,0.001208073,0.007232885,0.001489362,0.005801877,1.3788,1.3769,1.38207,1.373595,0.001483537,0.001818319,0.001585348,0.001775607,1.4093
9/24/2007,1.4083,1.4091,1.4131,1.4067,-0.000425864,0.00184856,0.000708165,0.001780373,1.381,1.378985,1.384295,1.37576,0.001593832,0.001508978,0.001606139,0.00156951,1.411125
9/25/2007,1.4145,1.4086,1.4154,1.406,0.004402471,-0.000354836,0.001627627,-0.000497619,1.38371,1.38119,1.38666,1.37806,0.001960551,0.001597276,0.001705787,0.001669317,1.413675
9/26/2007,1.4129,1.4143,1.4164,1.4111,-0.001131142,0.004046571,0.000706514,0.003627312,1.385975,1.383885,1.389075,1.3808,0.001635671,0.001949843,0.001741113,0.001986712,1.41485
9/27/2007,1.4149,1.413,1.4191,1.4124,0.001415528,-0.000919183,0.001906241,0.000921267,1.38854,1.386145,1.39163,1.38346,0.001852689,0.001631905,0.00184008,0.001925867,1.4212
9/28/2007,1.4271,1.4152,1.428,1.4145,0.008622517,0.001556971,0.006271581,0.001486831,1.391755,1.388745,1.394425,1.386085,0.002313149,0.001877907,0.002003805,0.001897207,1.425
10/1/2007,1.4231,1.4276,1.4283,1.421,-0.002802887,0.008762012,0.000210084,0.004595263,1.39481,1.39197,1.39756,1.389115,0.002202356,0.002319675,0.002251172,0.002185707,1.419
10/2/2007,1.4151,1.4232,1.4238,1.4139,-0.00562153,-0.003082096,-0.003150599,-0.004996481,1.39754,1.395015,1.40061,1.392055,0.001976346,0.002194916,0.002196161,0.002130679,1.413
10/3/2007,1.4083,1.4153,1.4202,1.4082,-0.004805314,-0.005550871,-0.002528445,-0.004031403,1.399715,1.397755,1.40326,1.39462,0.00157805,0.001983437,0.001908307,0.001862693,1.411025
10/4/2007,1.4133,1.409,1.4151,1.4067,0.00355038,-0.004451353,-0.003591044,-0.00106519,1.40194,1.39996,1.405455,1.39678,0.001609027,0.001599164,0.00158247,0.001566232,1.4115
10/5/2007,1.4135,1.4135,1.4158,1.4032,0.000141513,0.003193754,0.000494665,-0.002488093,1.403785,1.40217,1.407245,1.398625,0.001331182,0.001597668,0.001286317,0.001339151,1.409775
10/8/2007,1.4057,1.4144,1.4154,1.4036,-0.005518217,0.000636717,-0.000282526,0.000285063,1.405085,1.404,1.40893,1.39997,0.000942674,0.001319126,0.001210596,0.000972814,1.407225
10/9/2007,1.4106,1.4053,1.4115,1.4015,0.003485808,-0.006433824,-0.002755405,-0.001496153,1.406435,1.405235,1.41026,1.401155,0.00097563,0.000895823,0.000957027,0.000858056,1.4129
10/10/2007,1.4145,1.4105,1.4173,1.4093,0.002764781,0.003700278,0.004109104,0.005565466,1.40765,1.406575,1.411545,1.4025,0.000875361,0.000968567,0.000920587,0.000969396,1.417875
10/11/2007,1.4193,1.4144,1.4243,1.4135,0.003393425,0.002764977,0.004938968,0.002980203,1.40928,1.40777,1.413115,1.403865,0.001170913,0.000861098,0.001120827,0.000980964,1.41865
10/12/2007,1.4178,1.4199,1.4215,1.4154,-0.001056859,0.003888575,-0.001965878,0.001344181,1.410805,1.409385,1.414705,1.405415,0.001096436,0.001159806,0.001137401,0.001113099,1.4199
10/15/2007,1.421,1.418,1.4245,1.4161,0.002257018,-0.001338122,0.002110447,0.00049456,1.41253,1.410945,1.416485,1.40698,0.00123812,0.001121727,0.001271706,0.00112338,1.41855
10/16/2007,1.4161,1.421,1.4228,1.4143,-0.003448276,0.002115656,-0.001193401,-0.001271097,1.413435,1.412665,1.417675,1.40856,0.000650993,0.00123472,0.000848439,0.001135649,1.41905
10/17/2007,1.4202,1.4171,1.4231,1.4158,0.002895276,-0.002744546,0.000210852,0.001060595,1.414615,1.413615,1.418885,1.409675,0.000845828,0.000682809,0.000862556,0.000798138,1.4252
10/18/2007,1.4292,1.4209,1.4311,1.4196,0.006337136,0.002681533,0.00562153,0.002683995,1.415715,1.41484,1.41994,1.41085,0.000783192,0.000877683,0.000746892,0.000839048,1.429
10/19/2007,1.4304,1.4291,1.432,1.4245,0.000839631,0.00577099,0.000628887,0.003451677,1.41679,1.41597,1.420935,1.411865,0.00076477,0.000804588,0.000703868,0.000721538,1.424525
10/22/2007,1.4177,1.4329,1.435,1.4125,-0.008878635,0.002659016,0.002094972,-0.008424008,1.41726,1.41716,1.42203,1.412155,0.000342131,0.000845111,0.000773209,0.000211318,1.422325
10/23/2007,1.426,1.4181,1.4281,1.4171,0.005854553,-0.010328704,-0.004808362,0.003256637,1.417835,1.417635,1.422665,1.41271,0.000414735,0.000346418,0.000451409,0.000399031,1.4246
10/24/2007,1.4265,1.4261,1.427,1.4188,0.000350631,0.005641351,-0.000770254,0.001199633,1.418515,1.418225,1.423195,1.413095,0.000488824,0.000426157,0.000377571,0.000277647,1.429475
10/25/2007,1.4321,1.4266,1.4345,1.4247,0.003925692,0.000350607,0.005255781,0.004158444,1.419375,1.418905,1.423965,1.41371,0.000614332,0.000489646,0.000545048,0.000439506,1.435975
10/26/2007,1.4396,1.4327,1.4398,1.4318,0.005237064,0.004275901,0.003694667,0.004983505,1.42,1.41978,1.424555,1.414575,0.000445059,0.000625593,0.000416202,0.00061434,1.44135
10/29/2007,1.4423,1.4415,1.4439,1.4377,0.001875521,0.006142249,0.002847618,0.004120687,1.42096,1.420475,1.425335,1.41541,0.00067898,0.000494604,0.000548079,0.000590611,1.441975
10/30/2007,1.4438,1.4425,1.4442,1.4374,0.001040006,0.000693722,0.000207771,-0.000208667,1.422395,1.42144,1.426355,1.416585,0.001012057,0.000683395,0.000715997,0.000830002,1.446025
10/31/2007,1.448,1.4436,1.4506,1.4419,0.00290899,0.000762565,0.004431519,0.003130653,1.42438,1.422855,1.427875,1.41827,0.001397772,0.000999067,0.001063996,0.001188105,1.444775
11/1/2007,1.4418,1.4484,1.4486,1.4403,-0.004281768,0.003325021,-0.00137874,-0.001109647,1.425805,1.424825,1.42955,1.41995,0.001006164,0.001387886,0.001174611,0.001185882,1.446925
11/2/2007,1.4507,1.4424,1.4529,1.4417,0.00617284,-0.004142502,0.002968383,0.00097202,1.427665,1.42627,1.431405,1.421875,0.001307731,0.001021073,0.001298297,0.001358887,1.448675
11/5/2007,1.4462,1.4516,1.4525,1.4444,-0.003101951,0.006378258,-0.000275311,0.001872789,1.42969,1.42813,1.43326,1.423915,0.001428544,0.00130815,0.001298657,0.001438274,1.45145
11/6/2007,1.4554,1.4469,1.4572,1.4463,0.006361499,-0.003237807,0.0032358,0.001315425,1.43193,1.43021,1.435545,1.426155,0.001572329,0.001467951,0.001598218,0.001578853,1.462125
11/7/2007,1.4643,1.4556,1.4732,1.4554,0.006115157,0.006012855,0.010979962,0.006291917,1.43442,1.432465,1.43834,1.42846,0.001739847,0.00158358,0.001941761,0.001615175,1.46575
11/8/2007,1.4672,1.4638,1.4705,1.4615,0.001980468,0.005633416,-0.001832745,0.004191288,1.436815,1.434935,1.44065,1.43086,0.0016692,0.001727002,0.001603175,0.001675729,1.468375
11/9/2007,1.4674,1.4676,1.4754,1.4631,0.000136314,0.002595983,0.0033322,0.001094766,1.439295,1.43732,1.443345,1.433245,0.001728858,0.001662372,0.001868079,0.001663259,1.460225
11/12/2007,1.4533,1.4672,1.4678,1.4526,-0.009608832,-0.000272554,-0.005151145,-0.007176543,1.44091,1.43978,1.44551,1.43507,0.001135566,0.00171565,0.001504999,0.001279703,1.4573
11/13/2007,1.4601,1.4536,1.4635,1.452,0.004679006,-0.009269357,-0.002929554,-0.000413052,1.44311,1.44141,1.447545,1.436955,0.00154193,0.0011464,0.001418191,0.001322606,1.4646
11/14/2007,1.4656,1.4604,1.4726,1.4598,0.003766865,0.004678041,0.006217971,0.005371901,1.44538,1.443575,1.45002,1.439155,0.001585509,0.001517529,0.001718547,0.001538171,1.4643
11/15/2007,1.4617,1.4644,1.4706,1.4605,-0.002661026,0.002738976,-0.001358142,0.000479518,1.447005,1.44575,1.451995,1.4412,0.001135601,0.001520401,0.001369564,0.001427947,1.46315
11/16/2007,1.4657,1.4615,1.4673,1.4581,0.00273654,-0.001980333,-0.002243982,-0.001643273,1.44877,1.44737,1.45376,1.44288,0.001230447,0.001132835,0.00122592,0.0011732,1.466025
11/19/2007,1.4662,1.4671,1.4689,1.4619,0.000341134,0.00383168,0.001090438,0.002606131,1.451195,1.44908,1.455455,1.44535,0.001691435,0.001191468,0.001175694,0.001724707,1.47375
11/20/2007,1.4821,1.4665,1.4829,1.4635,0.01084436,-0.00040897,0.009530942,0.001094466,1.454,1.4515,1.458195,1.44767,0.001940926,0.001687455,0.001892659,0.001616598,1.4832
11/21/2007,1.4855,1.4827,1.4872,1.4774,0.002294042,0.01104671,0.002899724,0.009497779,1.45695,1.45433,1.461205,1.4506,0.002038096,0.001957723,0.002076158,0.002031505,1.48525
11/22/2007,1.4853,1.4861,1.4875,1.4821,-0.000134635,0.002293114,0.000201721,0.003181264,1.45961,1.457305,1.463855,1.45347,0.00183508,0.002054848,0.001823455,0.001982646,1.485925
11/23/2007,1.4835,1.4851,1.4968,1.4783,-0.001211876,-0.000672902,0.006252101,-0.00256393,1.461805,1.459925,1.466705,1.455795,0.001512633,0.001807408,0.001951326,0.001605275,1.4849
11/26/2007,1.4879,1.4825,1.4888,1.4804,0.002965959,-0.001750724,-0.005344735,0.001420551,1.464085,1.461975,1.46895,1.45793,0.001567155,0.00141276,0.001541709,0.001470268,1.485575
11/27/2007,1.4829,1.4876,1.4909,1.4809,-0.003360441,0.003440135,0.001410532,0.000337747,1.46604,1.46423,1.471285,1.460105,0.001347132,0.00155008,0.001601847,0.001497588,1.4806
11/28/2007,1.4829,1.4827,1.4859,1.4709,0,-0.003293896,-0.003353679,-0.00675265,1.467785,1.466185,1.47305,1.461555,0.001201683,0.001347257,0.001212587,0.001003423,1.478525
11/29/2007,1.4739,1.4836,1.4846,1.472,-0.006069189,0.000607001,-0.000874891,0.000747841,1.46939,1.467945,1.47485,1.46314,0.001112312,0.001211356,0.001237779,0.001096298,1.469675
11/30/2007,1.4631,1.4742,1.4785,1.4629,-0.007327498,-0.00633594,-0.004108851,-0.006182065,1.47001,1.469535,1.47613,1.4642,0.000437295,0.001101684,0.000883918,0.000738593,1.465825
12/3/2007,1.4665,1.4638,1.471,1.462,0.002323833,-0.007054674,-0.005072709,-0.000615216,1.471025,1.470145,1.477055,1.46508,0.000708584,0.000430038,0.000644048,0.000614193,1.470925
12/4/2007,1.4765,1.4668,1.4769,1.4635,0.006818957,0.00204946,0.004010877,0.001025992,1.47208,1.47114,1.47804,1.46594,0.000731457,0.000694401,0.000682802,0.000599722,1.4682
12/5/2007,1.4603,1.4762,1.4772,1.4591,-0.010971893,0.006408508,0.000203128,-0.003006491,1.47188,1.47217,1.47824,1.466125,-0.000122896,0.000714184,0.00014396,0.000134801,1.46055
12/6/2007,1.4631,1.461,1.4653,1.4528,0.001917414,-0.010296708,-0.008055781,-0.00431773,1.471675,1.47203,1.47798,1.46569,-0.000126048,-8.23225E-05,-0.000167192,-0.00029065,1.4639
12/7/2007,1.4655,1.4629,1.4674,1.4598,0.001640353,0.001300479,0.001433154,0.004818282,1.47158,1.471795,1.47758,1.465525,-5.08464E-05,-0.000147098,-0.000262144,-0.000104474,1.46865
12/10/2007,1.4712,1.4657,1.4737,1.464,0.003889458,0.001914006,0.004293308,0.002877106,1.472475,1.47172,1.477875,1.466095,0.000624068,-3.77697E-05,0.000210079,0.000398209,1.4689
12/11/2007,1.465,1.4715,1.4751,1.464,-0.004214247,0.003957154,0.00094999,0,1.47272,1.472615,1.478455,1.466695,0.000179405,0.000623556,0.000404056,0.000418861,1.46905
12/12/2007,1.4706,1.4655,1.475,1.4651,0.003822526,-0.004077472,-6.7792E-05,0.000751366,1.47297,1.47287,1.478575,1.46696,0.000182188,0.00018578,8.97676E-05,0.000187834,1.466225
12/13/2007,1.4627,1.4707,1.4738,1.4577,-0.005371957,0.003548277,-0.000813559,-0.00505085,1.47302,1.473185,1.478735,1.46682,4.66419E-05,0.000226245,0.000116997,-8.8684E-05,1.452875
12/14/2007,1.4417,1.4627,1.466,1.4411,-0.014357011,-0.005439587,-0.005292441,-0.011387803,1.47182,1.473245,1.47867,1.46597,-0.000808036,5.32826E-05,-3.54262E-05,-0.00057591,1.43935
12/17/2007,1.4399,1.439,1.4454,1.4331,-0.001248526,-0.016202912,-0.014051842,-0.005551315,1.470505,1.47184,1.477495,1.46453,-0.000887519,-0.000948447,-0.00079254,-0.000983783,1.440175
12/18/2007,1.4408,1.4395,1.4437,1.4367,0.000625043,0.000347464,-0.001176145,0.002512037,1.46844,1.47049,1.475535,1.46319,-0.001398484,-0.000910625,-0.001327895,-0.000912904,1.43845
12/19/2007,1.4377,1.441,1.4425,1.4326,-0.002151582,0.001042028,-0.000831198,-0.002853762,1.46605,1.468405,1.4733,1.46095,-0.001620766,-0.001410859,-0.001514441,-0.001530481,1.4349
12/20/2007,1.4319,1.4375,1.4393,1.4309,-0.004034221,-0.002428869,-0.002218371,-0.001186654,1.46338,1.465975,1.47089,1.45839,-0.001815745,-0.001646959,-0.001635445,-0.001748877,1.43545
12/21/2007,1.4365,1.4325,1.4412,1.4316,0.003212515,-0.003478261,0.001320086,0.000489203,1.46103,1.463345,1.46811,1.456055,-0.001594525,-0.001787226,-0.001882046,-0.001596221,1.438875
12/24/2007,1.4398,1.4377,1.4415,1.4365,0.00229725,0.003630017,0.00020816,0.003422744,1.458625,1.461105,1.465745,1.45386,-0.001627961,-0.001518189,-0.001604401,-0.001496111,1.440125
12/25/2007,1.4404,1.4398,1.4414,1.4389,0.000416725,0.001460666,-6.93722E-05,0.001670727,1.4565,1.458715,1.46327,1.45176,-0.001439103,-0.001617163,-0.001678396,-0.001429462,1.44485
12/26/2007,1.4492,1.4404,1.4507,1.4391,0.006109414,0.000416725,0.00645206,0.000138995,1.454815,1.4566,1.46151,1.45017,-0.001133632,-0.001431632,-0.001188109,-0.00108488,1.455275
12/27/2007,1.4612,1.449,1.464,1.4469,0.008280431,0.005970564,0.009167988,0.005420054,1.45418,1.45487,1.46048,1.448915,-0.000416151,-0.001163454,-0.000685966,-0.000851269,1.466325
12/28/2007,1.4715,1.4617,1.4729,1.4592,0.007049001,0.008764665,0.006079235,0.008500933,1.4546,1.454245,1.4602,1.44873,0.000302674,-0.000408423,-0.000176561,-0.000117119,1.465725
12/31/2007,1.4589,1.4722,1.4749,1.4569,-0.008562691,0.007183417,0.001357865,-0.001576206,1.45422,1.454665,1.460395,1.448475,-0.000241652,0.000303481,0.000144967,-0.000165169,1.459125
1/1/2008,1.4587,1.4592,1.4609,1.4577,-0.00013709,-0.008830322,-0.009492169,0.000549111,1.45333,1.454285,1.459595,1.448185,-0.000589454,-0.000240508,-0.000530185,-0.000189013,1.46645
1/2/2008,1.4725,1.4593,1.4751,1.4589,0.009460479,6.85307E-05,0.009720036,0.000823215,1.45394,1.45344,1.45949,1.448175,0.000432164,-0.000557507,-5.43394E-05,2.47269E-06,1.47355
1/3/2008,1.4746,1.4727,1.4782,1.4687,0.001426146,0.009182485,0.002101552,0.00671739,1.454515,1.454025,1.460135,1.44897,0.000407601,0.000416453,0.000453527,0.000554229,1.475325
1/4/2008,1.4743,1.475,1.4825,1.4695,-0.000203445,0.001561757,0.002908943,0.000544699,1.454955,1.45463,1.46089,1.449455,0.000315411,0.000429517,0.000527317,0.00034055,1.4714
1/7/2008,1.4688,1.4751,1.4758,1.4659,-0.003730584,6.77966E-05,-0.004519393,-0.002449813,1.454835,1.4551,1.460995,1.44955,-6.55913E-05,0.000337206,8.66817E-05,7.42036E-05,1.47065
1/8/2008,1.4706,1.4695,1.4745,1.468,0.00122549,-0.003796353,-0.000880878,0.001432567,1.455115,1.455,1.460965,1.44975,0.000206396,-5.04692E-05,-4.8617E-06,0.000145832,1.46875
1/9/2008,1.466,1.4707,1.4744,1.4639,-0.003127975,0.000816604,-6.78196E-05,-0.002792916,1.454885,1.45526,1.460935,1.44969,-0.000141129,0.000194235,-4.86308E-06,-3.13821E-05,1.473075
1/10/2008,1.4805,1.4663,1.4815,1.464,0.009890859,-0.002991773,0.004815518,6.83107E-05,1.455775,1.45504,1.46132,1.450005,0.000622011,-0.000132768,0.000276591,0.000224576,1.479
1/11/2008,1.4775,1.4804,1.482,1.4761,-0.002026342,0.00961604,0.000337496,0.008265027,1.457565,1.455925,1.46212,1.451755,0.001238545,0.000620014,0.000558088,0.001207217,1.4836
1/14/2008,1.4866,1.4783,1.4915,1.478,0.006159052,-0.001418536,0.006410256,0.001287176,1.4599,1.45789,1.464425,1.454,0.001608924,0.001359232,0.001581193,0.001549142,1.485
1/15/2008,1.4807,1.487,1.4923,1.48,-0.003968788,0.005885138,0.000536373,0.00135318,1.461895,1.460265,1.466855,1.456165,0.001379232,0.001636116,0.001666818,0.001491199,1.47315
1/16/2008,1.4657,1.4814,1.486,1.4595,-0.010130344,-0.003765972,-0.004221671,-0.013851351,1.463295,1.462285,1.46903,1.45751,0.000980294,0.001395716,0.001497295,0.00094132,1.465375
1/17/2008,1.4658,1.4654,1.4715,1.4588,6.82268E-05,-0.010800594,-0.009757739,-0.000479616,1.46499,1.46368,1.47064,1.458905,0.001185416,0.00097713,0.001120326,0.000976671,1.464025
1/18/2008,1.4609,1.4652,1.4696,1.4604,-0.003342884,-0.000136482,-0.001291199,0.001096792,1.46621,1.465315,1.47206,1.460345,0.000857647,0.001144219,0.000989762,0.001007051,1.45195
1/21/2008,1.4445,1.4604,1.4607,1.4422,-0.011225957,-0.003276003,-0.00605607,-0.012462339,1.466445,1.46645,1.47302,1.46063,0.000181486,0.000798918,0.000676551,0.000212797,1.452
1/22/2008,1.4626,1.4445,1.4644,1.4365,0.012530287,-0.010887428,0.002533032,-0.003952295,1.467555,1.466685,1.47417,1.46051,0.000787164,0.000181513,0.000806671,-6.83543E-05,1.461475
1/23/2008,1.4638,1.4624,1.4686,1.4511,0.000820457,0.012391831,0.002868069,0.010163592,1.468285,1.467785,1.475065,1.46111,0.000522716,0.000780268,0.000627471,0.000432876,1.469225
1/24/2008,1.4766,1.4632,1.478,1.4591,0.008744364,0.000547046,0.006400654,0.005513059,1.469055,1.468495,1.475765,1.46172,0.000545913,0.000509092,0.000489105,0.000437526,1.47185
1/25/2008,1.467,1.4766,1.4778,1.466,-0.006501422,0.00915801,-0.000135318,0.004728942,1.46883,1.46924,1.47601,1.46206,-0.000131608,0.00052876,0.000178377,0.000248926,1.4732
1/28/2008,1.4785,1.4683,1.4799,1.4661,0.007839127,-0.005621021,0.001421031,6.82128E-05,1.46981,1.469045,1.47626,1.46252,0.000688483,-0.000111462,0.000181535,0.000331147,1.47735
1/29/2008,1.4775,1.4784,1.4798,1.4737,-0.000676361,0.006878703,-6.75721E-05,0.005183821,1.47075,1.470005,1.477205,1.46332,0.000661519,0.000673989,0.000652765,0.000562883,1.482925
1/30/2008,1.4879,1.4776,1.4907,1.4755,0.007038917,-0.000541126,0.00736586,0.001221415,1.47152,1.47092,1.477985,1.46415,0.000540441,0.000643506,0.000535056,0.000582793,1.486375
1/31/2008,1.4865,1.4872,1.4916,1.4802,-0.000940923,0.006497022,0.000603743,0.003185361,1.472115,1.471645,1.478655,1.464725,0.000422088,0.000509233,0.000460166,0.000406191,1.48505
2/1/2008,1.4798,1.4863,1.4954,1.4787,-0.004507232,-0.000605164,0.0025476,-0.001013377,1.47239,1.47221,1.4793,1.465185,0.000206898,0.000400887,0.000442099,0.000328287,1.4819
2/4/2008,1.4825,1.4808,1.485,1.4793,0.001824571,-0.003700464,-0.006954661,0.000405762,1.473075,1.472495,1.47976,1.465855,0.000484656,0.000212474,0.000320335,0.000471066,1.473075
2/5/2008,1.4637,1.4829,1.4836,1.4621,-0.012681282,0.001418152,-0.000942761,-0.011627121,1.47273,1.473165,1.480215,1.46556,-0.000210682,0.000473199,0.000317241,-0.000181918,1.463125
2/6/2008,1.4621,1.464,1.4673,1.4591,-0.00109312,-0.012745296,-0.010986789,-0.002051843,1.472535,1.47283,1.47986,1.46532,-0.00010894,-0.000204896,-0.000228707,-0.000144865,1.455175
2/7/2008,1.4483,1.4629,1.4655,1.444,-0.009438479,-0.000751366,-0.001226743,-0.010348845,1.470925,1.47266,1.47906,1.46432,-0.001075407,-9.28754E-05,-0.00053082,-0.000665722,1.449625
2/8/2008,1.4509,1.4478,1.4548,1.445,0.001795208,-0.010321963,-0.007301262,0.000692521,1.469595,1.47103,1.4777,1.462765,-0.000884329,-0.001089776,-0.000912758,-0.001044348,1.452575
2/11/2008,1.4524,1.452,1.4578,1.4481,0.001033841,0.002900953,0.002062139,0.002145329,1.467885,1.469715,1.476015,1.46127,-0.00114059,-0.000873801,-0.001130164,-0.00100144,1.455325
2/12/2008,1.4582,1.4521,1.4615,1.4495,0.00399339,6.88705E-05,0.002538071,0.000966784,1.46676,1.46797,1.474475,1.459745,-0.000742481,-0.001164615,-0.001030079,-0.00102076,1.45705
2/13/2008,1.4569,1.4581,1.46,1.4532,-0.00089151,0.004131947,-0.001026343,0.002552604,1.46632,1.466805,1.473175,1.45943,-0.000280539,-0.000769719,-0.000870313,-0.000200562,1.46015
2/14/2008,1.4637,1.4571,1.4649,1.4549,0.004667445,-0.000685824,0.003356164,0.001169832,1.466215,1.46639,1.472845,1.459235,-5.05781E-05,-0.00026398,-0.000214618,-0.00011809,1.46645
2/15/2008,1.4678,1.4638,1.471,1.4632,0.00280112,0.004598174,0.004164107,0.005704859,1.46656,1.46632,1.472915,1.459375,0.000256622,-2.72473E-05,5.81476E-05,0.000112314,1.4659
2/18/2008,1.4657,1.4678,1.4691,1.461,-0.001430713,0.002732614,-0.001291638,-0.001503554,1.46762,1.46669,1.473335,1.460315,0.000746384,0.000273184,0.000296369,0.000660253,1.469525
2/19/2008,1.4725,1.4657,1.4758,1.4641,0.004639421,-0.001430713,0.004560615,0.002121834,1.468115,1.46775,1.473905,1.461695,0.000351841,0.000746019,0.000397748,0.000963959,1.46965
2/20/2008,1.4712,1.4727,1.4733,1.4614,-0.000882852,0.004775875,-0.001693996,-0.001844136,1.468485,1.468265,1.47414,1.46221,0.000266676,0.000365221,0.000169645,0.000363573,1.4766
2/21/2008,1.4812,1.4711,1.4838,1.4703,0.006797172,-0.00108644,0.007126858,0.006090051,1.468715,1.46866,1.47443,1.46277,0.000169316,0.000283547,0.000205955,0.000392423,1.482425
2/22/2008,1.483,1.4815,1.4864,1.4788,0.001215231,0.00706954,0.001752258,0.005781133,1.469515,1.468905,1.47486,1.46341,0.000555149,0.000179124,0.000300334,0.000445032,1.482625
2/25/2008,1.4827,1.4839,1.4845,1.4794,-0.000202293,0.00161998,-0.001278256,0.000405734,1.469725,1.469685,1.47509,1.464075,0.000153078,0.000541174,0.00016537,0.000461908,1.48905
2/26/2008,1.4973,1.4828,1.4983,1.4778,0.009846901,-0.00074129,0.009296059,-0.00108152,1.470715,1.469905,1.476015,1.46428,0.000679241,0.000160174,0.000633551,0.000148641,1.50515
2/27/2008,1.5121,1.4972,1.5145,1.4968,0.009884459,0.009711357,0.010812254,0.01285695,1.471925,1.470885,1.477205,1.465345,0.000821518,0.000672798,0.000805871,0.000730418,1.516375
2/28/2008,1.5221,1.5129,1.5231,1.5074,0.006613319,0.010486241,0.005678442,0.007081774,1.473705,1.47217,1.47878,1.466705,0.00119923,0.000872259,0.001059606,0.000925239,1.5193
2/29/2008,1.5179,1.521,1.524,1.5143,-0.002759346,0.005353956,0.0005909,0.004577418,1.47561,1.473905,1.48021,1.468485,0.001286624,0.001170215,0.000961771,0.001204778,1.520825
3/3/2008,1.5208,1.5192,1.5276,1.5157,0.001910534,-0.001183432,0.002362205,0.00092452,1.477525,1.475825,1.48234,1.470305,0.001290922,0.001296067,0.001427614,0.001230716,1.52095
3/4/2008,1.5208,1.5208,1.5249,1.5173,0,0.001053186,-0.001767478,0.001055618,1.48038,1.47772,1.484405,1.473065,0.001924986,0.001277818,0.001386378,0.001864853,1.5233
3/5/2008,1.527,1.5214,1.5303,1.5145,0.004076802,0.000394529,0.003541216,-0.001845383,1.483625,1.48059,1.487555,1.475835,0.002183483,0.00193481,0.002112779,0.001875176,1.53265
3/6/2008,1.5388,1.5264,1.5393,1.5261,0.00772757,0.003286447,0.0058812,0.007659293,1.48815,1.483765,1.491245,1.47994,0.003041785,0.0021367,0.002468176,0.002775583,1.537675
3/7/2008,1.5349,1.5383,1.5461,1.5314,-0.002534442,0.007796122,0.004417592,0.003472905,1.49235,1.48829,1.49581,1.48426,0.002825303,0.003042605,0.003054118,0.002914602,1.5355
3/10/2008,1.534,1.5362,1.5405,1.5313,-0.000586357,-0.001365143,-0.003622017,-6.52997E-05,1.49643,1.4925,1.499945,1.48842,0.002744293,0.0028293,0.002769911,0.002804071,1.53635
3/11/2008,1.5331,1.5345,1.5496,1.5282,-0.000586701,-0.001106627,0.005907173,-0.002024424,1.500175,1.49662,1.50435,1.492355,0.002515288,0.002770525,0.002938366,0.00265451,1.54535
3/12/2008,1.557,1.5338,1.5572,1.5334,0.015589329,-0.000456175,0.004904491,0.003402696,1.50518,1.500405,1.50921,1.496365,0.00333933,0.002541119,0.003234907,0.002697015,1.559125
3/13/2008,1.5638,1.5559,1.5646,1.5522,0.004367373,0.014408658,0.004752119,0.012260337,1.510185,1.505345,1.514195,1.50123,0.003324326,0.003295843,0.003304705,0.00325154,1.563125
3/14/2008,1.5673,1.5631,1.5689,1.5532,0.002238138,0.004627547,0.002748306,0.000644247,1.51516,1.51031,1.51909,1.50573,0.003296177,0.003297312,0.003233915,0.00299851,1.5754
3/17/2008,1.5727,1.5702,1.5905,1.5682,0.003445416,0.004542256,0.013767608,0.009657481,1.52051,1.51543,1.52516,1.51109,0.003539984,0.003387794,0.003986877,0.003556561,1.570125
3/18/2008,1.5624,1.573,1.5833,1.5618,-0.006549247,0.001783212,-0.004526878,-0.004081112,1.525005,1.520795,1.530535,1.515975,0.00298055,0.00354849,0.003532503,0.003246414,1.56565
3/19/2008,1.5632,1.5625,1.5786,1.5583,0.000512033,-0.006675143,-0.002968484,-0.002241004,1.529605,1.525285,1.5358,1.52082,0.003050295,0.002975939,0.003468778,0.003226571,1.552875
3/20/2008,1.5432,1.5634,1.5652,1.5397,-0.012794268,0.000576,-0.008488534,-0.011936084,1.532705,1.5299,1.53987,1.52429,0.002070723,0.003059061,0.002688009,0.002325264,1.5435
3/21/2008,1.543,1.5431,1.5474,1.5405,-0.000129601,-0.012984521,-0.011372349,0.000519582,1.535705,1.53298,1.54292,1.527375,0.002003481,0.002056358,0.002031778,0.002062186,1.541425
3/24/2008,1.543,1.5429,1.5457,1.5341,0,-0.000129609,-0.001098617,-0.004154495,1.53872,1.53593,1.54598,1.53011,0.002013596,0.001968879,0.00204076,0.001834175,1.553075
3/25/2008,1.5627,1.5429,1.5659,1.5408,0.012767336,0,0.013068513,0.004367382,1.54199,1.538935,1.54936,1.53326,0.002159617,0.002005943,0.002229383,0.00210662,1.57315
3/26/2008,1.5843,1.564,1.586,1.5583,0.013822231,0.013675546,0.012836069,0.011357736,1.5456,1.542275,1.552935,1.536335,0.002356506,0.002204152,0.002330574,0.002031659,1.57995
3/27/2008,1.578,1.5844,1.5848,1.5726,-0.00397652,0.013043478,-0.00075662,0.009176667,1.548395,1.54585,1.55602,1.539595,0.001827014,0.002332014,0.002008821,0.002136404,1.579
3/28/2008,1.58,1.5779,1.5841,1.574,0.001267427,-0.004102499,-0.000441696,0.000890245,1.5515,1.548695,1.559025,1.54258,0.002028353,0.001859192,0.001957191,0.001952045,1.5809
3/31/2008,1.5772,1.5808,1.5897,1.5759,-0.001772152,0.001837886,0.00353513,0.001207116,1.55432,1.551775,1.56213,1.54559,0.001844218,0.002010257,0.002015837,0.001966175,1.568375
4/1/2008,1.5609,1.5776,1.5789,1.5561,-0.01033477,-0.002024291,-0.006793735,-0.012564249,1.556325,1.554615,1.56483,1.54753,0.00132748,0.001856384,0.001764524,0.001285182,1.5635
4/2/2008,1.5687,1.5616,1.5703,1.5534,0.004997117,-0.010141988,-0.00544683,-0.001735107,1.55841,1.556625,1.56683,1.549475,0.001373496,0.001329558,0.001315122,0.001290696,1.56435
4/3/2008,1.5679,1.5688,1.5697,1.551,-0.000509976,0.004610656,-0.000382093,-0.001544998,1.559865,1.558745,1.56835,1.55072,0.000961618,0.001395768,0.001001957,0.000830481,1.57085
4/4/2008,1.5736,1.5684,1.5776,1.5638,0.003635436,-0.000254972,0.005032809,0.00825274,1.5618,1.56025,1.569925,1.55234,0.001270112,0.000993214,0.001032718,0.001069473,1.569975
4/7/2008,1.5701,1.5733,1.5738,1.5627,-0.002224199,0.003124203,-0.002408722,-0.000703415,1.563605,1.562105,1.57159,1.55391,0.00118822,0.001217681,0.001093383,0.001037567,1.57215
4/8/2008,1.57,1.5712,1.58,1.5674,-6.36902E-05,-0.001334774,0.003939509,0.003007615,1.56545,1.56394,1.57311,1.55587,0.001214371,0.001206273,0.000995,0.001289169,1.57715
4/9/2008,1.583,1.5707,1.5865,1.5684,0.008280255,-0.000318228,0.004113924,0.000637999,1.56675,1.565785,1.574575,1.55762,0.000848917,0.001213171,0.000955471,0.001150934,1.5802
4/10/2008,1.5742,1.5829,1.5913,1.5724,-0.005559065,0.007767238,0.003025528,0.00255037,1.56727,1.567135,1.57591,1.55863,0.000352595,0.0008811,0.000869142,0.000665436,1.5786
4/11/2008,1.5805,1.5743,1.5857,1.5739,0.004002033,-0.005433066,-0.003519135,0.000953956,1.56793,1.567695,1.57675,1.559665,0.00044079,0.000378069,0.00055577,0.000680921,1.5774
4/14/2008,1.5843,1.5696,1.5886,1.5671,0.002404302,-0.002985454,0.001828845,-0.004320478,1.56851,1.567665,1.576655,1.55961,0.000388734,1.68365E-06,-4.11683E-05,-1.79767E-05,1.581375
4/15/2008,1.5791,1.5837,1.5876,1.5751,-0.003282207,0.00898318,-0.000629485,0.005104971,1.569345,1.5682,1.57687,1.560275,0.000552086,0.000361682,0.000153701,0.000441327,1.58695
4/16/2008,1.5949,1.5791,1.5979,1.5759,0.010005699,-0.002904591,0.00648778,0.000507904,1.57093,1.56903,1.577835,1.561155,0.001026769,0.00055021,0.000626515,0.000578773,1.591725
4/17/2008,1.5895,1.5944,1.5984,1.5846,-0.003385792,0.009689063,0.000312911,0.005520655,1.573245,1.57058,1.579495,1.5634,0.001497193,0.001005863,0.001066587,0.00145161,1.584575
4/18/2008,1.5813,1.5901,1.5958,1.5711,-0.005158855,-0.002696939,-0.001626627,-0.0085195,1.57516,1.57293,1.581915,1.56493,0.00124573,0.001520242,0.001553873,0.000999656,1.5863
4/21/2008,1.5905,1.5808,1.5948,1.5791,0.005817998,-0.005848689,-0.000626645,0.005091974,1.577535,1.574825,1.58437,1.56718,0.00153663,0.001234288,0.001577472,0.001461979,1.593875
4/22/2008,1.5987,1.5913,1.602,1.5835,0.005155611,0.006642206,0.004514673,0.002786397,1.579335,1.577245,1.586175,1.569315,0.001156044,0.001566398,0.00114978,0.00138293,1.593625
4/23/2008,1.5887,1.5996,1.6002,1.586,-0.006255082,0.005215861,-0.001123596,0.001578781,1.579555,1.579025,1.586885,1.5707,0.000152178,0.001143414,0.000451796,0.000893982,1.5775
4/24/2008,1.5681,1.5886,1.5895,1.5638,-0.012966576,-0.006876719,-0.006686664,-0.013997478,1.57906,1.579235,1.58712,1.57026,-0.000297324,0.000147404,0.000155294,-0.000264725,1.5642
4/25/2008,1.5623,1.5683,1.5708,1.5554,-0.003698744,-0.012778547,-0.011764706,-0.005371531,1.578175,1.578755,1.586455,1.56933,-0.000545633,-0.000286398,-0.000410856,-0.000577814,1.564
4/28/2008,1.5659,1.5614,1.5694,1.5593,0.002304295,-0.004399668,-0.000891266,0.002507394,1.57761,1.577785,1.58544,1.5685,-0.000341811,-0.000598276,-0.000632176,-0.0005128,1.560625
4/29/2008,1.5567,1.5654,1.5663,1.5541,-0.005875216,0.002561804,-0.001975277,-0.00333483,1.5774,1.577175,1.58481,1.5684,-0.000118833,-0.000368971,-0.000391253,-5.1329E-05,1.558675
4/30/2008,1.5616,1.557,1.5644,1.5517,0.003147684,-0.005366041,-0.00121305,-0.001544302,1.577045,1.576945,1.584515,1.568315,-0.000211304,-0.000130174,-0.000179564,-4.17888E-05,1.554025
5/1/2008,1.5469,1.5619,1.5644,1.5429,-0.009413422,0.003147078,0,-0.005671199,1.575995,1.5766,1.58425,1.56791,-0.000656477,-0.000203353,-0.00016046,-0.000248099,1.54405
5/2/2008,1.5428,1.5472,1.5501,1.5361,-0.002650462,-0.009411614,-0.009140885,-0.004407285,1.574455,1.57554,1.582875,1.566525,-0.000970772,-0.000661185,-0.000869144,-0.0008811,1.546725
5/5/2008,1.5491,1.5435,1.552,1.5423,0.004083485,-0.002391417,0.001225727,0.004036196,1.573405,1.57405,1.581785,1.565505,-0.000655387,-0.000936966,-0.000687422,-0.00064412,1.551875
5/6/2008,1.553,1.5498,1.5595,1.5452,0.002517591,0.004081633,0.004832474,0.001880309,1.572555,1.57298,1.58076,1.564395,-0.000526323,-0.000666145,-0.000642774,-0.000700485,1.5457
5/7/2008,1.539,1.5532,1.554,1.5366,-0.00901481,0.002193831,-0.003526771,-0.005565623,1.570355,1.572105,1.579135,1.562805,-0.001391077,-0.000540543,-0.001024808,-0.001010666,1.5382
5/8/2008,1.5406,1.5394,1.5442,1.5286,0.001039636,-0.008884883,-0.006306306,-0.0052063,1.568675,1.56993,1.57678,1.560615,-0.001061142,-0.001373149,-0.0014914,-0.001398499,1.5441
5/9/2008,1.5481,1.5399,1.549,1.5394,0.004868233,0.000324802,0.003108406,0.007065288,1.567055,1.56821,1.574945,1.55889,-0.001017832,-0.001085255,-0.001160023,-0.001092933,1.548725
5/12/2008,1.5546,1.5466,1.5571,1.5366,0.004198695,0.004350932,0.00522918,-0.00181889,1.56557,1.56706,1.57337,1.557365,-0.000928112,-0.000718436,-0.000990006,-0.000967853,1.550025
5/13/2008,1.5458,1.5547,1.5566,1.543,-0.00566062,0.005237295,-0.00032111,0.00416504,1.563905,1.56561,1.57182,1.55576,-0.001047033,-0.00090573,-0.000974588,-0.00101485,1.545775
5/14/2008,1.5475,1.5473,1.5487,1.5396,0.001099754,-0.004759761,-0.005075164,-0.0022035,1.561535,1.56402,1.56936,1.553945,-0.00149233,-0.000998489,-0.001552735,-0.00115042,1.54725
5/15/2008,1.5443,1.5479,1.5548,1.542,-0.002067851,0.000387772,0.003938787,0.001558846,1.559275,1.561695,1.56718,1.551815,-0.001426433,-0.001463553,-0.001371441,-0.001348511,1.55145
5/16/2008,1.5575,1.5444,1.5602,1.5437,0.008547562,-0.002261128,0.003473116,0.001102464,1.558085,1.55941,1.5654,1.550445,-0.000741112,-0.001441763,-0.001116454,-0.000867412,1.5558
5/19/2008,1.5517,1.5596,1.5633,1.5486,-0.003723917,0.00984201,0.001986925,0.003174192,1.556145,1.55835,1.563825,1.54892,-0.001218208,-0.000657228,-0.000985775,-0.000963302,1.558875
5/20/2008,1.5656,1.5515,1.5681,1.5503,0.008957917,-0.005193639,0.003070428,0.001097766,1.55449,1.55636,1.56213,1.54726,-0.001028092,-0.00124902,-0.001057988,-0.001047733,1.571675
5/21/2008,1.5789,1.5648,1.5797,1.5633,0.008495146,0.008572349,0.007397487,0.008385474,1.554,1.55462,1.561105,1.546125,-0.000290581,-0.001081196,-0.000631933,-0.000707398,1.57575
5/22/2008,1.5728,1.5795,1.5815,1.5692,-0.003863449,0.009394172,0.001139457,0.003774068,1.554235,1.554165,1.560705,1.546395,0.000164575,-0.000267651,-0.000240627,0.000181179,1.574675
5/23/2008,1.5764,1.573,1.5796,1.5697,0.002288911,-0.004115226,-0.001201391,0.000318634,1.55494,1.5544,1.561145,1.54711,0.000463958,0.000165515,0.000287538,0.000465687,1.57695
5/26/2008,1.5774,1.577,1.5793,1.5741,0.000634357,0.002542912,-0.000189921,0.002803083,1.555515,1.55518,1.56164,1.54785,0.000380461,0.000512644,0.000322606,0.000480472,1.57395
5/27/2008,1.5684,1.5772,1.582,1.5682,-0.005705591,0.000126823,0.001709618,-0.003748174,1.5561,1.55577,1.562425,1.548555,0.000388942,0.000390895,0.00050685,0.000459804,1.567225
5/28/2008,1.5636,1.5684,1.5761,1.5608,-0.003060444,-0.005579508,-0.003729456,-0.004718786,1.5562,1.55634,1.56301,1.54901,7.8536E-05,0.000380222,0.00038103,0.00030108,1.557725
5/29/2008,1.5515,1.5644,1.5665,1.5485,-0.007738552,-0.00255037,-0.006090984,-0.007880574,1.55643,1.556465,1.563115,1.54929,0.00016228,9.53492E-05,7.64808E-05,0.000190611,1.552525
5/30/2008,1.5552,1.5517,1.557,1.5462,0.002384789,-0.008118128,-0.006064475,-0.001485308,1.55705,1.55669,1.56346,1.549795,0.000414042,0.000160024,0.000230301,0.00033671,1.554575
6/2/2008,1.5542,1.5564,1.5591,1.5486,-0.000643004,0.003028936,0.001348748,0.001552192,1.557305,1.557335,1.563815,1.55011,0.000177718,0.000431041,0.000236452,0.00021251,1.550525
6/3/2008,1.5444,1.5538,1.5629,1.541,-0.006305495,-0.001670522,0.002437304,-0.004907659,1.556875,1.557535,1.563985,1.5499,-0.000263437,0.000143433,0.000116694,-0.000126888,1.544325
6/4/2008,1.5431,1.544,1.5483,1.5419,-0.000841751,-0.006307118,-0.009341609,0.000584036,1.55708,1.557075,1.5637,1.550165,0.000145216,-0.000281614,-0.000174048,0.000180595,1.549625
6/5/2008,1.5584,1.5433,1.5603,1.5365,0.009915106,-0.000453368,0.007750436,-0.003502173,1.55797,1.55727,1.564505,1.55056,0.00058899,0.000139962,0.000528789,0.000265801,1.56795
6/6/2008,1.5777,1.559,1.5779,1.5572,0.012384497,0.010173006,0.011279882,0.013472177,1.55945,1.558225,1.56595,1.55145,0.000964803,0.000632372,0.000937363,0.000586145,1.572475
6/9/2008,1.5644,1.5791,1.5846,1.5618,-0.008429993,0.01289288,0.00424615,0.00295402,1.55994,1.55985,1.567325,1.55271,0.000333369,0.001059469,0.000888211,0.000824791,1.55505
6/10/2008,1.5462,1.5645,1.5655,1.544,-0.011633853,-0.009245773,-0.012053515,-0.011397106,1.55996,1.56034,1.56777,1.55276,3.47069E-05,0.000335316,0.000301591,4.66837E-05,1.551325
6/11/2008,1.5553,1.546,1.5587,1.5453,0.005885396,-0.011824864,-0.00434366,0.000841969,1.56035,1.560275,1.56827,1.553045,0.000273989,-1.79392E-05,0.000338166,0.000198957,1.54865
6/12/2008,1.5446,1.5554,1.5567,1.5379,-0.006879702,0.006080207,-0.001283121,-0.004788714,1.560365,1.56065,1.568365,1.55284,3.33965E-05,0.000266683,7.70709E-05,-0.000118421,1.54025
6/13/2008,1.5379,1.5444,1.5484,1.5303,-0.004337693,-0.007072136,-0.005331792,-0.004941804,1.559385,1.56065,1.567775,1.55217,-0.000610866,2.61321E-05,-0.000363174,-0.000420634,1.54345
6/16/2008,1.5466,1.5408,1.5519,1.5345,0.005657065,-0.002331002,0.002260398,0.00274456,1.55913,1.55971,1.567205,1.551465,-0.000141817,-0.000582518,-0.000349501,-0.000442116,1.549825
6/17/2008,1.5508,1.5472,1.5553,1.546,0.002715634,0.004153686,0.002190863,0.007494298,1.55839,1.559495,1.566565,1.55125,-0.000453931,-0.000115152,-0.000393479,-0.000122289,1.55105
6/18/2008,1.5533,1.5509,1.5539,1.5461,0.001612071,0.002391417,-0.000900148,6.46831E-05,1.55711,1.5588,1.565275,1.55039,-0.000798085,-0.000424199,-0.000808361,-0.000538329,1.552175
6/19/2008,1.55,1.5534,1.5587,1.5466,-0.002124509,0.001611967,0.003089002,0.000323394,1.55597,1.557495,1.564135,1.54926,-0.000711138,-0.000813309,-0.000710884,-0.000710862,1.556325
6/20/2008,1.5604,1.5505,1.5652,1.5492,0.006709677,-0.001866873,0.004170142,0.001681107,1.55517,1.55637,1.563415,1.548235,-0.0004901,-0.000700891,-0.000442307,-0.000642739,1.556275
6/23/2008,1.5523,1.5626,1.5634,1.5468,-0.005190977,0.007803934,-0.001150013,-0.001549187,1.553915,1.55565,1.56262,1.54687,-0.000781366,-0.00043784,-0.000490312,-0.000860352,1.55495
6/24/2008,1.5565,1.5519,1.5622,1.5492,0.002705663,-0.006847562,-0.000767558,0.00155159,1.55332,1.554385,1.56163,1.54592,-0.000360804,-0.000786559,-0.00061417,-0.000595364,1.5615
6/25/2008,1.5669,1.5567,1.5688,1.5536,0.006681658,0.003092983,0.004224811,0.002840176,1.553485,1.5538,1.561265,1.54556,0.000126301,-0.000352935,-0.000216457,-0.000217416,1.5704
6/26/2008,1.5753,1.5668,1.5768,1.5627,0.005360904,0.006488084,0.005099439,0.005857364,1.554675,1.55392,1.56178,1.54627,0.000781274,9.89877E-05,0.000343064,0.000469481,1.576575
6/27/2008,1.5794,1.5756,1.5795,1.5718,0.002602679,0.005616543,0.001712329,0.005823255,1.555885,1.555115,1.562905,1.54755,0.000792169,0.000785721,0.000731904,0.000834909,1.577525
6/30/2008,1.5755,1.5779,1.5837,1.573,-0.002469292,0.001459761,0.002659069,0.000763456,1.55695,1.55619,1.564135,1.54877,0.000700854,0.000707263,0.00079742,0.000795472,1.577375
7/1/2008,1.5788,1.5756,1.5828,1.5723,0.002094573,-0.001457634,-0.000568289,-0.00044501,1.55867,1.55728,1.56513,1.550335,0.001120858,0.000717907,0.000647141,0.001018605,1.583375
7/2/2008,1.5878,1.5793,1.589,1.5774,0.005700532,0.002348312,0.003917109,0.003243656,1.560905,1.559045,1.567165,1.55211,0.001447972,0.001150678,0.001310077,0.001151586,1.5793
7/3/2008,1.5696,1.5884,1.5911,1.5681,-0.011462401,0.005762046,0.001321586,-0.005895778,1.561465,1.5613,1.568705,1.55369,0.000379096,0.001461449,0.000988634,0.001031905,1.569625
7/4/2008,1.5704,1.5701,1.5728,1.5652,0.000509684,-0.011521027,-0.011501477,-0.001849372,1.5611,1.561855,1.56845,1.55409,-0.000214644,0.000376748,-0.000150434,0.000265828,1.56955
7/7/2008,1.5721,1.5698,1.5753,1.561,0.001082527,-0.000191071,0.001589522,-0.002683363,1.561485,1.56139,1.567985,1.55405,0.000260982,-0.00027745,-0.000283265,-1.60413E-05,1.5693
7/8/2008,1.5671,1.5725,1.5741,1.5635,-0.003180459,0.001719964,-0.00076176,0.001601537,1.56253,1.56179,1.568415,1.555025,0.000683652,0.000270837,0.000281323,0.000633891,1.57035
7/9/2008,1.5741,1.567,1.5753,1.565,0.00446685,-0.003497615,0.00076234,0.000959386,1.56347,1.56284,1.569245,1.55601,0.000612724,0.000687199,0.000536623,0.000639762,1.57545
7/10/2008,1.5784,1.5742,1.5802,1.569,0.00273172,0.004594767,0.003110519,0.002555911,1.56516,1.56378,1.57042,1.557565,0.001093295,0.000612927,0.000756305,0.001006993,1.585975
7/11/2008,1.594,1.5787,1.5948,1.5764,0.009883426,0.002858595,0.009239337,0.00471638,1.567965,1.565495,1.57274,1.55987,0.001804351,0.001109464,0.001484861,0.001489902,1.59205
7/14/2008,1.5903,1.5966,1.5972,1.5841,-0.002321205,0.011338443,0.001504891,0.004884547,1.57015,1.568285,1.575005,1.56235,0.001405438,0.001792936,0.001447086,0.001596901,1.59315
7/15/2008,1.5918,1.5904,1.6039,1.5865,0.000943218,-0.003883252,0.004194841,0.001515056,1.5722,1.570445,1.577435,1.564375,0.001316817,0.001391089,0.001547285,0.001297939,1.5872
7/16/2008,1.5823,1.5915,1.5949,1.5801,-0.005968086,0.00069165,-0.005611322,-0.004034037,1.57365,1.572475,1.579485,1.566075,0.000937809,0.001306101,0.001311726,0.001093003,1.584075
7/17/2008,1.5861,1.5825,1.5894,1.5783,0.002401567,-0.005655042,-0.003448492,-0.001139168,1.575455,1.57393,1.58102,1.56766,0.001164113,0.00094275,0.000984851,0.001019875,1.584975
7/18/2008,1.5846,1.5861,1.5888,1.5804,-0.000945716,0.002274882,-0.000377501,0.001330546,1.576665,1.57571,1.5822,1.56922,0.000781343,0.001149838,0.000757469,0.001002347,1.58825
7/21/2008,1.5929,1.5841,1.5932,1.5828,0.005237915,-0.001260955,0.002769386,0.001518603,1.578695,1.576785,1.58369,1.57102,0.001302788,0.000696594,0.000953439,0.001155737,1.585275
7/22/2008,1.5783,1.5925,1.5946,1.5757,-0.009165673,0.005302696,0.000878735,-0.004485722,1.579785,1.578815,1.58531,1.572345,0.000709221,0.001304106,0.001035754,0.000853871,1.573625
7/23/2008,1.5687,1.5788,1.58,1.567,-0.006082494,-0.008602826,-0.009155901,-0.005521356,1.579875,1.57992,1.58587,1.573015,7.10135E-05,0.000719316,0.000366718,0.000435794,1.567725
7/24/2008,1.5675,1.5691,1.5715,1.5628,-0.000764965,-0.006143907,-0.005379747,-0.002680281,1.579485,1.580035,1.585605,1.57302,-0.00023528,8.77165E-05,-0.000157241,8.91228E-06,1.5701
7/25/2008,1.5709,1.5677,1.5755,1.5663,0.002169059,-0.000892231,0.002545339,0.00223957,1.57906,1.57964,1.585405,1.572745,-0.000256961,-0.000237722,-0.000115591,-0.000170272,1.572575
7/28/2008,1.5745,1.5705,1.5769,1.5684,0.00229168,0.001786056,0.000888607,0.001340739,1.57901,1.57927,1.585065,1.572515,-1.89124E-05,-0.000221407,-0.000204114,-0.000141408,1.566025
7/29/2008,1.5588,1.574,1.576,1.5553,-0.009971419,0.00222859,-0.00057074,-0.008352461,1.57801,1.57919,1.584725,1.571665,-0.000622212,-3.70963E-05,-0.000204236,-0.00053678,1.5575
7/30/2008,1.5576,1.5586,1.5618,1.552,-0.000769823,-0.00978399,-0.009010152,-0.002121777,1.5765,1.578155,1.583365,1.570395,-0.00094573,-0.000643711,-0.0008506,-0.000805052,1.561175
7/31/2008,1.56,1.5577,1.5702,1.5568,0.001540832,-0.000577441,0.00537841,0.003092784,1.57602,1.57662,1.58232,1.56983,-0.000295568,-0.000960686,-0.000647758,-0.000355624,1.557025
8/1/2008,1.5564,1.5601,1.5603,1.5513,-0.002307692,0.001540733,-0.006304929,-0.003532888,1.57532,1.57612,1.581695,1.569135,-0.000436437,-0.000307598,-0.000387931,-0.0004398,1.55825
8/4/2008,1.5575,1.5568,1.5633,1.5554,0.000706759,-0.002115249,0.001922707,0.002642945,1.57459,1.57547,1.581095,1.568855,-0.000455225,-0.000403807,-0.000371272,-0.000173484,1.5514
8/5/2008,1.5456,1.5576,1.5578,1.5446,-0.007640449,0.000513875,-0.003518199,-0.006943551,1.573515,1.574725,1.58028,1.56791,-0.000678225,-0.000464111,-0.000509094,-0.000600739,1.54455
8/6/2008,1.5412,1.5454,1.5518,1.5398,-0.002846791,-0.007832563,-0.003851586,-0.003107601,1.57187,1.573645,1.579105,1.56665,-0.001043907,-0.000680859,-0.00073979,-0.000804088,1.538625
8/7/2008,1.5321,1.5411,1.5504,1.5309,-0.00590449,-0.002782451,-0.000902178,-0.005779971,1.569555,1.57199,1.577615,1.564745,-0.001475717,-0.001049719,-0.000940425,-0.001220882,1.51655
8/8/2008,1.5005,1.5323,1.5336,1.4998,-0.020625286,-0.005710207,-0.010835913,-0.020314847,1.56488,1.56967,1.574555,1.560915,-0.003001153,-0.00147816,-0.001944187,-0.002472444,1.495025
8/11/2008,1.4904,1.4933,1.5084,1.488,-0.00673109,-0.025451935,-0.016431925,-0.007867716,1.559885,1.564505,1.570115,1.55611,-0.003221647,-0.003317678,-0.002841028,-0.003110057,1.490075
8/12/2008,1.4919,1.4905,1.4966,1.4813,0.001006441,-0.001875042,-0.007822859,-0.004502688,1.55489,1.55951,1.56475,1.55085,-0.003218486,-0.003217268,-0.003441913,-0.003410944,1.49155
8/13/2008,1.4924,1.4917,1.4981,1.484,0.000335143,0.000805099,0.001002272,0.001822723,1.550395,1.55452,1.55991,1.546045,-0.002903325,-0.003211595,-0.003111233,-0.003118106,1.486375
8/14/2008,1.4807,1.492,1.4951,1.4777,-0.007839721,0.000201113,-0.002002537,-0.004245283,1.545125,1.549995,1.555195,1.541015,-0.003415389,-0.002918788,-0.003038936,-0.003273412,1.4745
8/15/2008,1.4688,1.4815,1.4818,1.4659,-0.008036739,-0.007037534,-0.008895726,-0.007985383,1.539335,1.544765,1.549845,1.53529,-0.00376994,-0.003384408,-0.003464847,-0.003739208,1.470425
8/18/2008,1.4695,1.468,1.4769,1.4673,0.00047658,-0.009112386,-0.003306789,0.000955045,1.533165,1.53896,1.54403,1.529515,-0.004008007,-0.00377698,-0.003768656,-0.003767386,1.472525
8/19/2008,1.4787,1.4689,1.4795,1.463,0.006260633,0.000613079,0.001760444,-0.002930553,1.528185,1.53278,1.538275,1.52388,-0.003236692,-0.004011461,-0.00372457,-0.003689628,1.475025
8/20/2008,1.4742,1.4781,1.4806,1.4672,-0.003043214,0.00626319,0.000743494,0.002870813,1.52346,1.527745,1.533305,1.51889,-0.003084728,-0.00326816,-0.0032296,-0.003270019,1.482225
8/21/2008,1.4906,1.4745,1.4907,1.4731,0.011124678,-0.002435559,0.006821559,0.004021265,1.519615,1.523015,1.529265,1.514405,-0.002490245,-0.003082743,-0.002619535,-0.002934942,1.4838
8/22/2008,1.4791,1.4897,1.4906,1.4758,-0.007715014,0.010308579,-6.70826E-05,0.001832869,1.515025,1.519115,1.52502,1.50988,-0.002984449,-0.002522702,-0.002750156,-0.002955277,1.476
8/25/2008,1.475,1.4785,1.4808,1.4697,-0.002771956,-0.007518292,-0.006574534,-0.004133351,1.51005,1.514515,1.520215,1.504945,-0.003237631,-0.00298792,-0.003123313,-0.003228981,1.468325
8/26/2008,1.4649,1.4753,1.4762,1.4569,-0.006847458,-0.002164356,-0.003106429,-0.00870926,1.505355,1.50958,1.515225,1.500025,-0.003081433,-0.003207567,-0.003250098,-0.003246821,1.4695
8/27/2008,1.472,1.465,1.4777,1.4633,0.004846747,-0.006981631,0.001016122,0.004392889,1.501075,1.5049,1.51102,1.49559,-0.002800604,-0.003067449,-0.002748784,-0.002921088,1.472575
8/28/2008,1.4699,1.472,1.4812,1.4672,-0.00142663,0.004778157,0.002368546,0.002665209,1.49657,1.500615,1.50657,1.49111,-0.002948977,-0.002799669,-0.002899277,-0.002942467,1.46965
8/29/2008,1.4672,1.4705,1.4769,1.464,-0.00183686,-0.001019022,-0.002903052,-0.002181025,1.49211,1.496135,1.5024,1.486745,-0.002925436,-0.002927657,-0.002729183,-0.002874874,1.4651
9/1/2008,1.4604,1.4699,1.472,1.4581,-0.004634678,-0.000408024,-0.00331776,-0.004030055,1.487255,1.49179,1.497835,1.48188,-0.003192508,-0.002842296,-0.002991207,-0.003208524,1.455175
9/2/2008,1.4515,1.4613,1.4613,1.4466,-0.006094221,-0.005850738,-0.007269022,-0.007886976,1.48255,1.486975,1.49301,1.47698,-0.003115196,-0.003160526,-0.003178748,-0.003255695,1.448075
9/3/2008,1.4488,1.4518,1.4532,1.4385,-0.001860145,-0.006501061,-0.00554301,-0.005599336,1.47793,1.482295,1.48808,1.471915,-0.003065864,-0.003093951,-0.003263319,-0.003380282,1.437675
9/4/2008,1.4249,1.4495,1.4546,1.4217,-0.016496411,-0.00158424,0.000963391,-0.011678832,1.47257,1.477715,1.48329,1.466455,-0.00359546,-0.00303404,-0.00317004,-0.003675225,1.4273
9/5/2008,1.4267,1.428,1.4349,1.4196,0.001263247,-0.014832701,-0.013543242,-0.001477105,1.46888,1.4725,1.478355,1.462445,-0.002501033,-0.003490165,-0.003305407,-0.002733337,1.4242
9/8/2008,1.4126,1.4358,1.443,1.4054,-0.009882947,0.005462185,0.005644993,-0.010002818,1.46499,1.469625,1.475085,1.458315,-0.002658626,-0.001944459,-0.002201561,-0.002840093,1.413425
9/9/2008,1.4135,1.4128,1.4227,1.4047,0.000637123,-0.016018944,-0.014067914,-0.000498079,1.46107,1.46574,1.47139,1.454485,-0.002677092,-0.002651654,-0.002513814,-0.002639862,1.406475
9/10/2008,1.3985,1.4123,1.4179,1.3972,-0.010611956,-0.000353907,-0.003373867,-0.005339218,1.456375,1.46177,1.46738,1.450145,-0.003224447,-0.002709605,-0.002732621,-0.002997959,1.398275
9/11/2008,1.4029,1.3987,1.4034,1.3881,0.003146228,-0.009629682,-0.010226391,-0.006513026,1.452485,1.457105,1.462795,1.445665,-0.00267515,-0.003201144,-0.003143813,-0.003111346,1.411
9/12/2008,1.4227,1.4008,1.4233,1.3972,0.014113622,0.001501394,0.014179849,0.006555724,1.45018,1.45307,1.45987,1.44223,-0.001567632,-0.002774198,-0.001990035,-0.002384291,1.428975
9/15/2008,1.4264,1.4329,1.448,1.4086,0.002600689,0.022915477,0.017354036,0.008159175,1.448025,1.451315,1.458425,1.439295,-0.001461426,-0.001172805,-0.000956993,-0.002024084,1.418575
9/16/2008,1.4119,1.4254,1.4291,1.4079,-0.010165451,-0.005234141,-0.013052486,-0.000496947,1.444685,1.44914,1.455905,1.43654,-0.00228273,-0.001465166,-0.00169764,-0.001902404,1.422525
9/17/2008,1.4303,1.4121,1.4385,1.4092,0.013032084,-0.009330714,0.006577566,0.000923361,1.44249,1.44584,1.4538,1.43364,-0.001478965,-0.002244861,-0.001405936,-0.001999777,1.437025
9/18/2008,1.4337,1.4323,1.4542,1.4279,0.002377124,0.014304936,0.010914147,0.01326994,1.439645,1.44373,1.451975,1.43138,-0.001916343,-0.001407836,-0.001201307,-0.001537343,1.436275
9/19/2008,1.4464,1.4338,1.4499,1.415,0.008858199,0.001047267,-0.002956952,-0.009034246,1.43801,1.440935,1.44994,1.42834,-0.001087682,-0.001870902,-0.0013458,-0.002080699,1.464525
9/22/2008,1.4784,1.4492,1.4867,1.4438,0.022123894,0.010740689,0.025381061,0.020353357,1.43818,1.43947,1.450235,1.427045,0.00015711,-0.000957953,0.000251979,-0.000856363,1.471975
9/23/2008,1.4643,1.4786,1.4827,1.4623,-0.009537338,0.020287055,-0.002690523,0.012813409,1.43815,1.439635,1.45056,1.427315,2.2616E-05,0.000164618,0.000272775,0.00021977,1.465425
9/24/2008,1.4611,1.4647,1.4748,1.4611,-0.002185345,-0.009400785,-0.005328118,-0.000820625,1.437605,1.43962,1.450415,1.427205,-0.000328989,4.366E-05,-4.44374E-05,-4.09057E-05,1.464125
9/25/2008,1.4621,1.4615,1.4769,1.456,0.000684416,-0.002184748,0.001423922,-0.003490521,1.437215,1.439095,1.4502,1.426645,-0.000223436,-0.000304485,-9.16686E-05,-0.000348692,1.4615
9/26/2008,1.4613,1.4613,1.4679,1.4555,-0.000547158,-0.000136846,-0.006093845,-0.000343407,1.43692,1.438635,1.44975,1.42622,-0.000158951,-0.000260376,-0.000251208,-0.000256811,1.445425
9/29/2008,1.4416,1.4537,1.4565,1.4299,-0.013481147,-0.005200849,-0.007766197,-0.017588458,1.43598,1.437825,1.448975,1.42481,-0.000601275,-0.000500018,-0.00047363,-0.000934731,1.42425
9/30/2008,1.4102,1.4427,1.4432,1.4009,-0.021781354,-0.007566898,-0.00913148,-0.020281139,1.433915,1.436895,1.44807,1.422525,-0.001385631,-0.000585826,-0.000566753,-0.001554439,1.40695
10/1/2008,1.4019,1.4109,1.4175,1.3975,-0.00588569,-0.022042005,-0.01780765,-0.002427011,1.43157,1.43485,1.446285,1.420475,-0.001586909,-0.001362873,-0.001179985,-0.001395823,1.390225
10/2/2008,1.3816,1.4018,1.403,1.3745,-0.014480348,-0.006449784,-0.010229277,-0.016457961,1.429405,1.432465,1.443705,1.418115,-0.001486105,-0.00160615,-0.001739618,-0.00163478,1.37995
10/3/2008,1.3769,1.3819,1.3907,1.3703,-0.003401853,-0.014196034,-0.008766928,-0.003055657,1.426915,1.43016,1.441495,1.41565,-0.00171936,-0.001574317,-0.001500803,-0.001713707,1.357225
10/6/2008,1.3488,1.3667,1.3691,1.3443,-0.020408163,-0.010999349,-0.015531747,-0.018973947,1.423725,1.426705,1.4378,1.412595,-0.002245621,-0.002397393,-0.00255964,-0.002162264,1.3583
10/7/2008,1.3617,1.3493,1.3741,1.3481,0.009564057,-0.012731397,0.003652034,0.00282675,1.421135,1.42353,1.43537,1.409765,-0.001799275,-0.002233016,-0.001673642,-0.001996022,1.36345
10/8/2008,1.3629,1.3609,1.3756,1.3544,0.000881251,0.00859705,0.001091624,0.004673244,1.419355,1.42096,1.433255,1.407625,-0.001224614,-0.001785468,-0.001450368,-0.001495399,1.36515
10/9/2008,1.3596,1.3643,1.3786,1.3581,-0.002421308,0.002498347,0.002180867,0.002731837,1.41719,1.41924,1.432015,1.406125,-0.001502991,-0.001179067,-0.000830005,-0.001033156,1.349625
10/10/2008,1.3412,1.3598,1.3651,1.3324,-0.013533392,-0.003298395,-0.009792543,-0.018923496,1.413115,1.41719,1.429105,1.402885,-0.002885342,-0.001419056,-0.002028624,-0.002307117,1.35745
10/13/2008,1.3591,1.3566,1.3683,1.3458,0.013346257,-0.002353287,0.002344151,0.01005704,1.40975,1.413375,1.42512,1.399745,-0.002348063,-0.002682494,-0.002779119,-0.002212224,1.364275
10/14/2008,1.3622,1.3592,1.3771,1.3586,0.002280921,0.001916556,0.006431338,0.009511071,1.407265,1.410065,1.42252,1.39728,-0.001725745,-0.002324959,-0.001804927,-0.001711823,1.355575
10/15/2008,1.346,1.3621,1.3687,1.3455,-0.011892527,0.002133608,-0.006099775,-0.009642279,1.40305,1.407565,1.41903,1.394095,-0.002971975,-0.001751743,-0.002438795,-0.002240105,1.3463
10/16/2008,1.3485,1.3482,1.3539,1.3346,0.001857355,-0.010204831,-0.01081318,-0.008101078,1.39879,1.40336,1.414015,1.38943,-0.002997964,-0.002977232,-0.003525161,-0.003308656,1.3445
10/17/2008,1.3407,1.3468,1.3518,1.3387,-0.005784205,-0.001038422,-0.001551075,0.003072082,1.393505,1.39901,1.40911,1.385615,-0.003730084,-0.003081516,-0.003454867,-0.002703339,1.339325
10/20/2008,1.3342,1.3415,1.3531,1.3285,-0.004848214,-0.003935254,0.000961681,-0.007619332,1.386295,1.393625,1.40243,1.37985,-0.005078689,-0.003815313,-0.004675836,-0.004101974,1.320075
10/21/2008,1.3057,1.3338,1.3357,1.3051,-0.021361115,-0.005739843,-0.01285936,-0.01761385,1.378365,1.386385,1.39508,1.37199,-0.005669878,-0.005116658,-0.005184278,-0.005623337,1.294175
10/22/2008,1.2852,1.3064,1.3078,1.2773,-0.015700391,-0.02054281,-0.020887924,-0.02130105,1.36957,1.37847,1.38673,1.3628,-0.00634563,-0.005673759,-0.005962268,-0.006647358,1.288525
10/23/2008,1.298,1.2841,1.2992,1.2728,0.009959539,-0.01706981,-0.006575929,-0.003523056,1.361365,1.3696,1.377845,1.35364,-0.005881874,-0.006418013,-0.006362261,-0.006648985,1.27665
10/24/2008,1.2622,1.2954,1.2993,1.2497,-0.027580894,0.008799938,7.69704E-05,-0.018148963,1.35141,1.361305,1.369415,1.34335,-0.007233561,-0.005971173,-0.00605372,-0.007539263,1.25105
10/27/2008,1.2466,1.2555,1.2687,1.2334,-0.012359373,-0.030801297,-0.023551143,-0.01304313,1.34166,1.351395,1.360025,1.333525,-0.007177472,-0.007251196,-0.006842967,-0.007311996,1.256775
10/28/2008,1.2713,1.2484,1.2744,1.233,0.019813894,-0.005655117,0.004492788,-0.000324307,1.334715,1.34168,1.351585,1.32513,-0.00509771,-0.007155607,-0.006161754,-0.006314155,1.2826
10/29/2008,1.296,1.2725,1.2993,1.2626,0.019428931,0.01930471,0.019538606,0.024006488,1.32942,1.33476,1.345675,1.318385,-0.003831979,-0.005088271,-0.004294441,-0.00499248,1.2992
10/30/2008,1.2906,1.2963,1.3296,1.2803,-0.004166667,0.01870334,0.023320249,0.014018692,1.32487,1.329485,1.342005,1.313675,-0.003316295,-0.003830615,-0.002616965,-0.003468647,1.279775
10/31/2008,1.273,1.2885,1.2909,1.2667,-0.013637068,-0.006017126,-0.029106498,-0.01062251,1.319675,1.324815,1.337015,1.308495,-0.003828055,-0.003421669,-0.003633943,-0.00384699,1.271975
11/3/2008,1.2641,1.2743,1.2899,1.2596,-0.006991359,-0.011020567,-0.000774653,-0.005605116,1.31544,1.320195,1.333055,1.30426,-0.003157215,-0.00342273,-0.002896089,-0.003178548,1.2808
11/4/2008,1.3032,1.2638,1.3036,1.2526,0.030931097,-0.008239818,0.010620978,-0.00555732,1.312515,1.31592,1.32953,1.299485,-0.002088863,-0.003198151,-0.002547641,-0.003597752,1.296275
11/5/2008,1.295,1.299,1.3118,1.2793,-0.006292204,0.027852508,0.006290273,0.021315663,1.30912,1.312825,1.32634,1.29573,-0.002447536,-0.002235378,-0.002287709,-0.002765631,1.282825
11/6/2008,1.27,1.2939,1.2973,1.2701,-0.019305019,-0.003926097,-0.011053514,-0.007191433,1.30464,1.309305,1.322275,1.29133,-0.003291722,-0.002556601,-0.002949428,-0.003261794,1.2739
11/7/2008,1.2736,1.2715,1.2852,1.2653,0.002834646,-0.017312002,-0.009327064,-0.00377923,1.30126,1.30489,1.31828,1.287975,-0.00247332,-0.003257281,-0.002926154,-0.002504581,1.279775
11/10/2008,1.2731,1.2813,1.2929,1.2718,-0.000392588,0.007707432,0.005991285,0.005137122,1.29696,1.301125,1.31451,1.284275,-0.003160262,-0.002754245,-0.002743797,-0.002750577,1.264275
11/11/2008,1.2517,1.2747,1.2801,1.2506,-0.016809363,-0.005151018,-0.009900224,-0.016669288,1.291435,1.2969,1.30966,1.278875,-0.004114776,-0.003107624,-0.003560375,-0.004059595,1.25245
11/12/2008,1.2469,1.2527,1.2634,1.2468,-0.003834785,-0.017258963,-0.013045856,-0.003038542,1.28648,1.29143,1.304395,1.27394,-0.003711889,-0.004077252,-0.003907679,-0.003729408,1.2641
11/13/2008,1.2828,1.2493,1.2855,1.2388,0.028791403,-0.002714137,0.017492481,-0.006416426,1.283195,1.286485,1.300975,1.26915,-0.002365187,-0.003702718,-0.002492396,-0.003645175,1.272675
11/14/2008,1.2631,1.2819,1.2841,1.2616,-0.015357031,0.026094613,-0.00108907,0.018404908,1.279315,1.28324,1.29759,1.265295,-0.002843828,-0.002346066,-0.002469296,-0.002878534,1.261175
11/17/2008,1.2646,1.2545,1.2742,1.2514,0.001187554,-0.021374522,-0.00770968,-0.008084971,1.275835,1.27889,1.293645,1.26144,-0.00254204,-0.003218029,-0.002902864,-0.002901816,1.26345
11/18/2008,1.2621,1.2649,1.2701,1.2567,-0.00197691,0.008290155,-0.003217705,0.004235257,1.273655,1.275445,1.290365,1.25902,-0.001572829,-0.002516529,-0.002420781,-0.001809361,1.2618
11/19/2008,1.2522,1.2617,1.2815,1.2518,-0.007844069,-0.002529844,0.008975671,-0.003899101,1.272005,1.27321,1.28905,1.257745,-0.001180013,-0.001615881,-0.000927602,-0.000939263,1.250625
11/20/2008,1.2457,1.2517,1.2595,1.2456,-0.005190864,-0.007925814,-0.017167382,-0.004952868,1.26939,1.27159,1.287065,1.256385,-0.001937533,-0.001158681,-0.001457174,-0.001010754,1.252575
11/21/2008,1.2578,1.246,1.2641,1.2424,0.009713414,-0.004553807,0.003652243,-0.002569043,1.26917,1.26912,1.285305,1.25602,-7.2818E-05,-0.001826369,-0.001278411,-0.000231758,1.27505
11/24/2008,1.2912,1.2594,1.2929,1.2567,0.026554301,0.010754414,0.022783008,0.011509981,1.2714,1.269315,1.286515,1.257185,0.001872866,0.000251417,0.001038297,0.000995898,1.29645
11/25/2008,1.3057,1.2915,1.3082,1.2804,0.011229864,0.025488328,0.011833862,0.018858916,1.27312,1.27147,1.288205,1.259555,0.001443664,0.001808589,0.00140535,0.001955059,1.2962
11/26/2008,1.289,1.3065,1.3073,1.282,-0.012790074,0.011614402,-0.000687968,0.001249609,1.27277,1.27317,1.288605,1.260525,-0.000167286,0.001424074,0.000394022,0.000817215,1.29025
11/27/2008,1.289,1.2893,1.2969,1.2858,0,-0.013164945,-0.007955328,0.002964119,1.27269,1.27282,1.28697,1.2608,4.10472E-05,-0.00016934,-0.001169757,0.000264486,1.280025
11/28/2008,1.2695,1.2901,1.296,1.2645,-0.015128006,0.000620492,-0.000693963,-0.016565562,1.272515,1.2729,1.287225,1.26069,-3.34997E-05,0.00016254,0.00025087,-3.26662E-05,1.2659
12/1/2008,1.2625,1.2713,1.2716,1.2582,-0.005513982,-0.014572514,-0.01882716,-0.004982206,1.272435,1.27275,1.28631,1.26062,4.03692E-05,-1.50569E-05,-0.000651756,-1.52076E-06,1.266075
12/2/2008,1.2712,1.2602,1.2767,1.2562,0.006891089,-0.00873122,0.004010695,-0.001589572,1.270835,1.27257,1.284965,1.2608,-0.001161631,-3.9627E-05,-0.00098227,0.000196867,1.2692
12/3/2008,1.2714,1.2709,1.2743,1.2602,0.000157332,0.008490716,-0.001879846,0.003184206,1.269655,1.271165,1.28309,1.259845,-0.000839154,-0.001007717,-0.001390776,-0.000709706,1.27185
12/4/2008,1.277,1.2706,1.2849,1.2549,0.004404593,-0.000236053,0.008318292,-0.004205682,1.270005,1.27,1.28247,1.259085,0.000346326,-0.000823214,-0.000422185,-0.000560419,1.273725
12/5/2008,1.2734,1.2788,1.28,1.2627,-0.002819107,0.006453644,-0.003813526,0.006215635,1.269995,1.270365,1.28221,1.258955,6.36385E-05,0.000365068,-0.000146509,-6.06754E-05,1.28365
12/8/2008,1.2936,1.2727,1.2965,1.2718,0.015863044,-0.004770097,0.012890625,0.007206779,1.27102,1.269935,1.28239,1.258955,0.00087642,-0.000258809,0.000198458,4.28074E-05,1.29145
12/9/2008,1.2912,1.2947,1.3002,1.2797,-0.001855288,0.017286085,0.002853837,0.006211669,1.272995,1.270935,1.283395,1.26041,0.001624124,0.000863047,0.000836161,0.001186855,1.297875
12/10/2008,1.3015,1.2927,1.3072,1.2901,0.007977076,-0.001544759,0.005383787,0.008126905,1.275725,1.272935,1.285585,1.262575,0.002214717,0.001648757,0.001757644,0.001745128,1.3196
12/11/2008,1.3357,1.3019,1.3407,1.3001,0.026277372,0.007116887,0.025627295,0.007751337,1.27837,1.275565,1.288345,1.26564,0.002089015,0.002140308,0.002164384,0.002453516,1.334575
12/12/2008,1.3372,1.3345,1.3416,1.325,0.001123007,0.025040326,0.000671291,0.019152373,1.282075,1.278195,1.29122,1.26881,0.002913017,0.002087594,0.002252402,0.002490889,1.353975
12/15/2008,1.3711,1.3369,1.3712,1.3367,0.025351481,0.001798426,0.022063208,0.008830189,1.2874,1.282315,1.29607,1.273075,0.004121214,0.003246241,0.003741047,0.003336647,1.389475
12/16/2008,1.4098,1.3705,1.4146,1.363,0.028225512,0.02513277,0.031651109,0.01967532,1.294785,1.287595,1.303295,1.27839,0.005631335,0.004088372,0.005484487,0.00410865,1.42315
12/17/2008,1.4401,1.4091,1.4438,1.3996,0.02149241,0.028164903,0.020641878,0.026852531,1.30418,1.294965,1.31141,1.28578,0.007098159,0.005623109,0.006067798,0.005646232,1.437825
12/18/2008,1.4209,1.4398,1.472,1.4186,-0.013332407,0.021786956,0.019531791,0.013575307,1.31294,1.30437,1.322035,1.29443,0.006691082,0.007108748,0.007902756,0.00657264,1.407325
12/19/2008,1.3916,1.4242,1.4311,1.3824,-0.020620733,-0.010834838,-0.027785326,-0.025518116,1.31963,1.31328,1.330385,1.30143,0.005174374,0.006794696,0.006330878,0.005425187,1.397325
12/22/2008,1.3942,1.3925,1.4125,1.3901,0.001868353,-0.02225811,-0.012996995,0.005570023,1.32478,1.319935,1.336365,1.3081,0.003940077,0.00514407,0.004541878,0.005128189,1.396225
12/23/2008,1.3962,1.3947,1.4022,1.3918,0.001434514,0.001579892,-0.007292035,0.001222934,1.329305,1.325095,1.341065,1.31367,0.003450309,0.003948648,0.003585583,0.00424639,1.397075
12/24/2008,1.4002,1.3946,1.4021,1.3914,0.002864919,-7.17E-05,-7.13165E-05,-0.000287398,1.334865,1.3295,1.345805,1.31914,0.004233059,0.003364343,0.003616416,0.004169539,1.401125
12/25/2008,1.4012,1.4008,1.405,1.3975,0.000714184,0.004445719,0.002068326,0.004384074,1.340475,1.335075,1.35121,1.324725,0.004268768,0.004244876,0.004117598,0.004240537,1.40455
12/26/2008,1.4061,1.4013,1.4119,1.3989,0.003497003,0.000356939,0.004911032,0.001001789,1.347305,1.340635,1.357005,1.331445,0.005200019,0.004231699,0.004397848,0.005118905,1.40935
12/29/2008,1.3976,1.4066,1.4363,1.3969,-0.006045089,0.003782202,0.017281677,-0.001429695,1.35406,1.3474,1.36524,1.33838,0.005173463,0.005149434,0.00620329,0.00529653,1.4042
12/30/2008,1.4069,1.3959,1.4223,1.3917,0.006654264,-0.007606996,-0.009747267,-0.003722528,1.360845,1.354185,1.37252,1.345155,0.005161622,0.005205646,0.005515392,0.005189883,1.40115
12/31/2008,1.3978,1.407,1.4149,1.3849,-0.006468121,0.007951859,-0.00520284,-0.004886111,1.367165,1.36099,1.37955,1.35139,0.004830349,0.005178703,0.005349242,0.004786367,1.39845
1/1/2009,1.3988,1.3967,1.4036,1.3947,0.00071541,-0.00732054,-0.00798643,0.007076323,1.373255,1.367295,1.385485,1.35838,0.00464589,0.004824478,0.004534006,0.005350467,1.394075
1/2/2009,1.3876,1.3991,1.4057,1.3839,-0.008006863,0.001718336,0.001496153,-0.007743601,1.378965,1.37331,1.39177,1.36444,0.004386502,0.004587713,0.00479949,0.004652505,1.375475
1/5/2009,1.3604,1.3904,1.3965,1.3546,-0.019602191,-0.006218283,-0.006544782,-0.02117205,1.382305,1.379195,1.39677,1.36858,0.002613241,0.004515304,0.00382772,0.003233564,1.351725
1/6/2009,1.3507,1.3593,1.3659,1.331,-0.007130256,-0.022367664,-0.021911923,-0.017422117,1.38528,1.382425,1.400055,1.371145,0.002349492,0.002532616,0.002589432,0.002051874,1.3584
1/7/2009,1.3632,1.3526,1.3748,1.343,0.009254461,-0.004929008,0.00651585,0.009015778,1.388365,1.38542,1.403435,1.37379,0.002413361,0.002363404,0.002646035,0.002096318,1.3675
1/8/2009,1.3725,1.3641,1.3801,1.3533,0.006822183,0.008502144,0.003855106,0.007669397,1.390205,1.38853,1.405405,1.37645,0.001440602,0.002432667,0.001557425,0.002092221,1.357975
1/9/2009,1.3437,1.3718,1.375,1.3414,-0.020983607,0.005644747,-0.003695384,-0.00879332,1.39053,1.390395,1.407075,1.37727,0.000335271,0.001462888,0.001339091,0.000694936,1.3401
1/12/2009,1.337,1.3466,1.3481,1.3287,-0.004986232,-0.018370025,-0.019563636,-0.00946772,1.388825,1.39088,1.40592,1.37687,-0.001181614,0.000454465,-0.000742251,-0.000219959,1.327075
1/13/2009,1.3195,1.3369,1.3378,1.3141,-0.013089005,-0.007203327,-0.007640383,-0.010988184,1.38431,1.3892,1.40208,1.374425,-0.00324734,-0.00116234,-0.002706825,-0.001753134,1.319525
1/14/2009,1.3161,1.319,1.3337,1.3093,-0.002576734,-0.013389184,-0.003064733,-0.00365269,1.37811,1.384695,1.396575,1.36991,-0.004450797,-0.003240044,-0.003892156,-0.003278395,1.31485
1/15/2009,1.3153,1.3173,1.3242,1.3026,-0.000607857,-0.001288855,-0.007123041,-0.005117238,1.37283,1.37857,1.389185,1.36411,-0.00381457,-0.004393835,-0.005224897,-0.004213023,1.322475
1/16/2009,1.3303,1.3141,1.3345,1.311,0.011404242,-0.002429211,0.007778281,0.006448641,1.369765,1.373065,1.384355,1.36054,-0.002213321,-0.003973553,-0.003446717,-0.002614685,1.323375
1/19/2009,1.311,1.3337,1.3387,1.3101,-0.014508006,0.014915151,0.003147246,-0.000686499,1.365605,1.370125,1.380665,1.35654,-0.003032139,-0.00211489,-0.002639505,-0.002927511,1.29875
1/20/2009,1.2887,1.3096,1.3111,1.2856,-0.017009916,-0.018070031,-0.020617017,-0.018700863,1.36023,1.36587,1.37611,1.35123,-0.003954361,-0.003097386,-0.003305754,-0.003923701,1.295375
1/21/2009,1.3039,1.2895,1.3056,1.2825,0.011794832,-0.015348198,-0.004194951,-0.002411325,1.355415,1.360615,1.371285,1.345785,-0.003507865,-0.003861211,-0.003511936,-0.004029897,1.300325
1/22/2009,1.2984,1.3036,1.3085,1.2908,-0.004218115,0.010934471,0.002221201,0.006471735,1.350275,1.355755,1.36646,1.34045,-0.00375448,-0.003536774,-0.003504292,-0.003925514,1.294825
1/23/2009,1.2989,1.3004,1.3035,1.2765,0.000385089,-0.002454741,-0.003821169,-0.011078401,1.344915,1.35071,1.36104,1.33433,-0.003910075,-0.003677358,-0.003940902,-0.004529523,1.305375
1/26/2009,1.3165,1.298,1.3209,1.2861,0.013549927,-0.001845586,0.013348677,0.007520564,1.34086,1.34528,1.35527,1.32879,-0.002930325,-0.003958747,-0.004137552,-0.00408201,1.320075
1/27/2009,1.3176,1.3179,1.333,1.3118,0.000835549,0.015331279,0.009160421,0.019982894,1.336395,1.34138,1.350805,1.324795,-0.00322126,-0.002811833,-0.003192168,-0.002896739,1.31845
1/28/2009,1.3135,1.3176,1.3325,1.3102,-0.003111718,-0.000227635,-0.000375094,-0.001219698,1.33218,1.33691,1.346685,1.32106,-0.00305344,-0.003220808,-0.00295078,-0.002713419,1.30545
1/29/2009,1.2958,1.3146,1.3181,1.2933,-0.013475447,-0.002276867,-0.010806754,-0.012898794,1.32703,1.332805,1.34241,1.31599,-0.003762983,-0.002968624,-0.003091797,-0.003712175,1.287
1/30/2009,1.278,1.2958,1.2965,1.2777,-0.013736688,-0.014300928,-0.016387224,-0.012062167,1.32155,1.32764,1.33695,1.31068,-0.004049474,-0.003769587,-0.003985965,-0.003928103,1.2807
2/2/2009,1.2849,1.2773,1.29,1.2706,0.005399061,-0.014276895,-0.005013498,-0.00555686,1.317775,1.321985,1.331625,1.30648,-0.002799412,-0.004172518,-0.003909401,-0.003147343,1.2935
2/3/2009,1.3036,1.2845,1.3058,1.2801,0.014553662,0.00563689,0.012248062,0.007476783,1.31542,1.318245,1.32862,1.303935,-0.001715216,-0.00277229,-0.002201402,-0.001902398,1.29365
2/4/2009,1.2828,1.3035,1.307,1.2813,-0.015955815,0.014791748,0.000918977,0.000937427,1.3114,1.31579,1.32523,1.30085,-0.00297573,-0.001786253,-0.002481246,-0.002306316,1.282475
2/5/2009,1.2783,1.2853,1.2905,1.2758,-0.003507951,-0.013962409,-0.012624331,-0.004292515,1.30669,1.31185,1.32075,1.296975,-0.003492236,-0.00290948,-0.003305218,-0.002904412,1.2867
2/6/2009,1.2931,1.2797,1.2993,1.2747,0.011577877,-0.004356959,0.006819062,-0.000862204,1.30416,1.307245,1.316965,1.29364,-0.001864162,-0.003409566,-0.002779495,-0.002507856,1.29845
2/9/2009,1.3009,1.2961,1.3095,1.2873,0.006032016,0.012815504,0.007850381,0.009884679,1.302355,1.30472,1.315035,1.29157,-0.00131325,-0.001850289,-0.001408794,-0.001540236,1.294875
2/10/2009,1.2897,1.3013,1.3076,1.2809,-0.008609424,0.004012036,-0.001450935,-0.004971646,1.300865,1.30294,1.313525,1.28991,-0.001089271,-0.001289521,-0.001099322,-0.001239409,1.29075
2/11/2009,1.2895,1.2901,1.3001,1.2833,-0.000155075,-0.008606778,-0.005735699,0.001873683,1.299535,1.301495,1.311845,1.28861,-0.000968188,-0.001050401,-0.00123287,-0.00096309,1.2856
2/12/2009,1.2861,1.2898,1.2944,1.2721,-0.002636681,-0.00023254,-0.004384278,-0.008727499,1.298075,1.30012,1.310355,1.287085,-0.001069629,-0.000997585,-0.001095932,-0.001143603,1.287125
2/13/2009,1.286,1.2862,1.2944,1.2819,-7.77545E-05,-0.00279113,0,0.007703797,1.29586,1.298725,1.30835,1.28563,-0.001643729,-0.001015681,-0.001484846,-0.001080846,1.27825
2/16/2009,1.2777,1.28,1.2826,1.2727,-0.006454121,-0.004820401,-0.009116193,-0.007176847,1.294195,1.29604,1.305545,1.28376,-0.001241035,-0.002002459,-0.002098018,-0.001405363,1.26865
2/17/2009,1.2588,1.2786,1.281,1.2562,-0.014792205,-0.00109375,-0.001247466,-0.012964564,1.2927,1.29449,1.30404,1.28229,-0.001130149,-0.001153644,-0.001129541,-0.001118548,1.257125
2/18/2009,1.2537,1.2594,1.2641,1.2513,-0.004051478,-0.015016424,-0.013192818,-0.003900653,1.29019,1.292985,1.301965,1.28073,-0.001922465,-0.001137056,-0.001579434,-0.001193014,1.262325
2/19/2009,1.2662,1.2544,1.2761,1.2526,0.009970487,-0.003970145,0.00949292,0.00103892,1.28858,1.290525,1.300345,1.27882,-0.001213034,-0.001882287,-0.001215848,-0.001464655,1.273575
2/20/2009,1.284,1.2662,1.2884,1.2557,0.014057811,0.009406888,0.009638743,0.002474852,1.287835,1.288815,1.29959,1.27778,-0.000529398,-0.001289205,-0.000542852,-0.000786992,1.27955
2/23/2009,1.2706,1.279,1.2994,1.2692,-0.010436137,0.010108988,0.008537721,0.010750976,1.28554,1.287865,1.298515,1.276935,-0.001728702,-0.000691476,-0.0007834,-0.000625472,1.2769
2/24/2009,1.2839,1.2697,1.2878,1.2662,0.010467496,-0.007271306,-0.008927197,-0.002363694,1.283855,1.285455,1.296255,1.274655,-0.001247104,-0.001821606,-0.001687781,-0.001742801,1.27855
2/25/2009,1.2707,1.2843,1.2902,1.269,-0.010281175,0.011498779,0.001863643,0.002211341,1.281715,1.28379,1.29414,1.272595,-0.001605577,-0.001235285,-0.001575844,-0.001571249,1.2735
2/26/2009,1.273,1.2716,1.2811,1.2683,0.001810026,-0.009888655,-0.00705317,-0.000551615,1.280575,1.28164,1.29229,1.271345,-0.000841303,-0.001615874,-0.001388165,-0.00095389,1.26915
2/27/2009,1.2668,1.2742,1.2752,1.2604,-0.004870385,0.002044668,-0.004605417,-0.00622881,1.280015,1.28056,1.291225,1.27048,-0.000397988,-0.000798595,-0.000799075,-0.000662223,1.2598
3/2/2009,1.2583,1.2626,1.2637,1.2546,-0.00670982,-0.009103751,-0.009018193,-0.004601714,1.278685,1.279825,1.28991,1.26968,-0.001003432,-0.000539937,-0.000999309,-0.000614465,1.258525
3/3/2009,1.2565,1.2576,1.2679,1.2521,-0.001430501,-0.003960082,0.003323574,-0.001992667,1.27633,1.27848,1.288015,1.26828,-0.00180264,-0.001019786,-0.001445534,-0.001087938,1.258075
3/4/2009,1.2635,1.2572,1.2659,1.2457,0.005571031,-0.000318066,-0.001577411,-0.005111413,1.275365,1.276165,1.28596,1.2665,-0.000726298,-0.001775277,-0.001570353,-0.00139038,1.2589
3/5/2009,1.256,1.265,1.2665,1.2481,-0.005935892,0.006204263,0.000473971,0.001926628,1.27425,1.27515,1.28476,1.265115,-0.000847695,-0.000766943,-0.000915438,-0.001079423,1.261975
3/6/2009,1.264,1.2553,1.2755,1.2531,0.006369427,-0.007667984,0.007106198,0.004006089,1.272795,1.27393,1.28357,1.264035,-0.001108118,-0.000932494,-0.000901081,-0.000836008,1.26385
3/9/2009,1.261,1.2662,1.2729,1.2553,-0.002373418,0.008683183,-0.002038416,0.001755646,1.2708,1.272435,1.28174,1.262435,-0.001528389,-0.00113911,-0.001395521,-0.00124246,1.266975
3/10/2009,1.267,1.2607,1.2824,1.2578,0.004758128,-0.004343706,0.007463273,0.001991556,1.269665,1.270405,1.28048,1.26128,-0.000860012,-0.001556897,-0.000949811,-0.000894299,1.2748
3/11/2009,1.2827,1.2682,1.2866,1.2617,0.012391476,0.005949076,0.003275109,0.003100652,1.269325,1.26931,1.279805,1.2602,-0.000232684,-0.000829105,-0.00049927,-0.000832951,1.28565
3/12/2009,1.2909,1.2839,1.2946,1.2732,0.006392765,0.012379751,0.006217939,0.009114687,1.269565,1.269015,1.279815,1.260255,0.000218788,-0.00019849,3.08404E-05,5.91583E-05,1.291425
3/13/2009,1.2922,1.2915,1.2958,1.2862,0.001007049,0.005919464,0.000926927,0.010210493,1.269875,1.26928,1.279885,1.26047,0.000273028,0.000237039,7.71868E-05,0.000184493,1.293975
3/16/2009,1.2965,1.2887,1.3071,1.2836,0.003327658,-0.002168022,0.008720482,-0.002021459,1.270815,1.269715,1.28111,1.261015,0.000762117,0.000369658,0.000969021,0.000442263,1.298775
3/17/2009,1.3012,1.2975,1.3034,1.293,0.003625145,0.006828587,-0.002830694,0.007323154,1.272935,1.27066,1.28223,1.262855,0.001682985,0.000765775,0.000889859,0.001456648,1.3255
3/18/2009,1.3505,1.3015,1.3514,1.2986,0.037888103,0.003082852,0.036826761,0.004331013,1.277775,1.272765,1.286595,1.26522,0.003779964,0.001670739,0.003390838,0.001868232,1.357975
3/19/2009,1.3663,1.3499,1.3739,1.3418,0.011699371,0.03718786,0.016649401,0.033266595,1.28278,1.27754,1.291485,1.26968,0.003866408,0.003728639,0.003748662,0.003479615,1.3622
3/20/2009,1.358,1.3663,1.3729,1.3516,-0.006074801,0.012149048,-0.000727855,0.007303622,1.28648,1.282545,1.29571,1.274475,0.002859777,0.003865747,0.003230332,0.003721054,1.36205
3/23/2009,1.3629,1.363,1.3737,1.3486,0.003608247,-0.002415282,0.000582708,-0.002219592,1.291095,1.286745,1.299425,1.278445,0.003561997,0.003239534,0.002832582,0.003072526,1.354925
3/24/2009,1.3458,1.3628,1.3679,1.3432,-0.012546775,-0.000146735,-0.004222174,-0.004004152,1.29419,1.2914,1.30343,1.282295,0.002411283,0.003595762,0.003067833,0.002990503,1.353025
3/25/2009,1.3582,1.347,1.3651,1.3418,0.00921385,-0.011593778,-0.002046933,-0.001042287,1.298565,1.294535,1.307175,1.285935,0.003386034,0.002441135,0.002872304,0.002827821,1.35625
3/26/2009,1.3532,1.3585,1.364,1.3493,-0.003681343,0.008537491,-0.000805802,0.005589507,1.302575,1.29888,1.31132,1.289985,0.003111466,0.003362442,0.003184672,0.003134877,1.341825
3/27/2009,1.3298,1.3526,1.3592,1.3257,-0.017292344,-0.004343025,-0.003519062,-0.017490551,1.305725,1.3028,1.31552,1.29325,0.002490368,0.003043057,0.00323899,0.00257179,1.3209
3/30/2009,1.3206,1.323,1.3287,1.3113,-0.006918334,-0.021883779,-0.02243967,-0.010862186,1.30884,1.30582,1.31877,1.296085,0.002479942,0.002404056,0.002567916,0.002258767,1.324225
3/31/2009,1.325,1.3202,1.3343,1.3174,0.003331819,-0.002116402,0.004214646,0.004651872,1.312265,1.30895,1.32209,1.29935,0.002718058,0.00249624,0.00261247,0.002590994,1.32335
4/1/2009,1.3231,1.3249,1.3287,1.3167,-0.001433962,0.003560067,-0.004196957,-0.00053135,1.315245,1.312335,1.32523,1.3029,0.002367809,0.002690146,0.002481493,0.002819997,1.335975
4/2/2009,1.3461,1.3238,1.3518,1.3222,0.017383418,-0.000830251,0.017385414,0.004177109,1.31975,1.315275,1.329495,1.306605,0.003533774,0.002338421,0.003327065,0.002932521,1.345025
4/3/2009,1.348,1.3461,1.3496,1.3364,0.001411485,0.016845445,-0.00162746,0.010739676,1.32395,1.319815,1.3332,1.31077,0.003285877,0.003564092,0.002890382,0.0032692,1.3463
4/6/2009,1.3406,1.3506,1.3583,1.3357,-0.005489614,0.003342991,0.006446354,-0.000523795,1.32793,1.324035,1.33747,1.31479,0.003130067,0.003297083,0.00331462,0.003155228,1.33285
4/7/2009,1.3267,1.3406,1.3415,1.3226,-0.010368492,-0.007404117,-0.012368402,-0.009807592,1.330915,1.32803,1.340425,1.31803,0.002373736,0.003144062,0.002323037,0.002565271,1.324625
4/8/2009,1.3258,1.327,1.3311,1.3146,-0.000678375,-0.010144711,-0.007752516,-0.006048692,1.33307,1.33097,1.34265,1.320675,0.001720244,0.002339373,0.001771655,0.002107804,1.3225
4/9/2009,1.3164,1.3275,1.3336,1.3125,-0.007090059,0.00037679,0.001878146,-0.001597444,1.334345,1.33315,1.3446,1.32264,0.001046102,0.001739225,0.001554666,0.001572197,1.315825
4/10/2009,1.3186,1.3167,1.319,1.309,0.001671225,-0.008135593,-0.01094781,-0.002666667,1.335665,1.33441,1.34576,1.32378,0.001079311,0.001036472,0.000960929,0.000928339,1.3268
4/13/2009,1.3363,1.3189,1.3393,1.3127,0.013423328,0.001670844,0.015390447,0.002826585,1.337655,1.33592,1.34737,1.325235,0.001584095,0.001228415,0.001294427,0.001170741,1.3307
4/14/2009,1.3252,1.3368,1.3382,1.3226,-0.008306518,0.013571916,-0.000821325,0.007541708,1.338855,1.337885,1.34911,1.326715,0.000987511,0.001565581,0.001394896,0.001181669,1.32305
4/15/2009,1.3219,1.3259,1.3298,1.3146,-0.00249019,-0.0081538,-0.006277089,-0.006048692,1.337425,1.339105,1.34803,1.327515,-0.001031403,0.001003749,-0.000760297,0.000662684,1.31985
4/16/2009,1.3178,1.3219,1.327,1.3127,-0.003101596,-0.003016819,-0.00210558,-0.001445307,1.335,1.337705,1.345685,1.32606,-0.001771452,-0.001006485,-0.001698046,-0.001072911,1.310975
4/17/2009,1.3038,1.3184,1.3199,1.3018,-0.010623767,-0.002647704,-0.005350414,-0.008303497,1.33229,1.33531,1.343035,1.32357,-0.0019989,-0.001746323,-0.001929174,-0.001853267,1.297725
4/20/2009,1.2915,1.3054,1.3055,1.2885,-0.009433962,-0.009860437,-0.010909917,-0.010216623,1.32872,1.33243,1.339625,1.320565,-0.00265101,-0.00211858,-0.002503805,-0.002253119,1.29365
4/21/2009,1.2933,1.2921,1.2995,1.2897,0.001393728,-0.010188448,-0.00459594,0.000931315,1.326095,1.328895,1.336205,1.31789,-0.001953985,-0.002620666,-0.002522493,-0.002006345,1.29665
4/22/2009,1.2997,1.2946,1.3038,1.2885,0.004948581,0.001934835,0.003308965,-0.000930449,1.32317,1.326275,1.33314,1.315225,-0.002167249,-0.001944235,-0.002254699,-0.002000753,1.3072
4/23/2009,1.3146,1.3,1.3162,1.298,0.011464184,0.004171173,0.009510661,0.007372914,1.32124,1.32335,1.33075,1.31266,-0.001409972,-0.002162551,-0.001738875,-0.001911583,1.3202
4/24/2009,1.3252,1.3141,1.3303,1.3112,0.008063289,0.010846154,0.010712658,0.010169492,1.32101,1.321425,1.329305,1.311935,-0.000142191,-0.001403092,-0.001027289,-0.000528581,1.31275
4/27/2009,1.3018,1.3245,1.3247,1.3,-0.017657712,0.007914162,-0.004209577,-0.008541794,1.32007,1.3215,1.329105,1.31137,-0.00067916,8.68046E-05,-0.000115785,-0.000412561,1.307575
4/28/2009,1.3144,1.3028,1.3168,1.2963,0.009678906,-0.016383541,-0.005963614,-0.002846154,1.31954,1.32063,1.32823,1.310315,-0.000361805,-0.000626552,-0.000624698,-0.000787463,1.32175
4/29/2009,1.3263,1.3144,1.3342,1.3121,0.009053561,0.008903899,0.013213852,0.012188537,1.3197,1.320105,1.328505,1.310085,0.000162571,-0.000359361,0.000245843,-0.000151468,1.3266
4/30/2009,1.3226,1.3262,1.3386,1.319,-0.002789716,0.00897748,0.003297856,0.005258746,1.318525,1.320225,1.327845,1.309925,-0.000846086,0.000131026,-0.000458535,-9.73866E-05,1.32595
5/1/2009,1.3263,1.3228,1.3329,1.3218,0.00279752,-0.002563716,-0.00425818,0.00212282,1.31744,1.31906,1.32701,1.309195,-0.000776784,-0.000839432,-0.000590071,-0.000528229,1.33295
5/4/2009,1.3402,1.3279,1.3426,1.3211,0.010480283,0.003855458,0.007277365,-0.000529581,1.31742,1.317925,1.326225,1.308465,2.17109E-05,-0.000813809,-0.000548521,-0.000528519,1.3363
5/5/2009,1.3322,1.3409,1.3439,1.3282,-0.005969258,0.009789894,0.000968271,0.005374309,1.317695,1.31794,1.326345,1.308745,0.000241673,4.58917E-05,0.000118313,0.000230576,1.331425
5/6/2009,1.3317,1.3318,1.3376,1.3246,-0.000375319,-0.006786487,-0.004687849,-0.002710435,1.31799,1.31818,1.32667,1.309245,0.000256825,0.000213803,0.000271546,0.000397489,1.33605
5/7/2009,1.3398,1.3321,1.3472,1.3251,0.006082451,0.000225259,0.007177033,0.000377472,1.31916,1.31841,1.32735,1.309875,0.000915451,0.000206226,0.000536491,0.000496235,1.35075
5/8/2009,1.3646,1.3391,1.3651,1.3342,0.018510225,0.005254861,0.013286817,0.006867406,1.32146,1.31953,1.329655,1.311135,0.001757401,0.000875749,0.001748222,0.000972939,1.3611
5/11/2009,1.3574,1.3647,1.3669,1.3554,-0.005276271,0.019117318,0.001318585,0.015889672,1.322515,1.32182,1.331035,1.31327,0.000822421,0.001748073,0.001044629,0.001626093,1.3623
5/12/2009,1.3643,1.3577,1.3708,1.3564,0.005083247,-0.005129332,0.002853171,0.00073779,1.32447,1.322865,1.332665,1.31496,0.001491909,0.00081301,0.001228354,0.001285897,1.363325
5/13/2009,1.3598,1.3646,1.3723,1.3566,-0.003298395,0.005082124,0.001094252,0.000147449,1.326365,1.3248,1.33479,1.31706,0.001451499,0.001474807,0.001596921,0.001595704,1.36055
5/14/2009,1.3633,1.3599,1.3665,1.3525,0.002573908,-0.003444233,-0.004226481,-0.003022262,1.32864,1.3267,1.336765,1.31905,0.001735274,0.001453436,0.001490876,0.001516856,1.35605
5/15/2009,1.3492,1.3637,1.3651,1.3462,-0.010342551,0.002794323,-0.001024515,-0.004658041,1.33091,1.328965,1.339025,1.32127,0.001749335,0.001725537,0.001707171,0.001699129,1.35065
5/18/2009,1.3555,1.3483,1.3565,1.3423,0.004669434,-0.011292806,-0.006299905,-0.002897044,1.33411,1.33111,1.341575,1.32396,0.002454505,0.001653919,0.001937671,0.002065108,1.359525
5/19/2009,1.3623,1.3558,1.367,1.353,0.005016599,0.00556256,0.007740509,0.007971392,1.33756,1.334295,1.34495,1.327125,0.002635648,0.002441469,0.002554494,0.002417112,1.370375
5/20/2009,1.377,1.363,1.3832,1.3583,0.010790575,0.005310518,0.011850768,0.003917221,1.341425,1.337715,1.34892,1.330615,0.002927748,0.002610253,0.002981584,0.002659496,1.3829
5/21/2009,1.3892,1.3771,1.3925,1.3728,0.00885984,0.010344828,0.00672354,0.010675109,1.345155,1.34157,1.352735,1.334355,0.002797531,0.002918936,0.002842228,0.002824605,1.3957
5/22/2009,1.3991,1.3893,1.4051,1.3893,0.007126404,0.008859197,0.009048474,0.012019231,1.34885,1.34533,1.356475,1.33826,0.002750687,0.002819588,0.002759019,0.002917092,1.4008
5/25/2009,1.4005,1.4027,1.4042,1.3958,0.001000643,0.009645145,-0.000640524,0.004678615,1.353785,1.34924,1.36045,1.34305,0.003683604,0.002906137,0.002937471,0.003578113,1.3971
5/26/2009,1.3989,1.4014,1.4024,1.3857,-0.001142449,-0.000926784,-0.001281869,-0.007235994,1.35801,1.35417,1.36473,1.34752,0.003142537,0.003678975,0.003171558,0.003358621,1.39115
5/27/2009,1.3834,1.3987,1.4002,1.3823,-0.011080134,-0.001926645,-0.001568739,-0.002453634,1.360865,1.358385,1.36803,1.35103,0.002135852,0.003137448,0.002432429,0.002626512,1.38855
5/28/2009,1.3936,1.383,1.3984,1.3792,0.007373139,-0.011224709,-0.001285531,-0.002242639,1.364415,1.361225,1.37102,1.35404,0.002643995,0.002127339,0.00220326,0.002251443,1.4046
5/29/2009,1.4151,1.3938,1.417,1.3925,0.015427669,0.007809111,0.013300915,0.009643271,1.368855,1.364775,1.375225,1.357575,0.003275502,0.00264598,0.003081214,0.002627465,1.416175
6/1/2009,1.4164,1.4136,1.4248,1.4099,0.000918663,0.014205768,0.005504587,0.012495512,1.372665,1.36906,1.379335,1.362015,0.002797421,0.003163495,0.002992575,0.00327872,1.422275
6/2/2009,1.4303,1.4154,1.4333,1.4101,0.009813612,0.001273345,0.00596575,0.000141854,1.37757,1.372785,1.383805,1.36611,0.003586564,0.002737668,0.003242449,0.003017097,1.422625
6/3/2009,1.4151,1.4307,1.4339,1.4108,-0.010627141,0.010809665,0.000418614,0.000496419,1.38174,1.37773,1.38862,1.37042,0.003073973,0.003617476,0.003497773,0.00317744,1.4163
6/4/2009,1.4187,1.4154,1.4242,1.4069,0.00254399,-0.010694066,-0.006764767,-0.002764389,1.385685,1.381895,1.39247,1.37451,0.00289705,0.003071509,0.002800683,0.003020347,1.408825
6/5/2009,1.3972,1.4181,1.4268,1.3932,-0.015154719,0.001907588,0.001825586,-0.009737721,1.387315,1.385845,1.395555,1.37746,0.001213803,0.002904146,0.002227621,0.002190091,1.391525
6/8/2009,1.3895,1.3958,1.4003,1.3805,-0.005511022,-0.015725266,-0.018573031,-0.009115705,1.38892,1.3874,1.397225,1.378715,0.001202066,0.001162017,0.00123304,0.000939822,1.397925
6/9/2009,1.4065,1.3898,1.4102,1.3852,0.012234617,-0.00429861,0.007069914,0.003404564,1.39103,1.389005,1.399195,1.380155,0.001559634,0.001203553,0.001443877,0.00107316,1.4023
6/10/2009,1.3966,1.4066,1.4146,1.3914,-0.007038749,0.01208807,0.003120125,0.004475888,1.39287,1.391105,1.40131,1.381895,0.001372616,0.00155385,0.001545171,0.001289582,1.40495
6/11/2009,1.4104,1.3974,1.4179,1.3941,0.00988114,-0.006540594,0.002332815,0.001940492,1.395225,1.39298,1.40388,1.383975,0.001737978,0.001399032,0.001873136,0.00153772,1.4048
6/12/2009,1.4021,1.4106,1.413,1.3935,-0.005884855,0.009446114,-0.003455815,-0.000430385,1.39787,1.395325,1.406275,1.38634,0.001960863,0.001731621,0.001751571,0.001749103,1.388475
6/15/2009,1.3789,1.3992,1.4003,1.3755,-0.016546609,-0.008081667,-0.008987969,-0.012917115,1.39904,1.39787,1.408465,1.388,0.000900061,0.001892178,0.001617168,0.001248099,1.382775
6/16/2009,1.3835,1.3795,1.3933,1.3748,0.003335992,-0.014079474,-0.004998929,-0.000508906,1.4001,1.399055,1.40978,1.38909,0.00081603,0.000910077,0.000980196,0.000824084,1.389225
6/17/2009,1.394,1.3836,1.3986,1.3807,0.007589447,0.002972091,0.003803919,0.004291533,1.40095,1.400085,1.41055,1.39021,0.000655974,0.000793155,0.000577853,0.0008428,1.392975
6/18/2009,1.3903,1.3943,1.4003,1.387,-0.002654232,0.007733449,0.001215501,0.004562903,1.401005,1.400945,1.41094,1.39092,8.02702E-05,0.000662586,0.000302451,0.00053719,1.39345
6/19/2009,1.394,1.3902,1.4013,1.3883,0.002661296,-0.002940544,0.000714133,0.000937275,1.40075,1.40099,1.41075,1.39087,-0.000142985,7.25994E-05,-0.000114266,-1.69081E-05,1.389825
6/22/2009,1.386,1.3951,1.3956,1.3826,-0.005738881,0.003524673,-0.004067651,-0.004105741,1.400025,1.40061,1.41032,1.39021,-0.000479961,-0.000233424,-0.000285622,-0.000456126,1.3969
6/23/2009,1.4077,1.3863,1.4108,1.3828,0.015656566,-0.006307792,0.010891373,0.000144655,1.400465,1.399855,1.41074,1.390065,0.000359989,-0.000502475,0.00032304,-8.70935E-05,1.4007
6/24/2009,1.3924,1.4077,1.4139,1.3888,-0.010868793,0.015436774,0.002197335,0.004339022,1.400915,1.400305,1.411425,1.39039,0.000370556,0.000365696,0.000511344,0.000252539,1.3955
6/25/2009,1.3985,1.3931,1.4015,1.3889,0.004380925,-0.010371528,-0.008770069,7.20046E-05,1.40116,1.40081,1.41158,1.390875,0.000220946,0.000408355,0.000137117,0.000368271,1.403575
6/26/2009,1.4051,1.399,1.412,1.3982,0.004719342,0.004235159,0.007491973,0.006695946,1.40066,1.40107,1.41133,1.39116,-0.000314471,0.000229658,-0.00015333,0.000220905,1.405725
6/29/2009,1.4075,1.4066,1.4105,1.3983,0.001708063,0.005432452,-0.001062323,7.15205E-05,1.400215,1.40072,1.410615,1.39058,-0.000275001,-0.000209008,-0.000481676,-0.000400294,1.406725
6/30/2009,1.4033,1.4082,1.4154,1.4,-0.002984014,0.001137495,0.003473945,0.001215762,1.398865,1.40036,1.40972,1.390075,-0.000914882,-0.000215801,-0.000606266,-0.000346599,1.409625
7/1/2009,1.415,1.4033,1.4202,1.4,0.00833749,-0.003479619,0.003391267,0,1.39886,1.39899,1.409035,1.389535,3.33497E-05,-0.000930265,-0.000457633,-0.00037142,1.40425
7/2/2009,1.3939,1.4146,1.4156,1.3929,-0.014911661,0.008052448,-0.00323898,-0.005071429,1.39762,1.39895,1.408605,1.388835,-0.000839433,7.06091E-06,-0.000281344,-0.000486772,1.3974
7/3/2009,1.3961,1.397,1.4029,1.3936,0.001578305,-0.01244168,-0.008971461,0.000502549,1.397565,1.397895,1.40741,1.388855,-2.78159E-06,-0.000710402,-0.000821196,2.52416E-05,1.3952
7/6/2009,1.3974,1.3958,1.4,1.3876,0.000931165,-0.000858984,-0.002067147,-0.004305396,1.39796,1.397895,1.407395,1.38921,0.000319328,3.29117E-05,4.0978E-06,0.000265757,1.39635
7/7/2009,1.392,1.398,1.4052,1.3902,-0.003864319,0.001576157,0.003714286,0.001873739,1.397235,1.398305,1.407145,1.38946,-0.000485619,0.00032665,-0.000163684,0.000189216,1.389225
7/8/2009,1.3876,1.3922,1.3939,1.3832,-0.00316092,-0.004148784,-0.00804156,-0.005035247,1.396785,1.397585,1.40611,1.38905,-0.000291728,-0.000485193,-0.000721768,-0.000286341,1.3958
7/9/2009,1.4024,1.3878,1.4073,1.3857,0.010665898,-0.003160465,0.009613315,0.001807403,1.396385,1.397105,1.40558,1.38863,-0.00025249,-0.000316186,-0.000357743,-0.000292995,1.396525
7/10/2009,1.393,1.4021,1.4032,1.3878,-0.006702795,0.010304078,-0.00291338,0.00151548,1.39593,1.39668,1.40509,1.388345,-0.000293387,-0.000273288,-0.000330621,-0.000195702,1.395625
7/13/2009,1.3977,1.3949,1.4003,1.3896,0.003374013,-0.005135154,-0.002066705,0.001297017,1.39687,1.396465,1.40509,1.38905,0.000702644,-0.000125962,1.54421E-05,0.000515005,1.39685
7/14/2009,1.3968,1.3979,1.4017,1.391,-0.000643915,0.002150692,0.000999786,0.001007484,1.397535,1.397385,1.40551,1.38986,0.000503649,0.000685546,0.000315378,0.000590824,1.404275
7/15/2009,1.4104,1.3968,1.4136,1.3963,0.009736541,-0.000786895,0.008489691,0.003810208,1.398355,1.398045,1.40626,1.39064,0.000611004,0.000497597,0.000549666,0.000566758,1.4118
7/16/2009,1.4146,1.4105,1.4166,1.4055,0.002977879,0.009808133,0.002122241,0.006588842,1.39957,1.398855,1.407075,1.391565,0.000892609,0.000601331,0.000595003,0.000668055,1.411375
7/17/2009,1.4096,1.4146,1.4151,1.4062,-0.003534568,0.002906771,-0.001058873,0.000498043,1.40035,1.400075,1.407765,1.39246,0.000582816,0.000893697,0.000506353,0.000646093,1.417225
7/20/2009,1.4226,1.4108,1.4251,1.4104,0.009222474,-0.002686272,0.007066638,0.002986773,1.40218,1.40086,1.40924,1.39385,0.001330884,0.000583149,0.001063068,0.001000719,1.421975
7/21/2009,1.4211,1.4227,1.4278,1.4163,-0.001054407,0.008434931,0.001894604,0.00418321,1.40285,1.40268,1.41009,1.395525,0.000495335,0.001320285,0.000613229,0.001202647,1.421075
7/22/2009,1.4208,1.4222,1.4259,1.4154,-0.000211104,-0.000351444,-0.001330719,-0.000635459,1.40427,1.403405,1.41069,1.396855,0.00102822,0.000530874,0.000436827,0.000953923,1.419625
7/23/2009,1.4159,1.4213,1.4293,1.412,-0.003448761,-0.000632822,0.002384459,-0.002402148,1.40514,1.404815,1.41208,1.39801,0.000636735,0.00101781,0.000994553,0.000830215,1.418575
7/24/2009,1.4202,1.4151,1.4255,1.4135,0.003036938,-0.004362204,-0.002658644,0.001062323,1.405895,1.40562,1.412755,1.398775,0.000552615,0.000587942,0.000487022,0.000548534,1.423575
7/27/2009,1.4244,1.4227,1.4301,1.4171,0.00295733,0.005370645,0.003226938,0.002546869,1.40674,1.406425,1.413735,1.399715,0.000615078,0.000584851,0.000701485,0.000672301,1.4212
7/28/2009,1.4177,1.4236,1.4306,1.4129,-0.004703735,0.0006326,0.000349626,-0.002963799,1.40746,1.407195,1.414495,1.40036,0.000529092,0.000559607,0.000545269,0.000463323,1.410225
7/29/2009,1.4035,1.4171,1.4196,1.4007,-0.010016223,-0.004565889,-0.007689082,-0.008634723,1.406885,1.407885,1.414465,1.400395,-0.000388593,0.000505293,-8.74832E-06,3.1587E-05,1.405425
7/30/2009,1.4071,1.4043,1.4096,1.4007,0.002565016,-0.009032531,-0.007044238,0,1.407545,1.40737,1.414165,1.400785,0.000485241,-0.000348956,-0.000199011,0.000285158,1.41655
7/31/2009,1.4247,1.4071,1.428,1.4064,0.012507995,0.001993876,0.013053348,0.004069394,1.408975,1.407875,1.41542,1.401425,0.001031725,0.000372822,0.000902229,0.000463501,1.4334
8/3/2009,1.4416,1.4268,1.4446,1.4206,0.011862146,0.014000426,0.01162465,0.010096701,1.411185,1.409425,1.41765,1.403075,0.001578274,0.001115792,0.001586819,0.001183606,1.440375
8/4/2009,1.4399,1.4415,1.4434,1.4367,-0.001179245,0.010302775,-0.00083068,0.011333239,1.41358,1.4116,1.41956,1.4054,0.001712528,0.001552123,0.001359571,0.001656581,1.440375
8/5/2009,1.4409,1.4401,1.4449,1.4356,0.000694493,-0.000971211,0.001039213,-0.000765643,1.416245,1.413995,1.42211,1.40802,0.001905298,0.001711002,0.001813609,0.001870061,1.43795
8/6/2009,1.4346,1.441,1.4433,1.4329,-0.004372267,0.000624957,-0.001107343,-0.001880747,1.417855,1.416655,1.42391,1.41038,0.00115339,0.001900273,0.001277577,0.001685653,1.4276
8/7/2009,1.4185,1.435,1.4415,1.4154,-0.01122264,-0.004163775,-0.001247142,-0.012212995,1.41913,1.4183,1.425825,1.41176,0.000927398,0.00117688,0.001360888,0.00099923,1.416125
8/10/2009,1.4144,1.4177,1.422,1.4104,-0.002890377,-0.012055749,-0.013527575,-0.00353257,1.419965,1.41944,1.42691,1.4128,0.000614178,0.000830851,0.000787845,0.00075775,1.414625
8/11/2009,1.4145,1.4143,1.4187,1.411,7.07014E-05,-0.002398251,-0.002320675,0.000425411,1.42085,1.42026,1.42776,1.4138,0.000649909,0.000603404,0.000621822,0.000728647,1.4171
8/12/2009,1.4201,1.415,1.4248,1.4085,0.003958996,0.000494944,0.004299711,-0.001771793,1.421335,1.42117,1.42832,1.41441,0.000361032,0.000667495,0.000412323,0.000449546,1.425175
8/13/2009,1.4286,1.4196,1.4329,1.4196,0.005985494,0.003250883,0.005685008,0.007880724,1.422035,1.421625,1.429135,1.415115,0.000511413,0.000339633,0.000590461,0.000514141,1.423875
8/14/2009,1.4202,1.4285,1.4309,1.4159,-0.005879882,0.006269372,-0.001395771,-0.002606368,1.422565,1.42232,1.429925,1.4156,0.000394147,0.000507763,0.000573616,0.00035892,1.41265
8/17/2009,1.4078,1.4187,1.4196,1.4045,-0.008731165,-0.006860343,-0.007897128,-0.008051416,1.421825,1.422715,1.42965,1.415305,-0.000503535,0.00029906,-0.000174572,-0.000192989,1.410775
8/18/2009,1.4131,1.4078,1.4155,1.4067,0.003764739,-0.00768309,-0.002888138,0.001566394,1.421425,1.42197,1.429035,1.414825,-0.000262578,-0.000506842,-0.000413709,-0.00032383,1.41805
8/19/2009,1.4234,1.4135,1.4269,1.4084,0.007288939,0.004048871,0.008053691,0.001208502,1.421555,1.421535,1.429085,1.414475,0.000112425,-0.000286826,5.55115E-05,-0.000231632,1.423825
8/20/2009,1.4248,1.4228,1.4277,1.42,0.00098356,0.006579413,0.000560656,0.008236297,1.422,1.42161,1.429005,1.414875,0.000334041,7.3786E-05,-3.56786E-05,0.00030029,1.4289
8/21/2009,1.432,1.425,1.4377,1.4209,0.005053341,0.001546247,0.007004273,0.000633803,1.42259,1.422105,1.429615,1.415245,0.000434861,0.000369209,0.000447467,0.000278864,1.431925
8/24/2009,1.43,1.4337,1.436,1.428,-0.001396648,0.006105263,-0.001182444,0.004996833,1.42287,1.422655,1.42991,1.41579,0.000217162,0.000405939,0.000226998,0.000401362,1.430275
8/25/2009,1.4295,1.4301,1.4362,1.4253,-0.00034965,-0.002510986,0.000139276,-0.001890756,1.42346,1.42298,1.43019,1.41641,0.000434866,0.00024876,0.000216481,0.000455014,1.42765
8/26/2009,1.4248,1.4301,1.4351,1.4206,-0.003287863,0,-0.00076591,-0.003297551,1.424525,1.42363,1.430965,1.417405,0.000771284,0.000477055,0.000562639,0.000721873,1.430675
8/27/2009,1.435,1.4251,1.4407,1.4219,0.007158899,-0.003496259,0.003902167,0.000915106,1.42592,1.42467,1.43252,1.418465,0.001000978,0.000753868,0.001109959,0.000767628,1.432725
8/28/2009,1.4296,1.4343,1.439,1.428,-0.003763066,0.006455687,-0.001179982,0.004290034,1.426165,1.42603,1.43307,1.419545,0.000187425,0.000976959,0.000398293,0.00077866,1.431575
8/31/2009,1.4329,1.431,1.4369,1.4255,0.002308338,-0.002300774,-0.001459347,-0.0017507,1.42573,1.42624,1.432685,1.41979,-0.000290265,0.000161899,-0.000255907,0.00018629,1.4277
9/1/2009,1.4219,1.4333,1.4379,1.4177,-0.007676739,0.001607268,0.000695943,-0.005471764,1.42483,1.42583,1.43241,1.41884,-0.00061514,-0.000272877,-0.000179576,-0.00065396,1.424225
9/2/2009,1.4262,1.4221,1.4295,1.4191,0.003024123,-0.007814135,-0.005841853,0.000987515,1.424095,1.42493,1.43164,1.418015,-0.000498658,-0.000615023,-0.000523629,-0.000566302,1.427575
9/3/2009,1.4252,1.4265,1.435,1.4236,-0.000701164,0.003094016,0.003847499,0.003171024,1.423625,1.424205,1.431225,1.41755,-0.000315103,-0.00049157,-0.000275887,-0.000313714,1.4266
9/4/2009,1.429,1.4255,1.4329,1.419,0.002666292,-0.000701016,-0.001463415,-0.003231245,1.42415,1.42373,1.430795,1.41773,0.000379343,-0.000318432,-0.000286701,0.000135374,1.432625
9/7/2009,1.4334,1.4307,1.4362,1.4302,0.003079076,0.003647843,0.002303022,0.007892882,1.4251,1.42438,1.431505,1.41872,0.000677816,0.000466748,0.000504829,0.000706647,1.441975
9/8/2009,1.4482,1.4333,1.4536,1.4328,0.010325101,0.001817292,0.012115304,0.001817928,1.426785,1.42533,1.43325,1.41981,0.001190536,0.000677525,0.001226628,0.000776272,1.452725
9/9/2009,1.4559,1.4483,1.4602,1.4465,0.005316945,0.01046536,0.004540451,0.009561697,1.428575,1.426995,1.43502,1.42171,0.001258434,0.001176046,0.001238665,0.001342947,1.4564
9/10/2009,1.4577,1.4564,1.4614,1.4501,0.001236349,0.005592764,0.000821805,0.002488766,1.43003,1.428835,1.436445,1.423235,0.001020976,0.00129314,0.000995505,0.001073349,1.458375
9/11/2009,1.4567,1.4578,1.4636,1.4554,-0.000686012,0.000961274,0.001505406,0.00365492,1.431855,1.4303,1.43808,1.42521,0.00128067,0.001027735,0.001140564,0.001386413,1.459825
9/14/2009,1.4623,1.46,1.4654,1.4516,0.003844306,0.001509123,0.001229844,-0.002610966,1.43458,1.432365,1.44037,1.427565,0.001909443,0.001446208,0.001596912,0.001658436,1.463225
9/15/2009,1.4659,1.4623,1.4687,1.456,0.002461875,0.001575342,0.002251945,0.003031138,1.43722,1.43509,1.44303,1.43003,0.0018443,0.00190913,0.001853917,0.001731673,1.468675
9/16/2009,1.471,1.4658,1.4737,1.4642,0.003479091,0.00239349,0.003404371,0.005631868,1.4396,1.437705,1.44537,1.43282,0.001653808,0.001826361,0.001621451,0.001952841,1.472575
9/17/2009,1.4738,1.471,1.4768,1.4687,0.001903467,0.003547551,0.002103549,0.003073351,1.44205,1.440115,1.447825,1.435255,0.001699803,0.001674768,0.001698595,0.001694694,1.471125
9/18/2009,1.4707,1.4743,1.4748,1.4647,-0.002103406,0.002243372,-0.00135428,-0.002723497,1.443985,1.44258,1.44968,1.437445,0.001341966,0.001709624,0.001280668,0.001526829,1.46735
9/21/2009,1.4674,1.4698,1.4714,1.4608,-0.002243829,-0.003052296,-0.002305397,-0.002662661,1.445855,1.444385,1.45145,1.439085,0.001299607,0.001251746,0.00122452,0.001143854,1.474075
9/22/2009,1.4787,1.4678,1.4823,1.4675,0.007700695,-0.001360729,0.007407911,0.004586528,1.448315,1.44627,1.453755,1.441195,0.001702124,0.001309259,0.001587952,0.001467719,1.47715
9/23/2009,1.4729,1.4789,1.4844,1.4724,-0.003922364,0.007562338,0.001416717,0.003339012,1.45072,1.44871,1.45622,1.443785,0.001670399,0.001687376,0.001697083,0.001799547,1.4703
9/24/2009,1.4658,1.4722,1.4804,1.4628,-0.004820422,-0.004530394,-0.002694691,-0.006519967,1.45226,1.451065,1.458205,1.44583,0.001071433,0.001635669,0.00136724,0.001427793,1.467275
9/25/2009,1.4686,1.4665,1.4726,1.4614,0.00191022,-0.003871757,-0.005268846,-0.000957069,1.45421,1.452675,1.459885,1.4475,0.001355097,0.001119297,0.001162797,0.001165438,1.4651
9/28/2009,1.4619,1.4703,1.4722,1.456,-0.004562168,0.002591204,-0.000271628,-0.003695087,1.45566,1.45464,1.46165,1.449025,0.001011572,0.001363895,0.001222183,0.001068219,1.459425
9/29/2009,1.4583,1.4621,1.4647,1.4526,-0.002462549,-0.005577093,-0.005094417,-0.002335165,1.45748,1.45608,1.46299,1.45077,0.001272281,0.001004677,0.000932665,0.001225049,1.46175
9/30/2009,1.4635,1.4585,1.4675,1.4575,0.003565796,-0.002462212,0.001911654,0.003373262,1.459345,1.4579,1.46489,1.45269,0.001299365,0.001272274,0.00132034,0.001344336,1.458825
10/1/2009,1.453,1.4638,1.4669,1.4516,-0.007174581,0.00363387,-0.000408859,-0.004048027,1.460735,1.459765,1.466485,1.45409,0.000975694,0.001299266,0.001107522,0.000983383,1.45595
10/2/2009,1.4569,1.454,1.4649,1.448,0.002684102,-0.006694904,-0.001363419,-0.002480022,1.46213,1.46119,1.468085,1.45554,0.000976585,0.000999572,0.001112522,0.001020945,1.462575
10/5/2009,1.4648,1.4603,1.4671,1.4581,0.005422472,0.004332875,0.001501809,0.006975138,1.4637,1.46267,1.46963,1.456935,0.001093754,0.001033824,0.001072461,0.000975057,1.469425
10/6/2009,1.4717,1.4648,1.4766,1.4646,0.004710541,0.003081559,0.00647536,0.004457856,1.464875,1.464245,1.47078,1.458525,0.000813026,0.001097037,0.000790464,0.001107054,1.469775
10/7/2009,1.4685,1.4719,1.4737,1.465,-0.002174356,0.004847078,-0.001963971,0.000273112,1.465505,1.465425,1.471455,1.45945,0.000438461,0.000816123,0.000465243,0.000642624,1.474475
10/8/2009,1.4789,1.469,1.4818,1.4682,0.007082057,-0.001970243,0.00549637,0.0021843,1.466565,1.466055,1.472475,1.460355,0.000730747,0.000437972,0.000698971,0.000627401,1.4748
10/9/2009,1.4727,1.4794,1.4798,1.4673,-0.004192305,0.007079646,-0.00134971,-0.000612996,1.467365,1.467135,1.473285,1.46095,0.000555432,0.000743891,0.000556216,0.000414005,1.47465
10/12/2009,1.4771,1.4724,1.4815,1.4676,0.00298771,-0.004731648,0.001148804,0.000204457,1.468105,1.467755,1.47409,1.46175,0.000512602,0.000431852,0.000552164,0.000554777,1.481775
10/13/2009,1.4856,1.4777,1.4878,1.476,0.005754519,0.003599565,0.004252447,0.00572363,1.46909,1.468525,1.475045,1.46275,0.000677234,0.000533064,0.000652189,0.000689401,1.489075
10/14/2009,1.4924,1.4854,1.4947,1.4838,0.004577275,0.005210801,0.00463772,0.005284553,1.47016,1.469505,1.476095,1.46373,0.000732144,0.000673929,0.000713856,0.000672035,1.4921
10/15/2009,1.4943,1.493,1.4969,1.4842,0.001273117,0.005116467,0.001471867,0.000269578,1.471185,1.470605,1.4771,1.464505,0.000700626,0.000752375,0.000682272,0.000531847,1.491575
10/16/2009,1.4903,1.4945,1.4969,1.4846,-0.002676839,0.001004689,0,0.000269505,1.472165,1.471615,1.478205,1.4655,0.000671954,0.000690441,0.000749986,0.000681497,1.49145
10/19/2009,1.4963,1.4892,1.4974,1.4829,0.004026035,-0.003546337,0.000334024,-0.00114509,1.47361,1.472585,1.479505,1.466605,0.000985448,0.000665739,0.000881957,0.000757375,1.494625
10/20/2009,1.4939,1.4969,1.4995,1.4882,-0.001603956,0.005170561,0.001402431,0.003574078,1.47437,1.47404,1.480365,1.46764,0.000520215,0.000992303,0.000581683,0.000706753,1.49705
10/21/2009,1.5008,1.4939,1.5047,1.4888,0.004618783,-0.002004142,0.003467823,0.000403172,1.475765,1.47479,1.48138,1.46846,0.000947272,0.000513979,0.000684238,0.000559961,1.500325
10/22/2009,1.5022,1.5008,1.504,1.4943,0.000932836,0.004618783,-0.000465209,0.00369425,1.477585,1.47622,1.48256,1.470035,0.001234935,0.000971438,0.000795712,0.001070672,1.501875
10/23/2009,1.5,1.5029,1.5061,1.4985,-0.001464519,0.001399254,0.001396277,0.002810681,1.479155,1.47804,1.484235,1.47189,0.001066198,0.001234989,0.001128969,0.001259059,1.4943
10/26/2009,1.4869,1.4997,1.5062,1.4844,-0.008733333,-0.002129217,6.63967E-05,-0.009409409,1.480405,1.47951,1.485935,1.47331,0.00085764,0.000998968,0.00114587,0.000973343,1.4844
10/27/2009,1.4808,1.487,1.4928,1.477,-0.004102495,-0.00846836,-0.008896561,-0.004985179,1.48153,1.480755,1.48734,1.47453,0.000775643,0.000854404,0.000955763,0.000840842,1.476225
10/28/2009,1.4709,1.4808,1.4842,1.469,-0.006685575,-0.004169469,-0.005760986,-0.005416385,1.4819,1.48187,1.488175,1.475105,0.000263074,0.000769041,0.000572131,0.00040136,1.47715
10/29/2009,1.4832,1.4712,1.486,1.4682,0.008362227,-0.006482982,0.001212775,-0.000544588,1.48341,1.48224,1.48913,1.475935,0.001039915,0.000263199,0.000653212,0.000576532,1.477625
10/30/2009,1.4715,1.4828,1.4859,1.4703,-0.00788835,0.00788472,-6.72948E-05,0.001430323,1.48414,1.48368,1.49018,1.47705,0.000511292,0.00099218,0.000718018,0.000772049,1.47525
11/2/2009,1.4768,1.471,1.4848,1.4684,0.003601767,-0.007957917,-0.000740292,-0.001292253,1.48474,1.484215,1.491065,1.477565,0.000420257,0.00037764,0.000605913,0.00035868,1.473
11/3/2009,1.4714,1.477,1.4811,1.4625,-0.003656555,0.004078858,-0.002491918,-0.004017979,1.484725,1.484825,1.49129,1.47746,1.90212E-06,0.000427505,0.00015755,-6.51119E-05,1.480225
11/4/2009,1.4876,1.4721,1.491,1.4702,0.011009923,-0.003317536,0.006684221,0.005264957,1.48568,1.484835,1.492155,1.47772,0.000661116,1.92747E-05,0.000589959,0.00018448,1.486925
11/5/2009,1.488,1.4869,1.4919,1.4809,0.000268889,0.010053665,0.000603622,0.007277921,1.486135,1.48573,1.49266,1.478355,0.000320458,0.00062047,0.000345322,0.000439161,1.4862
11/6/2009,1.4847,1.4873,1.4915,1.4813,-0.002217742,0.000269016,-0.000268114,0.000270106,1.486735,1.486125,1.493245,1.479055,0.000419186,0.000279939,0.000399402,0.000483316,1.4938
11/9/2009,1.4993,1.4886,1.5021,1.4852,0.009833636,0.000874067,0.007106939,0.002632823,1.487845,1.486935,1.494275,1.479935,0.000761482,0.000560224,0.000697308,0.000604735,1.49835
11/10/2009,1.4982,1.4993,1.5021,1.4938,-0.000733676,0.007187962,0,0.005790466,1.488475,1.488015,1.49499,1.480825,0.000437072,0.000739644,0.000484686,0.000608076,1.499125
11/11/2009,1.4981,1.4982,1.505,1.4952,-6.67468E-05,-0.000733676,0.00193063,0.000937207,1.48876,1.488655,1.495505,1.481395,0.000204871,0.00044242,0.000349331,0.000390709,1.491525
11/12/2009,1.4842,1.498,1.5018,1.4821,-0.009278419,-0.000133494,-0.002126246,-0.00876137,1.488255,1.488905,1.49575,1.48129,-0.000322705,0.000179922,0.000169426,-6.08382E-05,1.488025
11/13/2009,1.4914,1.4844,1.4938,1.4825,0.004851098,-0.009078772,-0.005326941,0.000269887,1.48831,1.4884,1.495595,1.481185,5.36914E-05,-0.000324251,-9.69212E-05,-6.08191E-05,1.4949
11/16/2009,1.4971,1.4928,1.5017,1.488,0.003821912,0.005658852,0.005288526,0.003709949,1.48835,1.48858,1.49581,1.48144,4.34853E-05,0.000136009,0.000150804,0.000181933,1.491175
11/17/2009,1.4867,1.4972,1.5,1.4808,-0.006946764,0.002947481,-0.00113205,-0.00483871,1.48799,1.488595,1.495835,1.48107,-0.000223655,2.48547E-05,2.40798E-05,-0.000238707,1.49215
11/18/2009,1.4964,1.4873,1.4992,1.4857,0.006524517,-0.006612343,-0.000533333,0.003309022,1.48777,1.488265,1.49556,1.480915,-0.000128368,-0.000205555,-0.000175978,-9.3414E-05,1.4922
11/19/2009,1.4918,1.4962,1.4968,1.484,-0.003074044,0.005983998,-0.001600854,-0.001144242,1.48725,1.488035,1.4952,1.4804,-0.000328712,-0.000137295,-0.00023276,-0.000335339,1.487875
11/20/2009,1.486,1.492,1.4937,1.4798,-0.003887921,-0.002807111,-0.002071085,-0.002830189,1.48655,1.48749,1.49458,1.479465,-0.000449883,-0.000347613,-0.000406128,-0.000617382,1.49155
11/23/2009,1.4965,1.4863,1.5002,1.4832,0.007065949,-0.003820375,0.00435161,0.002297608,1.48703,1.48682,1.49428,1.479405,0.000340082,-0.000432171,-0.000191868,-3.20312E-05,1.495125
11/24/2009,1.496,1.4966,1.4991,1.4888,-0.000334113,0.00692996,-0.000733236,0.00377562,1.48779,1.4873,1.494595,1.479995,0.000528501,0.000337745,0.000216299,0.000406009,1.505075
11/25/2009,1.5139,1.4963,1.5146,1.4955,0.011965241,-0.000200454,0.010339537,0.004500269,1.48994,1.488075,1.496115,1.48132,0.001461042,0.000536196,0.001021325,0.000901841,1.506225
11/26/2009,1.5011,1.5137,1.5143,1.4958,-0.008454984,0.011628684,-0.000198072,0.000200602,1.490835,1.4902,1.49753,1.4827,0.000620181,0.001441779,0.000950782,0.000939101,1.4959
11/27/2009,1.4965,1.5019,1.5024,1.4828,-0.003064419,-0.007795468,-0.007858416,-0.008691001,1.492085,1.491155,1.498355,1.483325,0.000861377,0.00065777,0.000561226,0.000433035,1.50185
11/30/2009,1.5007,1.5019,1.5084,1.4964,0.002806549,0,0.00399361,0.009171837,1.49328,1.4927,1.499535,1.484725,0.000821617,0.001055666,0.000797921,0.000956239,1.504725
12/1/2009,1.5087,1.5012,1.5119,1.4971,0.005330846,-0.000466076,0.002320339,0.000467789,1.495145,1.49391,1.501075,1.486455,0.001270987,0.000828419,0.001038534,0.001180528,1.5068
12/2/2009,1.5044,1.5084,1.5112,1.5032,-0.002850136,0.004796163,-0.000462994,0.004074544,1.495985,1.495725,1.502085,1.488105,0.000577984,0.001234104,0.000681174,0.001121007,1.507425
12/3/2009,1.5068,1.5044,1.5143,1.5042,0.00159532,-0.002651816,0.00205135,0.000665247,1.496925,1.4966,1.503205,1.48927,0.000644305,0.00059883,0.00075356,0.000790373,1.495675
12/4/2009,1.485,1.5063,1.5093,1.4821,-0.014467746,0.001262962,-0.003301856,-0.014692195,1.49694,1.49755,1.504095,1.48931,3.1805E-05,0.000648527,0.000601873,4.22582E-05,1.48345
12/7/2009,1.4819,1.4856,1.4907,1.4756,-0.002087542,-0.013742282,-0.012323594,-0.004385669,1.49607,1.4974,1.503525,1.48883,-0.000564254,-8.22903E-05,-0.000369654,-0.000308666,1.476575
12/8/2009,1.4698,1.4817,1.4868,1.468,-0.008165193,-0.002625202,-0.002616221,-0.005150447,1.49465,1.49652,1.50276,1.48754,-0.00093583,-0.000572948,-0.000500465,-0.000855712,1.471975
12/9/2009,1.4724,1.4703,1.4783,1.4669,0.001768948,-0.007693865,-0.005716976,-0.000749319,1.493365,1.495125,1.501425,1.486125,-0.000844045,-0.000920958,-0.000882845,-0.000940038,1.4728
12/10/2009,1.4734,1.4728,1.4764,1.4686,0.000679163,0.001700333,-0.00128526,0.001158907,1.492825,1.493865,1.500155,1.48545,-0.000346166,-0.000829267,-0.000840796,-0.000444024,1.467925
12/11/2009,1.4621,1.4732,1.4778,1.4586,-0.007669336,0.000271592,0.000948253,-0.006809206,1.49136,1.493305,1.499355,1.484255,-0.000972188,-0.000361748,-0.000527036,-0.000797979,1.4642
12/14/2009,1.4655,1.4628,1.4687,1.4598,0.002325422,-0.007059462,-0.006157802,0.000822707,1.48978,1.491805,1.497705,1.482845,-0.001047012,-0.000997664,-0.001099352,-0.000942341,1.4589
12/15/2009,1.4533,1.4655,1.4665,1.4503,-0.008324804,0.001845775,-0.001497923,-0.006507741,1.48811,1.49022,1.49603,1.48132,-0.001115914,-0.001052749,-0.001117646,-0.001025793,1.454175
12/16/2009,1.4536,1.4535,1.4591,1.4505,0.000206427,-0.008188332,-0.005046028,0.000137903,1.48597,1.48853,1.494025,1.47956,-0.001431819,-0.001131549,-0.001343281,-0.001184349,1.443025
12/17/2009,1.4344,1.4534,1.4539,1.4304,-0.013208586,-6.87994E-05,-0.003563841,-0.013857291,1.4831,1.48639,1.49188,1.47688,-0.001938546,-0.001434189,-0.00144143,-0.001820001,1.433825
12/18/2009,1.4341,1.4339,1.4413,1.426,-0.000209147,-0.013416816,-0.008666346,-0.003076063,1.480505,1.483485,1.48926,1.47419,-0.001754607,-0.001964674,-0.001771193,-0.001832295,1.43075
12/21/2009,1.4283,1.4306,1.4374,1.4267,-0.004044348,-0.002301416,-0.002705891,0.000490884,1.477095,1.4807,1.48612,1.471365,-0.002310122,-0.001888726,-0.002124068,-0.001922631,1.427125
12/22/2009,1.4249,1.4285,1.4334,1.4217,-0.002380452,-0.001467916,-0.002782802,-0.003504591,1.47354,1.477295,1.482835,1.46801,-0.002412439,-0.00230862,-0.002226547,-0.002286642,1.4295
12/23/2009,1.4326,1.4252,1.4368,1.4234,0.005403888,-0.002310116,0.002371983,0.001195752,1.469475,1.47374,1.478945,1.464405,-0.002740507,-0.002414103,-0.002624924,-0.002451868,1.436175
12/24/2009,1.4374,1.433,1.4421,1.4322,0.003350551,0.005472916,0.003688753,0.00618238,1.46629,1.469705,1.475335,1.461225,-0.00215023,-0.002721891,-0.002430583,-0.002152779,1.43935
12/25/2009,1.4396,1.4377,1.4437,1.4364,0.001530541,0.003279833,0.001109493,0.002932551,1.463445,1.466495,1.4724,1.458905,-0.001920482,-0.002168126,-0.001982188,-0.001571601,1.43845
12/28/2009,1.4382,1.4387,1.4415,1.4354,-0.000972492,0.000695555,-0.001523862,-0.000696185,1.46032,1.463335,1.469055,1.455855,-0.002109434,-0.002133348,-0.002258061,-0.002065002,1.43805
12/29/2009,1.4352,1.4377,1.4461,1.4332,-0.002085941,-0.000695072,0.00319112,-0.001532674,1.456645,1.46016,1.465765,1.45266,-0.002480273,-0.002144798,-0.002214522,-0.002165025,1.43295
12/30/2009,1.4332,1.4351,1.4363,1.4272,-0.001393534,-0.001808444,-0.006776848,-0.004186436,1.453085,1.456495,1.46202,1.44886,-0.002407443,-0.002475029,-0.002530215,-0.002578074,1.4351
12/31/2009,1.4316,1.4339,1.4442,1.4307,-0.001116383,-0.000836179,0.005500244,0.002452354,1.449325,1.45297,1.458515,1.445185,-0.002543028,-0.002384247,-0.00235777,-0.002488719,1.432325
1/1/2010,1.4323,1.4322,1.433,1.4318,0.000488963,-0.001185578,-0.007755159,0.000768854,1.44669,1.449265,1.4547,1.44267,-0.001795193,-0.002506674,-0.002580435,-0.001715666,1.436275
1/4/2010,1.4411,1.4326,1.4457,1.4257,0.006143964,0.000279291,0.008862526,-0.004260372,1.44465,1.446615,1.45245,1.440175,-0.001383617,-0.001805595,-0.001521129,-0.001709402,1.44025
1/5/2010,1.4368,1.441,1.4486,1.4346,-0.002983832,0.005863465,0.002005949,0.006242548,1.443,1.44458,1.45054,1.438505,-0.001124549,-0.001381162,-0.001290021,-0.001139752,1.437425
1/6/2010,1.4412,1.4366,1.4436,1.4283,0.003062361,-0.003053435,-0.003451608,-0.004391468,1.44144,1.442895,1.448805,1.436575,-0.001059879,-0.00114914,-0.001176753,-0.001321859,1.436825
1/7/2010,1.4318,1.441,1.4448,1.4297,-0.006522342,0.003062787,0.000831255,0.000980186,1.43936,1.441305,1.447225,1.43463,-0.001419954,-0.001081018,-0.001070927,-0.001330795,1.435925
1/8/2010,1.4412,1.4322,1.444,1.4263,0.006565163,-0.00610687,-0.00055371,-0.002378121,1.438315,1.439255,1.445535,1.433015,-0.000708229,-0.001399941,-0.001146025,-0.001109241,1.447825
1/11/2010,1.4513,1.4434,1.4558,1.4408,0.007008049,0.007820137,0.008171745,0.010166164,1.437605,1.438285,1.44489,1.432065,-0.000474098,-0.000655961,-0.000429547,-0.000642068,1.45035
1/12/2010,1.4494,1.4517,1.455,1.4453,-0.001309171,0.005750312,-0.000549526,0.003123265,1.43741,1.437595,1.444315,1.431815,-0.000123316,-0.000460734,-0.000382128,-0.000160518,1.450825
1/13/2010,1.451,1.4486,1.4582,1.4455,0.001103905,-0.002135427,0.002199313,0.00013838,1.43728,1.43735,1.44427,1.431565,-7.84421E-05,-0.000158089,-1.98606E-05,-0.000160494,1.450375
1/14/2010,1.4502,1.4511,1.4556,1.4446,-0.000551344,0.001725804,-0.00178302,-0.000622622,1.43807,1.437235,1.444355,1.432275,0.00055442,-6.83584E-05,6.91804E-05,0.000501239,1.443325
1/15/2010,1.4382,1.4501,1.4513,1.4337,-0.008274721,-0.000689132,-0.002954108,-0.007545341,1.438275,1.438045,1.444855,1.43266,0.000151141,0.000568026,0.000354792,0.000277775,1.4368
1/18/2010,1.4385,1.4351,1.4402,1.4334,0.000208594,-0.010344114,-0.007648315,-0.000209249,1.438785,1.43827,1.444995,1.432995,0.000363788,0.000165891,0.000107671,0.000242769,1.43365
1/19/2010,1.4298,1.4382,1.4415,1.4251,-0.006047967,0.002160128,0.000902652,-0.005790428,1.43903,1.438755,1.4454,1.433165,0.000180413,0.000347293,0.000291944,0.000128477,1.419525
1/20/2010,1.4101,1.4298,1.4302,1.408,-0.013778151,-0.005840634,-0.007839057,-0.011999158,1.437905,1.438985,1.44507,1.432395,-0.000778689,0.000170767,-0.000218608,-0.000531269,1.409175
1/21/2010,1.409,1.4105,1.4145,1.4027,-0.000780087,-0.013498391,-0.010977486,-0.003764205,1.436485,1.43786,1.44369,1.43092,-0.000985221,-0.000777798,-0.00095192,-0.001028598,1.411825
1/22/2010,1.4137,1.4087,1.4183,1.4066,0.003335699,-0.001276143,0.002686462,0.002780352,1.43519,1.43641,1.44242,1.42943,-0.000894963,-0.001005597,-0.000873072,-0.001036208,1.415975
1/25/2010,1.415,1.4163,1.4198,1.4128,0.000919573,0.005395045,0.001057604,0.004407792,1.43403,1.43529,1.441335,1.4283,-0.00080036,-0.000770623,-0.000743998,-0.000781009,1.4112
1/26/2010,1.4073,1.4152,1.4181,1.4042,-0.005441696,-0.000776672,-0.001197352,-0.006087203,1.432635,1.434165,1.439935,1.42685,-0.000968148,-0.000774703,-0.000963422,-0.001008735,1.4046
1/27/2010,1.4017,1.4076,1.4098,1.3993,-0.003979251,-0.005370266,-0.005852902,-0.003489531,1.43106,1.43279,1.43861,1.425455,-0.001097434,-0.000952794,-0.000917225,-0.00097389,1.39935
1/28/2010,1.3962,1.4022,1.4053,1.3937,-0.003923807,-0.003836317,-0.003191942,-0.004002001,1.42929,1.431205,1.436665,1.423605,-0.001237805,-0.001102801,-0.001351834,-0.001296608,1.392175
1/29/2010,1.3862,1.3973,1.399,1.3862,-0.007162298,-0.003494509,-0.004483029,-0.005381359,1.426985,1.42946,1.434965,1.421325,-0.001620368,-0.001218247,-0.001188227,-0.001604119,1.38945
2/1/2010,1.3927,1.386,1.3939,1.3852,0.004689078,-0.008087025,-0.003645461,-0.000721397,1.424565,1.42713,1.432375,1.4193,-0.001693112,-0.001636563,-0.001813627,-0.00142717,1.39385
2/2/2010,1.3961,1.3931,1.3976,1.3886,0.002441301,0.005122655,0.002654423,0.002454519,1.42253,1.424735,1.429825,1.417,-0.001421856,-0.001673603,-0.001781203,-0.001616571,1.394475
2/3/2010,1.3898,1.3964,1.4028,1.3889,-0.004512571,0.002368818,0.003720664,0.000216045,1.41996,1.422725,1.427785,1.41503,-0.001800602,-0.001402491,-0.001422589,-0.001386196,1.381475
2/4/2010,1.3734,1.3893,1.3905,1.3727,-0.011800259,-0.005084503,-0.008768178,-0.011663907,1.41704,1.42014,1.42507,1.41218,-0.002064498,-0.001809855,-0.001902561,-0.0020184,1.368225
2/5/2010,1.3662,1.3734,1.3748,1.3585,-0.005242464,-0.011444612,-0.011290903,-0.010344576,1.41329,1.4172,1.42161,1.40879,-0.002654879,-0.002076742,-0.002439421,-0.002416723,1.36685
2/8/2010,1.3652,1.3685,1.3716,1.3621,-0.000731957,-0.003567788,-0.002327611,0.002649982,1.408985,1.413455,1.4174,1.404855,-0.00304188,-0.002646139,-0.002964389,-0.002792532,1.373225
2/9/2010,1.3789,1.3656,1.3841,1.3643,0.01003516,-0.002119109,0.009113444,0.001615153,1.40546,1.40915,1.413855,1.400805,-0.002474663,-0.00303961,-0.00248124,-0.002867938,1.3751
2/10/2010,1.3726,1.3786,1.3816,1.3676,-0.004568859,0.009519625,-0.001806228,0.002418823,1.40154,1.40565,1.410025,1.39691,-0.002758301,-0.002456857,-0.002681517,-0.002753916,1.370225
2/11/2010,1.3681,1.3731,1.3803,1.3594,-0.00327845,-0.003989555,-0.000940938,-0.005995905,1.397435,1.40175,1.40626,1.39265,-0.002894657,-0.002742625,-0.002639413,-0.00302258,1.363275
2/12/2010,1.3615,1.3688,1.3697,1.3531,-0.004824209,-0.0031316,-0.00767949,-0.004634398,1.3936,1.397685,1.40218,1.38862,-0.002722131,-0.002864748,-0.002875682,-0.002877033,1.360625
2/15/2010,1.3598,1.3612,1.3636,1.3579,-0.001248623,-0.005552309,-0.00445353,0.00354741,1.389665,1.39399,1.39835,1.384845,-0.002794992,-0.002625158,-0.002715943,-0.0026892,1.368425
2/16/2010,1.3768,1.36,1.3781,1.3588,0.012501839,-0.000881575,0.010633617,0.000662788,1.387015,1.39008,1.39518,1.38153,-0.001867502,-0.002777243,-0.002229395,-0.002366539,1.36875
2/17/2010,1.3605,1.3768,1.3791,1.3586,-0.011839047,0.012352941,0.000725637,-0.000147189,1.384535,1.38743,1.392625,1.37906,-0.001770546,-0.001867564,-0.00180116,-0.00177394,1.36035
2/18/2010,1.3614,1.3606,1.3655,1.3539,0.000661521,-0.011766415,-0.009861504,-0.003459444,1.382155,1.384935,1.390175,1.37662,-0.001698466,-0.001780966,-0.001745361,-0.001758702,1.356275
2/19/2010,1.3615,1.3571,1.3622,1.3443,7.34538E-05,-0.002572395,-0.002416697,-0.007090627,1.379545,1.382355,1.38737,1.373505,-0.001861578,-0.001845778,-0.002000519,-0.002252251,1.36145
2/22/2010,1.3597,1.3634,1.3655,1.3572,-0.001322071,0.004642252,0.002422552,0.009596072,1.37678,1.37971,1.384655,1.370725,-0.00197366,-0.001883418,-0.001932271,-0.001992837,1.357225
2/23/2010,1.3505,1.3596,1.3693,1.3495,-0.006766198,-0.00278715,0.002782863,-0.005673445,1.37394,1.37693,1.382215,1.36799,-0.002039886,-0.001983942,-0.001733261,-0.001972149,1.354125
2/24/2010,1.353,1.3506,1.3628,1.3501,0.001851166,-0.006619594,-0.004746951,0.000444609,1.371505,1.37408,1.379865,1.36553,-0.001748365,-0.002046408,-0.001677963,-0.001775442,1.35285
2/25/2010,1.3555,1.3535,1.3573,1.3451,0.001847746,0.002147194,-0.004035809,-0.003703429,1.36947,1.371645,1.377465,1.3631,-0.001459787,-0.001747233,-0.001720156,-0.001760514,1.359775
2/26/2010,1.3625,1.3551,1.3685,1.353,0.005164146,0.00118212,0.008251676,0.005873169,1.368285,1.369535,1.37594,1.36144,-0.000843465,-0.001513401,-0.001083421,-0.001197787,1.3579
3/1/2010,1.356,1.3639,1.3657,1.346,-0.004770642,0.006493986,-0.002046036,-0.005173688,1.36645,1.36843,1.37453,1.35948,-0.001316451,-0.000784351,-0.00100345,-0.001420402,1.355525
3/2/2010,1.3604,1.3559,1.3624,1.3434,0.003244838,-0.005865533,-0.002416343,-0.001931649,1.364665,1.36657,1.37277,1.35722,-0.001276274,-0.00133376,-0.001256988,-0.00163971,1.365975
3/3/2010,1.3698,1.3612,1.3737,1.3592,0.006909732,0.003908843,0.008294187,0.011761203,1.363665,1.36481,1.371315,1.355735,-0.000705159,-0.001256759,-0.001028312,-0.001062452,1.36345
3/4/2010,1.3579,1.3695,1.3714,1.355,-0.0086874,0.006097561,-0.00167431,-0.003090053,1.36289,1.36382,1.37036,1.35485,-0.000549516,-0.000697656,-0.000673619,-0.00063376,1.359125
3/5/2010,1.3621,1.3587,1.363,1.3527,0.003093011,-0.00788609,-0.006125128,-0.001697417,1.362685,1.363085,1.36977,1.35456,-0.000132742,-0.000519729,-0.00041533,-0.000201402,1.364225
3/8/2010,1.3628,1.363,1.3706,1.3605,0.000513912,0.00316479,0.005575935,0.005766245,1.362565,1.36281,1.36972,1.35448,-7.04487E-05,-0.000183101,-2.01526E-05,-4.55886E-05,1.360025
3/9/2010,1.36,1.363,1.3636,1.3535,-0.002054593,0,-0.005107252,-0.005145167,1.36162,1.36268,1.368695,1.35394,-0.000674936,-7.71451E-05,-0.000731187,-0.000383605,1.3621
3/10/2010,1.3659,1.36,1.3681,1.3544,0.004338235,-0.002201027,0.003300088,0.000664943,1.361285,1.36175,1.36802,1.35328,-0.000229582,-0.000663178,-0.000475872,-0.000471299,1.36595
3/11/2010,1.3677,1.3654,1.3689,1.3618,0.001317812,0.003970588,0.000584753,0.005463674,1.361265,1.361365,1.36745,1.3534,2.31487E-07,-0.000265171,-0.000399587,0.00010168,1.372675
3/12/2010,1.3761,1.368,1.3798,1.3668,0.006141698,0.001904204,0.007962598,0.003671611,1.361995,1.361325,1.367955,1.354085,0.000548527,-1.33804E-05,0.000382517,0.000516981,1.371725
3/15/2010,1.3673,1.3778,1.3779,1.3639,-0.006394884,0.007163743,-0.001377011,-0.002121744,1.36237,1.362155,1.36867,1.354385,0.000291214,0.000622422,0.000536343,0.000233523,1.372125
3/16/2010,1.3769,1.3676,1.3785,1.3655,0.007021137,-0.007403106,0.000435445,0.001173107,1.362375,1.362535,1.36869,1.35472,1.71787E-05,0.000296346,2.64346E-05,0.000259039,1.376275
3/17/2010,1.3737,1.3769,1.3819,1.3726,-0.002324061,0.006800234,0.002466449,0.005199561,1.363035,1.36254,1.36883,1.35542,0.000492928,1.87103E-05,0.000113475,0.000526376,1.36675
3/18/2010,1.3606,1.3735,1.3744,1.3585,-0.009536289,-0.002469315,-0.00542731,-0.010272476,1.362995,1.363185,1.369275,1.35565,-1.69626E-05,0.000483565,0.000335185,0.000185725,1.356675
3/19/2010,1.3531,1.3607,1.3628,1.3501,-0.005512274,-0.009319257,-0.008440047,-0.00618329,1.362575,1.363365,1.369305,1.35594,-0.000296249,0.000146222,3.40175E-05,0.000231092,1.352975
3/22/2010,1.3555,1.3532,1.3569,1.3463,0.001773705,-0.005511869,-0.004329322,-0.002814606,1.362365,1.362855,1.368875,1.355395,-0.00014146,-0.000361484,-0.000303576,-0.000389442,1.3526
3/23/2010,1.3498,1.3561,1.3571,1.3474,-0.00420509,0.002143068,0.000147395,0.000817054,1.36233,1.36268,1.368265,1.35529,-1.34048E-05,-0.000114973,-0.00043535,-6.49172E-05,1.340525
3/24/2010,1.3313,1.3497,1.3506,1.3305,-0.013705734,-0.004719416,-0.004789625,-0.012542675,1.361245,1.362635,1.367655,1.35431,-0.00079125,-1.99641E-05,-0.000437483,-0.000714281,1.3312
3/25/2010,1.3278,1.3315,1.3388,1.3267,-0.002629009,-0.013484478,-0.008736858,-0.002856069,1.35986,1.361535,1.36673,1.35339,-0.001015088,-0.000801548,-0.000672536,-0.000671913,1.334425
3/26/2010,1.341,1.3275,1.3426,1.3266,0.009941256,-0.003004131,0.002838363,-7.5375E-05,1.358785,1.360155,1.365435,1.35207,-0.000776232,-0.00101086,-0.000943201,-0.000969341,1.347125
3/29/2010,1.3477,1.3481,1.3508,1.3419,0.004996271,0.015517891,0.006107553,0.011533243,1.35837,1.359365,1.36469,1.351865,-0.000287886,-0.000559665,-0.000535522,-0.000133994,1.345675
3/30/2010,1.3411,1.3482,1.354,1.3394,-0.004897232,7.41785E-05,0.002368967,-0.00186303,1.357405,1.35898,1.36427,1.351665,-0.00069499,-0.000262679,-0.000296257,-0.000130563,1.34645
3/31/2010,1.351,1.3415,1.3549,1.3384,0.007382,-0.004969589,0.000664697,-0.000746603,1.356465,1.357995,1.36333,1.350625,-0.000671376,-0.000706601,-0.000677731,-0.000755953,1.353525
4/1/2010,1.3581,1.351,1.3593,1.3457,0.005255366,0.007081625,0.003247472,0.005454274,1.356475,1.35707,1.362725,1.35016,2.57618E-05,-0.000657398,-0.000431642,-0.000328737,1.353875
4/2/2010,1.3502,1.3587,1.3592,1.3474,-0.00581695,0.005699482,-7.35673E-05,0.001263283,1.35588,1.35707,1.362535,1.349895,-0.000419736,2.18807E-05,-0.000129064,-0.000180702,1.349425
4/5/2010,1.3483,1.3494,1.354,1.346,-0.001407199,-0.006844778,-0.00382578,-0.001039038,1.355155,1.35639,1.361705,1.34917,-0.000515792,-0.000478598,-0.00059915,-0.000520966,1.34335
4/6/2010,1.3398,1.3484,1.3498,1.3354,-0.006304235,-0.00074107,-0.00310192,-0.007875186,1.354145,1.35566,1.361015,1.348265,-0.000728274,-0.000515651,-0.000498883,-0.000657467,1.336775
4/7/2010,1.334,1.3397,1.3409,1.3325,-0.004329004,-0.006452091,-0.006593569,-0.002171634,1.35255,1.354645,1.359655,1.34717,-0.001161636,-0.000728204,-0.000993566,-0.000799296,1.33365
4/8/2010,1.3358,1.334,1.3368,1.328,0.001349325,-0.004254684,-0.003057648,-0.003377111,1.350955,1.353075,1.35805,1.34548,-0.00116006,-0.001139468,-0.001175686,-0.001241335,1.342425
4/9/2010,1.3496,1.336,1.3501,1.334,0.010330888,0.00149925,0.009949132,0.004518072,1.34963,1.351475,1.356565,1.34384,-0.000950601,-0.001159716,-0.001076359,-0.001199012,1.36205
4/12/2010,1.3584,1.3641,1.3693,1.3564,0.006520451,0.021032934,0.014221169,0.016791604,1.349185,1.35079,1.356135,1.343465,-0.000304834,-0.000466256,-0.00029645,-0.000253345,1.359225
4/13/2010,1.3606,1.359,1.3628,1.3545,0.001619552,-0.003738729,-0.004746951,-0.001400767,1.34837,1.35036,1.35535,1.342915,-0.000574913,-0.000283037,-0.00055557,-0.000382038,1.36355
4/14/2010,1.3651,1.3615,1.368,1.3596,0.003307364,0.001839588,0.003815674,0.003765227,1.34794,1.34959,1.354655,1.342265,-0.000293342,-0.00053107,-0.000488109,-0.000453755,1.3605
4/15/2010,1.3579,1.3654,1.3668,1.3519,-0.005274339,0.002864488,-0.000877193,-0.00566343,1.347805,1.349185,1.354275,1.341935,-8.02444E-05,-0.000264379,-0.000260603,-0.000223303,1.3532
4/16/2010,1.3496,1.3575,1.3585,1.3472,-0.006112379,-0.00578585,-0.006072578,-0.003476589,1.34763,1.349025,1.35406,1.34179,-0.00011025,-8.7709E-05,-0.00014223,-8.79678E-05,1.346775
4/19/2010,1.3484,1.3475,1.3499,1.3413,-0.000889152,-0.007366483,-0.006330512,-0.004379454,1.347275,1.34874,1.35371,1.34154,-0.000243393,-0.00018044,-0.000242289,-0.00016621,1.3469
4/20/2010,1.3436,1.3489,1.3524,1.3427,-0.003559775,0.001038961,0.001851989,0.001043764,1.346965,1.34838,1.353475,1.341305,-0.000211127,-0.000235645,-0.000157059,-0.000154875,1.340725
4/21/2010,1.3386,1.3436,1.3449,1.3358,-0.003721346,-0.003929127,-0.005545697,-0.005138899,1.34733,1.348075,1.35319,1.34157,0.000288093,-0.000196131,-0.000194863,0.000215314,1.33405
4/22/2010,1.3292,1.3388,1.3423,1.3259,-0.007022262,-0.003572492,-0.001933229,-0.007411289,1.3474,1.34844,1.353365,1.34153,6.843E-05,0.000299469,0.000145319,-1.24469E-05,1.331875
4/23/2010,1.3383,1.3289,1.3402,1.3201,0.006846223,-0.007394682,-0.001564479,-0.004374387,1.347265,1.34851,1.353245,1.341205,-8.63216E-05,7.99411E-05,-7.48236E-05,-0.000227397,1.335725
4/26/2010,1.3395,1.3347,1.3398,1.3289,0.00089666,0.004364512,-0.000298463,0.006666162,1.346855,1.34784,1.352695,1.340555,-0.000291302,-0.000477728,-0.000395124,-0.000470752,1.32815
4/27/2010,1.3163,1.3389,1.3416,1.3158,-0.017319895,0.003146775,0.001343484,-0.009857777,1.345615,1.347375,1.352075,1.339375,-0.000912435,-0.000324098,-0.000446398,-0.000870489,1.318975
4/28/2010,1.3211,1.3165,1.3269,1.3114,0.003646585,-0.016730152,-0.010957066,-0.003343973,1.34412,1.346125,1.350675,1.338025,-0.001099206,-0.000912126,-0.001027487,-0.001000357,1.322575
4/29/2010,1.3224,1.3213,1.3282,1.3184,0.000984028,0.003646031,0.000979727,0.005337807,1.342335,1.34464,1.34912,1.33666,-0.001312773,-0.001083906,-0.001140874,-0.001006181,1.327575
4/30/2010,1.3295,1.324,1.3344,1.3224,0.005369026,0.002043442,0.004667972,0.003033981,1.3413,1.342905,1.34788,1.33541,-0.000753474,-0.001266708,-0.000903797,-0.000917646,1.32615
5/3/2010,1.3192,1.3348,1.3352,1.3154,-0.007747273,0.0081571,0.00059952,-0.005293406,1.339845,1.342175,1.34694,1.33388,-0.001070478,-0.000516614,-0.000682532,-0.001130364,1.30915
5/4/2010,1.298,1.3194,1.3215,1.2977,-0.016070346,-0.011537309,-0.010260635,-0.013455983,1.337755,1.340725,1.345525,1.331995,-0.001558783,-0.001056426,-0.001040468,-0.001409404,1.289375
5/5/2010,1.2812,1.2977,1.2998,1.2788,-0.012942989,-0.01644687,-0.016420734,-0.014564229,1.335115,1.338625,1.34347,1.32931,-0.001989483,-0.001556165,-0.001531826,-0.002029034,1.271325
5/6/2010,1.2656,1.2819,1.2857,1.2521,-0.012176085,-0.012175387,-0.010847823,-0.020878949,1.331605,1.33602,1.340915,1.325515,-0.002665753,-0.0019522,-0.001921335,-0.002904126,1.26925
5/7/2010,1.2759,1.2626,1.2799,1.2586,0.008138432,-0.015055777,-0.004511161,0.005191279,1.32792,1.33235,1.337405,1.321745,-0.002775376,-0.002779951,-0.002644349,-0.002870465,1.28905
5/10/2010,1.2781,1.2927,1.3095,1.2759,0.001724273,0.023839696,0.023126807,0.013745431,1.323905,1.32878,1.334415,1.31772,-0.003015185,-0.002639613,-0.002199067,-0.003022774,1.272425
5/11/2010,1.2653,1.2789,1.2803,1.2652,-0.010014866,-0.010675331,-0.022298587,-0.008386237,1.31914,1.324775,1.33029,1.313255,-0.003596906,-0.002986443,-0.003076649,-0.003372048,1.26545
5/12/2010,1.2621,1.2652,1.274,1.2605,-0.002529044,-0.010712331,-0.004920722,-0.003714828,1.31399,1.31996,1.32559,1.3083,-0.003888726,-0.003614039,-0.003513469,-0.00374605,1.258825
5/13/2010,1.2528,1.2622,1.2685,1.2518,-0.007368671,-0.002371167,-0.004317111,-0.006902023,1.308735,1.3148,1.320675,1.303295,-0.003993443,-0.003875822,-0.003685465,-0.00380798,1.2455
5/14/2010,1.236,1.2529,1.2577,1.2354,-0.013409962,-0.007368087,-0.008513993,-0.013101134,1.303055,1.30957,1.315635,1.297705,-0.004358322,-0.003954934,-0.003807536,-0.004289207,1.2348
5/17/2010,1.2393,1.2347,1.2416,1.2236,0.002669903,-0.014526299,-0.012801145,-0.009551562,1.2976,1.30393,1.31022,1.29182,-0.004180369,-0.004312925,-0.004131067,-0.004547813,1.2295
5/18/2010,1.218,1.2394,1.2445,1.2161,-0.017187122,0.003806593,0.002335696,-0.006129454,1.29132,1.298455,1.304825,1.28549,-0.004861737,-0.004174543,-0.004106882,-0.004906474,1.2299
5/19/2010,1.2427,1.2193,1.2432,1.2144,0.020279146,-0.016217525,-0.001044596,-0.001397911,1.286525,1.29224,1.29974,1.27942,-0.003661712,-0.004788963,-0.003881827,-0.004719424,1.244575
5/20/2010,1.2465,1.2422,1.2599,1.2297,0.003057858,0.018781268,0.013433076,0.012598814,1.28239,1.28741,1.29562,1.27461,-0.003157706,-0.003671275,-0.003113512,-0.003718919,1.25455
5/21/2010,1.257,1.2477,1.2674,1.2461,0.008423586,0.004427628,0.005952853,0.013336586,1.278325,1.28335,1.29198,1.27091,-0.003078838,-0.003080159,-0.002737645,-0.00283337,1.245
5/24/2010,1.2351,1.2542,1.2563,1.2344,-0.017422434,0.005209586,-0.008758087,-0.009389295,1.273105,1.279325,1.287805,1.266185,-0.003994793,-0.003037906,-0.003160626,-0.003636143,1.2318
5/25/2010,1.2365,1.2359,1.2374,1.2174,0.001133511,-0.014590974,-0.015044177,-0.013771873,1.269115,1.274175,1.282595,1.261265,-0.003072122,-0.003924793,-0.003980009,-0.003831848,1.22685
5/26/2010,1.2167,1.2359,1.2383,1.2165,-0.01601294,0,0.000727332,-0.00073928,1.263895,1.270145,1.278165,1.25652,-0.004055098,-0.003088286,-0.003395789,-0.003701613,1.22715
5/27/2010,1.2368,1.2168,1.2396,1.2154,0.016520095,-0.015454325,0.001049826,-0.000904233,1.259615,1.26492,1.273735,1.25137,-0.003278295,-0.004043303,-0.003392285,-0.004013715,1.233675
5/28/2010,1.2267,1.2361,1.2454,1.2265,-0.008166235,0.015861275,0.004678929,0.009132796,1.254475,1.260525,1.269285,1.246575,-0.003955058,-0.003352412,-0.003391737,-0.003708775,1.229475
5/31/2010,1.2305,1.2272,1.2336,1.2266,0.003097742,-0.007200065,-0.009474868,8.15328E-05,1.25004,1.255145,1.264205,1.242135,-0.003412807,-0.00412027,-0.003895456,-0.003440028,1.224925
6/1/2010,1.2225,1.2306,1.2355,1.2111,-0.006501422,0.002770535,0.001540208,-0.012636556,1.246265,1.250705,1.259905,1.237805,-0.002934361,-0.003404878,-0.003305414,-0.003399056,1.222925
6/2/2010,1.2249,1.2217,1.2277,1.2174,0.00196319,-0.007232244,-0.006313234,0.005201883,1.24345,1.246905,1.2563,1.234735,-0.002189052,-0.002944147,-0.002800039,-0.002410751,1.222175
6/3/2010,1.2157,1.225,1.2328,1.2152,-0.007510817,0.002701154,0.004154109,-0.00180713,1.240955,1.24406,1.253655,1.23289,-0.001955789,-0.002200319,-0.002049942,-0.00145716,1.2077
6/4/2010,1.1973,1.2163,1.2217,1.1955,-0.015135313,-0.007102041,-0.009003894,-0.016211323,1.237025,1.241745,1.250745,1.229735,-0.003119476,-0.001802633,-0.002274579,-0.00252729,1.19305
6/7/2010,1.1914,1.1938,1.1993,1.1877,-0.004927754,-0.018498726,-0.018335107,-0.006524467,1.23269,1.2368,1.245235,1.225325,-0.003452077,-0.003919554,-0.004347675,-0.003540785,1.1951
6/8/2010,1.1972,1.1922,1.201,1.19,0.004868222,-0.001340258,0.001417494,0.001936516,1.229285,1.232465,1.24127,1.221565,-0.002707923,-0.0034528,-0.003161871,-0.003024647,1.198925
6/9/2010,1.1985,1.1972,1.2077,1.1923,0.001085867,0.004193927,0.005578684,0.001932773,1.226105,1.229065,1.237955,1.218155,-0.002527177,-0.002707487,-0.0026369,-0.002742267,1.2047
6/10/2010,1.2108,1.198,1.2144,1.1956,0.010262829,0.000668226,0.005547735,0.00276776,1.224005,1.225855,1.23525,1.215345,-0.001645602,-0.002555518,-0.002143658,-0.002258778,1.210625
6/11/2010,1.211,1.2116,1.2154,1.2045,0.00016518,0.011352254,0.000823452,0.007443961,1.222755,1.22379,1.233135,1.2138,-0.000966845,-0.001619501,-0.001676786,-0.001231523,1.219
6/14/2010,1.2217,1.2128,1.23,1.2115,0.008835673,0.000990426,0.012012506,0.00581154,1.221875,1.222695,1.232555,1.213195,-0.000658557,-0.000843664,-0.000436103,-0.000463368,1.2264
6/15/2010,1.2323,1.2217,1.2351,1.2165,0.008676434,0.007338391,0.004146341,0.004127115,1.22259,1.22181,1.232085,1.213215,0.000634621,-0.000667074,-0.000345571,4.94604E-05,1.23115
6/16/2010,1.2306,1.2328,1.2357,1.2255,-0.001379534,0.0090857,0.000485791,0.007398274,1.221985,1.222485,1.23171,1.21377,-0.000448313,0.000598087,-0.000269051,0.00048927,1.23345
6/17/2010,1.2378,1.2305,1.2413,1.2242,0.005850804,-0.001865672,0.004531844,-0.001060792,1.22155,1.2219,1.23078,1.213495,-0.000308666,-0.00043426,-0.000714113,-0.000193711,1.2385
6/18/2010,1.2384,1.2386,1.2417,1.2353,0.000484731,0.00658269,0.000322243,0.009067146,1.22062,1.221445,1.229495,1.212955,-0.000705609,-0.000326507,-0.000995644,-0.000407183,1.238025
6/21/2010,1.2306,1.2444,1.2469,1.2302,-0.00629845,0.004682706,0.004187807,-0.004128552,1.220395,1.220955,1.229025,1.212745,-0.000149409,-0.000352851,-0.000348349,-0.000144146,1.2297
6/22/2010,1.2266,1.2317,1.2355,1.225,-0.003250447,-0.010205722,-0.009142674,-0.004226955,1.2199,1.220745,1.22893,1.213125,-0.000368607,-0.000133588,-5.32737E-05,0.0003331,1.228325
6/23/2010,1.2313,1.2267,1.2344,1.2209,0.00383173,-0.00405943,-0.000890328,-0.003346939,1.22063,1.220285,1.228735,1.213345,0.000623626,-0.00033656,-0.000134157,0.000202717,1.232425
6/24/2010,1.2333,1.2314,1.2389,1.2261,0.0016243,0.003831418,0.003645496,0.004259153,1.220455,1.221015,1.2287,1.21388,-0.000121164,0.000627727,-4.3732E-06,0.000460887,1.233825
6/25/2010,1.2374,1.2331,1.2396,1.2252,0.003324414,0.001380542,0.000565017,-0.000734035,1.22099,1.220865,1.22841,1.213815,0.000453369,-9.63094E-05,-0.000210069,-3.24547E-05,1.232825
6/28/2010,1.2277,1.2373,1.2399,1.2264,-0.007839017,0.00340605,0.000242014,0.000979432,1.22085,1.22137,1.228725,1.213805,-9.3469E-05,0.000433996,0.000275775,1.24402E-05,1.22245
6/29/2010,1.2179,1.2276,1.2292,1.2151,-0.007982406,-0.007839651,-0.008629728,-0.00921396,1.22062,1.22122,1.22841,1.214005,-0.000167518,-9.6513E-05,-0.000232722,0.00018357,1.222275
6/30/2010,1.2234,1.2186,1.2306,1.2165,0.00451597,-0.007331378,0.001138952,0.001152169,1.220545,1.221065,1.228555,1.21396,-3.98792E-05,-0.00010147,0.000139888,-1.89156E-05,1.237125
7/1/2010,1.2517,1.2235,1.254,1.2193,0.023132254,0.004021008,0.019015115,0.002301685,1.222345,1.22099,1.229615,1.214165,0.001492274,-3.5477E-05,0.000882938,0.000186525,1.254425
7/2/2010,1.256,1.2521,1.2615,1.2481,0.003435328,0.023375562,0.005980861,0.02362011,1.22528,1.22278,1.231605,1.216795,0.002420806,0.001488403,0.001632176,0.002178097,1.254175
7/5/2010,1.2539,1.2555,1.2565,1.2508,-0.001671975,0.002715438,-0.003963535,0.002163288,1.228405,1.225865,1.234465,1.21995,0.002583595,0.002549111,0.002350754,0.002612485,1.257575
7/6/2010,1.2623,1.2538,1.2663,1.2479,0.006699099,-0.001354042,0.007799443,-0.002318516,1.23166,1.228945,1.23773,1.222845,0.002675139,0.002548422,0.002669852,0.002399733,1.261975
7/7/2010,1.2634,1.2627,1.2665,1.2553,0.000871425,0.007098421,0.00015794,0.005929962,1.234905,1.23222,1.24067,1.225995,0.002664417,0.002693647,0.002398815,0.002599592,1.26655
7/8/2010,1.2693,1.2636,1.2713,1.262,0.004669938,0.000712758,0.003789972,0.00533737,1.23783,1.2355,1.243515,1.229315,0.002384773,0.002695873,0.002310926,0.002728073,1.266525
7/9/2010,1.2634,1.2696,1.2724,1.2607,-0.004648231,0.004748338,0.000865256,-0.001030111,1.24045,1.2384,1.246365,1.232125,0.002144102,0.002365678,0.002313017,0.002304369,1.260625
7/12/2010,1.2589,1.2639,1.2649,1.2548,-0.003561817,-0.004489603,-0.005894373,-0.00467994,1.24231,1.240955,1.24811,1.23429,0.001524228,0.002091676,0.001417673,0.001779795,1.2645
7/13/2010,1.2726,1.2594,1.2739,1.2521,0.010882516,-0.003560408,0.007115187,-0.002151737,1.244325,1.24284,1.25005,1.23607,0.001634532,0.001546736,0.001566115,0.001465853,1.2731
7/14/2010,1.274,1.2724,1.2779,1.2681,0.00110011,0.010322376,0.003139964,0.012778532,1.246495,1.24482,1.25216,1.2382,0.001758514,0.00160857,0.001698824,0.001734866,1.28365
7/15/2010,1.2938,1.2743,1.2957,1.2708,0.015541601,0.001493241,0.013929102,0.00212917,1.249295,1.24701,1.25488,1.24053,0.002243054,0.001776516,0.002168687,0.001894364,1.2942
7/16/2010,1.293,1.294,1.3009,1.2889,-0.000618334,0.015459468,0.004013275,0.014242997,1.252025,1.24978,1.25784,1.24321,0.0021879,0.002220355,0.002353238,0.002153156,1.2926
7/19/2010,1.294,1.2901,1.2993,1.287,0.000773395,-0.00301391,-0.001229918,-0.001474125,1.255195,1.252065,1.26046,1.24605,0.002541493,0.001835524,0.002082352,0.002285877,1.292475
7/20/2010,1.2884,1.2946,1.303,1.2839,-0.004327666,0.003488102,0.002847687,-0.002408702,1.258285,1.25521,1.263835,1.248995,0.002487632,0.002520215,0.00268187,0.00237679,1.2821
7/21/2010,1.2756,1.2882,1.2914,1.2732,-0.009934803,-0.004943612,-0.008902533,-0.008333982,1.2605,1.258285,1.266685,1.25161,0.001799305,0.002476006,0.00228126,0.002127438,1.2827
7/22/2010,1.2888,1.2753,1.293,1.2737,0.010348071,-0.010013973,0.001238965,0.000392711,1.263275,1.26048,1.26939,1.25399,0.002235494,0.001783736,0.002160933,0.001934116,1.288875
7/23/2010,1.2904,1.2889,1.2969,1.2793,0.001241465,0.010664157,0.003016241,0.00439664,1.265925,1.26327,1.272255,1.256695,0.002131346,0.002247917,0.002283494,0.00219065,1.294325
7/26/2010,1.2994,1.2896,1.3007,1.2876,0.006974582,0.000543099,0.002930064,0.006487923,1.26951,1.265885,1.275295,1.259755,0.002872026,0.002104769,0.002417897,0.002466074,1.299575
7/27/2010,1.2993,1.2992,1.3047,1.2951,-7.69586E-05,0.007444169,0.003075267,0.00582479,1.27358,1.269465,1.27907,1.263755,0.003267299,0.00286896,0.003003147,0.003218012,1.300025
7/28/2010,1.2992,1.3,1.3043,1.2966,-7.69645E-05,0.000615764,-0.000306584,0.001158212,1.27737,1.273535,1.282755,1.26776,0.003037652,0.003266318,0.00293087,0.003218314,1.3039
7/29/2010,1.3077,1.2993,1.3108,1.2978,0.006542488,-0.000538462,0.004983516,0.000925497,1.28017,1.277325,1.285595,1.271685,0.002208163,0.003038344,0.00222929,0.003149504,1.305
7/30/2010,1.3045,1.308,1.3095,1.298,-0.002447044,0.006695913,-0.000991761,0.000154107,1.282595,1.28012,1.287995,1.27418,0.001914045,0.002204362,0.001880659,0.001976204,1.312325
8/2/2010,1.318,1.3063,1.3197,1.3053,0.010348793,-0.001299694,0.007789233,0.005624037,1.2858,1.28266,1.291155,1.276905,0.002515083,0.002003605,0.002468297,0.002149242,1.320375
8/3/2010,1.3226,1.3181,1.3263,1.3145,0.003490137,0.009033147,0.005001137,0.007048188,1.288815,1.285875,1.294155,1.280235,0.002354635,0.002522965,0.002328382,0.002617577,1.319
8/4/2010,1.3158,1.323,1.3241,1.3131,-0.005141388,0.003717472,-0.00165875,-0.001065044,1.291435,1.28889,1.297035,1.283125,0.002053994,0.002353917,0.002237547,0.002267827,1.317575
8/5/2010,1.3191,1.3157,1.3236,1.3119,0.00250798,-0.005517763,-0.000377615,-0.000913868,1.293925,1.291495,1.29965,1.28562,0.001945897,0.002042391,0.002029168,0.001955265,1.324
8/6/2010,1.3282,1.3186,1.3335,1.3157,0.006898643,0.00220415,0.007479601,0.002896562,1.297165,1.293945,1.302705,1.28837,0.00252324,0.001915182,0.002359885,0.002151598,1.32625
8/9/2010,1.3232,1.3293,1.3309,1.3216,-0.003764493,0.008114667,-0.001949756,0.004484305,1.30038,1.297215,1.306005,1.29171,0.002513106,0.002545395,0.002557116,0.002609811,1.3177
8/10/2010,1.3177,1.3222,1.3236,1.3073,-0.00415659,-0.005341157,-0.00548501,-0.010820218,1.302635,1.300355,1.30849,1.29447,0.001761151,0.002456358,0.001927106,0.002176387,1.300775
8/11/2010,1.2832,1.3177,1.3192,1.283,-0.026181984,-0.003403419,-0.003324267,-0.018587929,1.303095,1.30262,1.310555,1.295215,0.000397046,0.001770068,0.001603895,0.000608064,1.2848
8/12/2010,1.2823,1.2855,1.2934,1.278,-0.000701372,-0.024436518,-0.019557307,-0.003897116,1.30252,1.30318,1.31044,1.295575,-0.000415102,0.00047358,-7.04257E-05,0.000306749,1.2809
8/13/2010,1.275,1.2829,1.2908,1.2749,-0.005692896,-0.002022559,-0.002010206,-0.002425665,1.30162,1.302625,1.309935,1.294875,-0.00066883,-0.000400521,-0.0003716,-0.000526684,1.279825
8/16/2010,1.2823,1.2763,1.2873,1.2734,0.00572549,-0.005144594,-0.002711497,-0.001176563,1.301035,1.301935,1.309335,1.294195,-0.000421226,-0.000507056,-0.000445679,-0.000511806,1.285625
8/17/2010,1.2879,1.2826,1.2917,1.2803,0.004367153,0.004936144,0.003418007,0.005418564,1.30101,1.301335,1.30877,1.294015,1.35154E-05,-0.000434653,-0.000417163,-0.000120442,1.287075
8/18/2010,1.2855,1.2883,1.2923,1.2822,-0.001863499,0.004444098,0.000464504,0.001484027,1.301505,1.30134,1.308815,1.294465,0.000417081,3.4732E-05,5.11891E-05,0.000370458,1.283775
8/19/2010,1.282,1.2855,1.2904,1.2772,-0.002722676,-0.002173407,-0.001470247,-0.003899548,1.301165,1.30185,1.308685,1.29464,-0.000236457,0.00042676,-8.42715E-05,0.000155845,1.2756
8/20/2010,1.2705,1.2822,1.2835,1.2662,-0.008970359,-0.002567095,-0.005347179,-0.00861259,1.30017,1.301515,1.308015,1.293985,-0.000747048,-0.000234802,-0.000502443,-0.000494616,1.2685
8/23/2010,1.2658,1.2704,1.2733,1.2645,-0.003699331,-0.009202932,-0.00794702,-0.0013426,1.29849,1.300555,1.306645,1.29283,-0.001280744,-0.000722104,-0.001046297,-0.000886143,1.264575
8/24/2010,1.2624,1.2653,1.272,1.2586,-0.002686048,-0.004014484,-0.001020969,-0.004665876,1.296645,1.29886,1.30501,1.291005,-0.001411198,-0.001295036,-0.001251109,-0.001410676,1.265475
8/25/2010,1.2657,1.263,1.2727,1.2605,0.002614068,-0.001817751,0.000550314,0.001509614,1.29497,1.29701,1.30343,1.2892,-0.001276646,-0.001416712,-0.001208264,-0.001393106,1.269825
8/26/2010,1.2719,1.266,1.2765,1.2649,0.004898475,0.002375297,0.002985778,0.003490678,1.29318,1.295345,1.301715,1.287555,-0.001358847,-0.001271024,-0.001308151,-0.001264847,1.273325
8/27/2010,1.2762,1.2715,1.2779,1.2677,0.003380769,0.004344392,0.001096749,0.002213614,1.291765,1.29352,1.300135,1.28604,-0.001067456,-0.0013886,-0.001203725,-0.001161871,1.2714
8/30/2010,1.2663,1.2763,1.2771,1.2659,-0.007757405,0.003775069,-0.000626027,-0.001419894,1.28918,1.29202,1.298005,1.28407,-0.001972766,-0.001134862,-0.001624488,-0.001514068,1.267925
8/31/2010,1.2685,1.2664,1.2744,1.2624,0.001737345,-0.007756797,-0.002114165,-0.002764831,1.286475,1.289435,1.29541,1.281465,-0.002060406,-0.001974359,-0.001980253,-0.002004719,1.275325
9/1/2010,1.2811,1.2683,1.2857,1.2662,0.009932992,0.001500316,0.008866918,0.003010139,1.28474,1.2867,1.29349,1.27912,-0.001306687,-0.002085217,-0.00145397,-0.00180096,1.281325
9/2/2010,1.2825,1.2803,1.2849,1.2776,0.001092811,0.009461484,-0.000622229,0.009003317,1.28291,1.28493,1.291555,1.277405,-0.001377445,-0.001336255,-0.0014662,-0.0013051,1.2857
9/3/2010,1.2893,1.2826,1.29,1.2809,0.005302144,0.001796454,0.00396918,0.002582968,1.280965,1.28313,1.28938,1.275665,-0.00145727,-0.00135664,-0.001641721,-0.00132078,1.2886
9/6/2010,1.2872,1.2889,1.2919,1.2864,-0.001628791,0.004911898,0.001472868,0.004293856,1.279165,1.28111,1.28743,1.273905,-0.001350485,-0.001516778,-0.00147059,-0.001330303,1.2778
9/7/2010,1.2682,1.2875,1.2878,1.2677,-0.014760721,-0.001086198,-0.00317362,-0.014536692,1.27669,1.279375,1.28564,1.271925,-0.001880692,-0.00130403,-0.001355021,-0.001516126,1.270675
9/8/2010,1.272,1.2683,1.2765,1.2659,0.002996373,-0.014912621,-0.008774654,-0.001419894,1.27613,1.276905,1.283505,1.27107,-0.000421774,-0.00187949,-0.00162754,-0.000657725,1.27125
9/9/2010,1.2694,1.2723,1.2769,1.2664,-0.002044025,0.003153828,0.000313357,0.000394976,1.275485,1.276245,1.28268,1.27049,-0.000488906,-0.000499973,-0.000634007,-0.00044312,1.2691
9/10/2010,1.2677,1.2696,1.2748,1.2643,-0.001339215,-0.002122141,-0.001644608,-0.001658244,1.27512,1.27558,1.28188,1.26996,-0.000271222,-0.000504952,-0.000615727,-0.000404749,1.2797
9/13/2010,1.2878,1.2712,1.2894,1.2704,0.015855486,0.001260239,0.011452777,0.004824804,1.275395,1.275325,1.281985,1.26981,0.000235277,-0.00018471,9.24867E-05,-0.000104681,1.29345
9/14/2010,1.2995,1.288,1.3035,1.2828,0.009085262,0.013215859,0.010935319,0.009760705,1.275975,1.275595,1.282575,1.269935,0.000471183,0.000229275,0.000468352,0.000112427,1.299825
9/15/2010,1.3004,1.2996,1.3038,1.2955,0.000692574,0.009006211,0.00023015,0.009900218,1.27672,1.27616,1.28315,1.2706,0.000598986,0.000457381,0.000456635,0.000533236,1.3045
9/16/2010,1.3074,1.3012,1.3118,1.2976,0.005382959,0.001231148,0.00613591,0.001620996,1.27799,1.276945,1.28422,1.27162,0.001004268,0.000627609,0.000836942,0.000809263,1.307575
9/17/2010,1.3045,1.3079,1.3161,1.3018,-0.002218143,0.005149093,0.003277939,0.003236745,1.27969,1.27823,1.28585,1.2734,0.001341879,0.001013418,0.001268198,0.00140173,1.30675
9/20/2010,1.3064,1.3058,1.3122,1.3026,0.001456497,-0.001605627,-0.002963301,0.000614534,1.28172,1.28,1.287795,1.275305,0.00159967,0.001393283,0.001517384,0.001499587,1.316325
9/21/2010,1.3251,1.3063,1.3282,1.3057,0.014314146,0.000382907,0.012193263,0.002379856,1.284855,1.28205,1.290605,1.27766,0.00244968,0.001613153,0.002178096,0.001851873,1.333675
9/22/2010,1.3399,1.3259,1.3442,1.3247,0.011168968,0.01500421,0.012046379,0.014551582,1.288565,1.285195,1.29418,1.28087,0.002877425,0.002454251,0.002752899,0.002503972,1.335725
9/23/2010,1.331,1.34,1.3415,1.3304,-0.006642287,0.010634286,-0.00200863,0.004302861,1.29152,1.288895,1.29743,1.284145,0.002300387,0.002867201,0.002503179,0.002544581,1.3396
9/24/2010,1.3488,1.3314,1.3497,1.3285,0.013373403,-0.00641791,0.006112561,-0.001428142,1.29515,1.29189,1.30102,1.287185,0.002800019,0.002329085,0.002753969,0.002362493,1.346775
9/27/2010,1.3454,1.3484,1.3508,1.3425,-0.002520759,0.012768514,0.000814996,0.010538201,1.299105,1.295495,1.304705,1.291015,0.003061851,0.002778758,0.00282602,0.002960398,1.350175
9/28/2010,1.3579,1.345,1.3597,1.3381,0.009290917,-0.002521507,0.006588688,-0.003277467,1.303575,1.299425,1.30897,1.2948,0.00343953,0.003040522,0.003261163,0.002934766,1.360625
9/29/2010,1.3628,1.3582,1.3649,1.3566,0.003608513,0.009814126,0.003824373,0.013825574,1.30766,1.30392,1.31293,1.29932,0.003123306,0.003456213,0.003009036,0.003475538,1.362475
9/30/2010,1.363,1.3625,1.3685,1.3559,0.000146757,0.003165955,0.002637556,-0.000515996,1.311685,1.30803,1.31711,1.303235,0.003076003,0.003141436,0.003172025,0.002999572,1.370875
10/1/2010,1.3789,1.3632,1.3795,1.3619,0.011665444,0.000513761,0.008037998,0.004425105,1.316165,1.31206,1.321585,1.307285,0.003394168,0.003077302,0.003375466,0.003091679,1.37355
10/4/2010,1.368,1.3798,1.3798,1.3666,-0.007904852,0.01217723,0.00021747,0.003451061,1.320205,1.316605,1.32598,1.311295,0.003080365,0.003440568,0.003312696,0.003049539,1.375325
10/5/2010,1.3832,1.3683,1.3861,1.3637,0.011111111,-0.008334541,0.004565879,-0.002122055,1.325955,1.320645,1.330895,1.316095,0.004373956,0.003078151,0.003699671,0.003670271,1.388025
10/6/2010,1.3936,1.3839,1.3948,1.3798,0.007518797,0.011401009,0.006276603,0.011806116,1.332035,1.326425,1.33681,1.32179,0.004600078,0.004393833,0.004452234,0.004331571,1.3936
10/7/2010,1.3926,1.3931,1.403,1.3857,-0.000717566,0.006647879,0.005878979,0.004275982,1.338195,1.332465,1.343115,1.327755,0.004666401,0.004568535,0.004730515,0.004525622,1.39205
10/8/2010,1.394,1.3923,1.3985,1.3834,0.001005314,-0.000574259,-0.003207413,-0.001659811,1.34451,1.3386,1.3493,1.33371,0.004783627,0.004645929,0.004652375,0.004525543,1.39365
10/11/2010,1.3873,1.3994,1.4013,1.3866,-0.004806313,0.005099476,0.002002145,0.002313142,1.349485,1.34501,1.354895,1.33952,0.003750537,0.004837891,0.004179843,0.00439996,1.387675
10/12/2010,1.3924,1.3876,1.3934,1.3773,0.003676206,-0.008432185,-0.005637622,-0.006707053,1.35413,1.34999,1.35939,1.344245,0.003480084,0.003755489,0.003351196,0.003576572,1.394925
10/13/2010,1.3962,1.3921,1.4003,1.3911,0.002729101,0.00324301,0.004951916,0.010019604,1.35892,1.354615,1.364215,1.349025,0.003581911,0.003467329,0.003587285,0.003582542,1.402875
10/14/2010,1.4078,1.396,1.4123,1.3954,0.008308265,0.002801523,0.008569592,0.003091079,1.36394,1.359355,1.36924,1.353915,0.003728176,0.003545847,0.003708969,0.003656046,1.403825
10/15/2010,1.3976,1.4081,1.4159,1.3937,-0.007245347,0.008667622,0.002549033,-0.001218289,1.368595,1.364365,1.37423,1.35851,0.003476816,0.003721774,0.003672523,0.003433294,1.393975
10/18/2010,1.3945,1.3984,1.4,1.383,-0.002218088,-0.006888715,-0.011229607,-0.007677405,1.373,1.368995,1.37862,1.36253,0.003293087,0.00345762,0.003259208,0.003018697,1.384775
10/19/2010,1.3732,1.3942,1.4005,1.3712,-0.015274292,-0.003003432,0.000357143,-0.008532176,1.375405,1.37339,1.382235,1.365805,0.001813665,0.003288303,0.002667402,0.002473096,1.38455
10/20/2010,1.3964,1.3728,1.3993,1.3697,0.016894844,-0.015349304,-0.000856837,-0.001093932,1.37823,1.375735,1.38499,1.368055,0.002099958,0.001770627,0.002022241,0.00169082,1.395175
10/21/2010,1.392,1.3964,1.4051,1.3872,-0.00315096,0.017191142,0.00414493,0.01277652,1.38128,1.378555,1.38817,1.370895,0.002274525,0.00209847,0.002329919,0.002114503,1.392575
10/22/2010,1.3949,1.3922,1.3975,1.3857,0.002083333,-0.003007734,-0.005408868,-0.001081315,1.383585,1.381595,1.39056,1.373755,0.001710021,0.002268978,0.001753848,0.002131844,1.3986
10/25/2010,1.3963,1.3966,1.4082,1.3933,0.001003656,0.003160465,0.00765653,0.005484593,1.38613,1.384005,1.39343,1.376295,0.001886242,0.001788576,0.002095924,0.001879164,1.39085
10/26/2010,1.3859,1.3966,1.3984,1.3825,-0.007448256,0,-0.006959239,-0.007751382,1.38753,1.386585,1.395365,1.378515,0.001049283,0.001914651,0.001418528,0.001655468,1.38095
10/27/2010,1.3768,1.3859,1.3878,1.3733,-0.00656613,-0.007661464,-0.007580092,-0.006654611,1.38823,1.38797,1.39651,1.37935,0.000540551,0.001040872,0.000848305,0.000631459,1.38505
10/28/2010,1.3931,1.3766,1.3947,1.3758,0.011839047,-0.006710441,0.004971898,0.001820433,1.389735,1.388675,1.39782,1.380345,0.001125166,0.000547052,0.000965022,0.00074828,1.390825
10/29/2010,1.3947,1.3928,1.3953,1.3805,0.001148518,0.011768124,0.0004302,0.003416194,1.390525,1.390155,1.39861,1.381275,0.000599319,0.00110977,0.000584632,0.000697835,1.39315
11/1/2010,1.3889,1.3962,1.4013,1.3862,-0.0041586,0.002441126,0.004300151,0.004128939,1.39157,1.390975,1.399685,1.382255,0.000786632,0.000622965,0.000788766,0.000731729,1.39675
11/2/2010,1.4037,1.3893,1.4059,1.3881,0.010655915,-0.004941985,0.003282666,0.001370654,1.392595,1.392025,1.400675,1.383475,0.000763872,0.000792593,0.000724605,0.000906364,1.408675
11/3/2010,1.4143,1.4036,1.4177,1.3991,0.007551471,0.010292953,0.0083932,0.007924501,1.39363,1.39301,1.40182,1.38444,0.000765506,0.00073719,0.000830435,0.000712283,1.418025
11/4/2010,1.4198,1.4138,1.4283,1.4102,0.00388885,0.007267028,0.007476899,0.007933672,1.39499,1.394045,1.403085,1.385665,0.000995827,0.000768147,0.000910331,0.000895168,1.4129
11/5/2010,1.4031,1.4212,1.4249,1.4024,-0.01176222,0.005234121,-0.002380452,-0.00553113,1.395445,1.39549,1.404405,1.386615,0.00035745,0.001058566,0.000951679,0.000701602,1.398475
11/8/2010,1.3921,1.4045,1.4086,1.3887,-0.007839783,-0.011750633,-0.011439399,-0.009768967,1.395685,1.395745,1.40477,1.38672,0.000205776,0.000216061,0.000279602,9.74963E-05,1.385575
11/9/2010,1.3777,1.3921,1.3975,1.375,-0.010344084,-0.008828765,-0.007880165,-0.009865342,1.39495,1.39597,1.404975,1.386605,-0.000495238,0.000196232,0.000167475,-6.04181E-05,1.37645
11/10/2010,1.3782,1.3778,1.3828,1.367,0.000362924,-0.010272251,-0.010518784,-0.005818182,1.39405,1.395255,1.4041,1.3854,-0.000613547,-0.000479531,-0.00060606,-0.000852307,1.37235
11/11/2010,1.3655,1.3781,1.3822,1.3636,-0.009214918,0.000217738,-0.000433902,-0.002487198,1.391935,1.39436,1.402595,1.38381,-0.001489706,-0.00060872,-0.001056235,-0.001131221,1.3676
11/12/2010,1.3691,1.3662,1.3778,1.3573,0.002636397,-0.008635077,-0.003183331,-0.004620123,1.39051,1.392265,1.40069,1.38199,-0.000995619,-0.001473855,-0.001342853,-0.001301313,1.36515
11/15/2010,1.3583,1.3708,1.3752,1.3563,-0.007888394,0.003367003,-0.001887066,-0.000736757,1.3887,1.390885,1.39945,1.380655,-0.001279134,-0.000961069,-0.000875726,-0.000954281,1.354325
11/16/2010,1.3492,1.3578,1.3656,1.3447,-0.006699551,-0.009483513,-0.006980803,-0.00855268,1.3875,1.389065,1.397705,1.37933,-0.000850397,-0.001285073,-0.001242623,-0.000955306,1.350775
11/17/2010,1.3518,1.3487,1.3567,1.3459,0.001927068,-0.006702018,-0.006517282,0.000892392,1.38527,1.38786,1.395575,1.37814,-0.001598786,-0.000852709,-0.001525645,-0.00085599,1.358825
11/18/2010,1.3644,1.3521,1.3668,1.352,0.009320905,0.002520946,0.007444535,0.004532283,1.38389,1.385645,1.39366,1.37638,-0.000975193,-0.001586219,-0.001360665,-0.001268201,1.366525
11/19/2010,1.3684,1.3637,1.3733,1.3607,0.002931692,0.008579247,0.004755634,0.006434911,1.382565,1.38422,1.39245,1.37513,-0.000932775,-0.00100687,-0.00085244,-0.00089239,1.36795
11/22/2010,1.3625,1.373,1.3788,1.3575,-0.004311605,0.006819682,0.004004952,-0.002351731,1.380875,1.38304,1.39098,1.37334,-0.001198538,-0.000823909,-0.001035019,-0.001284206,1.349725
11/23/2010,1.3371,1.3622,1.3635,1.3361,-0.018642202,-0.007865987,-0.011096606,-0.015764273,1.378435,1.38132,1.389235,1.37102,-0.001758235,-0.001217208,-0.001241887,-0.001684851,1.3351
11/24/2010,1.3329,1.3369,1.3423,1.3283,-0.003141126,-0.018572897,-0.015548221,-0.005837886,1.37624,1.37887,1.38696,1.36877,-0.001586985,-0.00176278,-0.001640294,-0.001644015,1.334125
11/25/2010,1.3361,1.333,1.3388,1.3286,0.00240078,-0.002917196,-0.002607465,0.000225853,1.37339,1.37669,1.384165,1.36641,-0.002058898,-0.001573118,-0.002019262,-0.001723744,1.328975
11/26/2010,1.324,1.3354,1.3367,1.3198,-0.009056208,0.00180045,-0.001568569,-0.006623513,1.369855,1.37382,1.381235,1.363375,-0.002569135,-0.002071501,-0.0021192,-0.002225729,1.319225
11/29/2010,1.3118,1.3285,1.3303,1.3063,-0.009214502,-0.005166991,-0.004787911,-0.010228823,1.366,1.370435,1.377685,1.35938,-0.00282193,-0.002451907,-0.002573604,-0.002943617,1.305425
11/30/2010,1.2977,1.3123,1.3151,1.2966,-0.01074859,-0.012194204,-0.011425994,-0.007425553,1.3607,1.366585,1.373145,1.354805,-0.003892155,-0.002814518,-0.003309037,-0.003383427,1.306925
12/1/2010,1.3142,1.2982,1.3182,1.2971,0.012714803,-0.010744494,0.002357235,0.000385624,1.355695,1.361315,1.36817,1.349705,-0.003633988,-0.003866391,-0.003610835,-0.003760371,1.3167
12/2/2010,1.3224,1.3137,1.3249,1.3058,0.006239537,0.011939609,0.005082689,0.00670727,1.350825,1.35631,1.363,1.344485,-0.003516454,-0.003632762,-0.003730545,-0.003821691,1.331225
12/3/2010,1.3414,1.3223,1.342,1.3192,0.014367816,0.006546396,0.012906634,0.010261908,1.34774,1.351365,1.358855,1.340325,-0.002209952,-0.003567148,-0.002966191,-0.003032039,1.33395
12/6/2010,1.3305,1.3386,1.3423,1.3244,-0.008125839,0.012327006,0.000223547,0.003941783,1.34466,1.34807,1.35554,1.33711,-0.002224255,-0.002363266,-0.002383044,-0.002346502,1.3309
12/7/2010,1.3263,1.331,1.3402,1.3261,-0.003156708,-0.005677574,-0.001564479,0.0012836,1.34209,1.345015,1.352675,1.334665,-0.001864886,-0.002205706,-0.002067259,-0.001789055,1.32465
12/8/2010,1.3256,1.3269,1.3282,1.3179,-0.000527784,-0.003080391,-0.008953887,-0.006183546,1.33946,1.34247,1.349945,1.33221,-0.001909421,-0.001846113,-0.001989015,-0.001807323,1.324825
12/9/2010,1.3242,1.3262,1.3324,1.3165,-0.001056126,-0.000527545,0.003162174,-0.001062296,1.337395,1.339875,1.347455,1.329855,-0.001501482,-0.001883377,-0.001809211,-0.001736078,1.32335
12/10/2010,1.3233,1.3239,1.3284,1.3178,-0.000679656,-0.001734278,-0.003002101,0.000987467,1.335105,1.33776,1.344985,1.32788,-0.001667284,-0.001538338,-0.001800149,-0.001455698,1.3305
12/13/2010,1.3389,1.3214,1.3435,1.3182,0.01178871,-0.00188836,0.011367058,0.000303536,1.334135,1.33529,1.3434,1.325975,-0.000683429,-0.001801106,-0.001137443,-0.001403684,1.3409
12/14/2010,1.3384,1.3391,1.3499,1.3362,-0.000373441,0.013394884,0.004763677,0.013654984,1.333595,1.334355,1.342615,1.32555,-0.000367124,-0.000657186,-0.000550219,-0.0002933,1.329625
12/15/2010,1.3211,1.3381,1.3384,1.3209,-0.012925882,-0.00074677,-0.00851915,-0.011450382,1.33206,1.333825,1.3417,1.3243,-0.001109771,-0.000359423,-0.000650312,-0.000910439,1.322475
12/16/2010,1.3236,1.3217,1.3266,1.318,0.001892362,-0.012256184,-0.008816497,-0.002195473,1.33002,1.332305,1.33969,1.3226,-0.001481198,-0.00109828,-0.001463364,-0.001246827,1.32275
12/17/2010,1.318,1.3238,1.336,1.3132,-0.004230885,0.001588863,0.007085783,-0.003641882,1.3275,1.33031,1.337825,1.320225,-0.001839327,-0.001447799,-0.001346857,-0.001750667,1.31435
12/20/2010,1.3118,1.3174,1.3188,1.3094,-0.004704097,-0.004834567,-0.012874251,-0.002893695,1.324965,1.32753,1.334825,1.31782,-0.001858952,-0.002030512,-0.002190817,-0.001777765,1.312425
12/21/2010,1.3095,1.3126,1.3204,1.3072,-0.001753316,-0.00364354,0.001213224,-0.001680159,1.323585,1.32505,1.33267,1.316375,-0.001014507,-0.001819389,-0.001575325,-0.001073559,1.311375
12/22/2010,1.3099,1.3096,1.3183,1.3077,0.00030546,-0.00228554,-0.001590427,0.000382497,1.322435,1.323685,1.33147,1.315345,-0.000842178,-0.001005021,-0.000877435,-0.00076254,1.310625
12/23/2010,1.3119,1.3097,1.3154,1.3055,0.001526834,7.63592E-05,-0.002199803,-0.001682343,1.321225,1.32252,1.3303,1.31419,-0.000885875,-0.000855344,-0.000857052,-0.00085795,1.3119
12/24/2010,1.3115,1.3117,1.315,1.3094,-0.000304901,0.001527067,-0.00030409,0.002987361,1.3206,1.321335,1.329215,1.31367,-0.00044831,-0.000869013,-0.000793828,-0.000377406,1.313
12/27/2010,1.3159,1.3117,1.3172,1.3072,0.003354937,0,0.001673004,-0.001680159,1.320805,1.320495,1.32856,1.313715,0.000180162,-0.000610663,-0.000470783,5.00272E-05,1.316175
12/28/2010,1.3117,1.3161,1.3276,1.3093,-0.003191732,0.003354426,0.007895536,0.001606487,1.321505,1.320685,1.329185,1.31435,0.000558005,0.000166768,0.000495294,0.000501629,1.316575
12/29/2010,1.3223,1.3117,1.324,1.3083,0.008081116,-0.003343211,-0.00271166,-0.000763767,1.32191,1.32136,1.329475,1.31491,0.00032632,0.000536832,0.000241849,0.00044416,1.325775
12/30/2010,1.3281,1.3223,1.3316,1.3211,0.004386297,0.008081116,0.005740181,0.009783689,1.322195,1.32179,1.32981,1.315675,0.000233658,0.000343908,0.000274724,0.000597981,1.334325
12/31/2010,1.3377,1.3287,1.3426,1.3283,0.007228371,0.004840051,0.008260739,0.005450004,1.32201,1.32211,1.32984,1.31613,-0.000123314,0.000258591,4.24289E-05,0.000357385,1.3334
1/3/2011,1.3351,1.334,1.3396,1.3249,-0.001943635,0.003988861,-0.00223447,-0.002559663,1.32224,1.32188,1.329705,1.316155,0.000185796,-0.000158317,-8.0472E-05,3.23131E-05,1.3345
1/4/2011,1.3301,1.3354,1.3434,1.3291,-0.003745038,0.001049475,0.002836668,0.003170051,1.32243,1.3221,1.329865,1.316305,0.00015638,0.000178036,0.000139585,0.000126636,1.3226
1/5/2011,1.3151,1.3301,1.3327,1.3125,-0.011277348,-0.003968848,-0.007964865,-0.012489655,1.321905,1.32226,1.33009,1.316035,-0.000381098,0.000133613,0.000189036,-0.00018867,1.307975
1/6/2011,1.3001,1.3151,1.3171,1.2996,-0.011405977,-0.011277348,-0.01170556,-0.009828571,1.3207,1.321705,1.329325,1.31519,-0.000898591,-0.000403877,-0.00055435,-0.000626984,1.296275
1/7/2011,1.2916,1.3009,1.3022,1.2904,-0.006537959,-0.010797658,-0.011312733,-0.007079101,1.319115,1.320555,1.328015,1.31382,-0.001191506,-0.000857046,-0.000969882,-0.001030312,1.291525
1/10/2011,1.2941,1.2882,1.2965,1.2873,0.001935584,-0.009762472,-0.004377208,-0.002402356,1.316875,1.318895,1.325665,1.312275,-0.001684162,-0.001250752,-0.001757095,-0.001165607,1.2956
1/11/2011,1.2975,1.2951,1.2994,1.2904,0.002627309,0.005356311,0.002236791,0.002408141,1.31483,1.316695,1.32314,1.309985,-0.001534125,-0.00165268,-0.001883439,-0.001727949,1.30545
1/12/2011,1.3135,1.2976,1.3146,1.2961,0.012331407,0.001930353,0.011697707,0.004417235,1.31445,1.31467,1.32195,1.308745,-0.000271261,-0.001518824,-0.000872597,-0.000934568,1.323975
1/13/2011,1.3354,1.3132,1.3386,1.3087,0.016673011,0.012022195,0.018256504,0.009721472,1.31504,1.314245,1.32255,1.30828,0.000467772,-0.000304905,0.000481053,-0.000338721,1.337575
1/14/2011,1.3375,1.3357,1.3458,1.3313,0.001572563,0.017133719,0.005378754,0.017269046,1.316015,1.31484,1.32304,1.309185,0.000757944,0.000472337,0.000395702,0.000706826,1.332775
1/17/2011,1.3292,1.3386,1.3388,1.3245,-0.006205607,0.002171146,-0.005201367,-0.005107789,1.316885,1.3159,1.32404,1.30994,0.000682869,0.000822623,0.000779346,0.000596121,1.334625
1/18/2011,1.3379,1.3289,1.3466,1.3251,0.00654529,-0.007246377,0.005826113,0.000453001,1.318305,1.316715,1.32535,1.310835,0.001097799,0.000642481,0.001009991,0.000702779,1.343975
1/19/2011,1.3466,1.3386,1.354,1.3367,0.006502728,0.00729927,0.005495322,0.008754056,1.32014,1.318165,1.327135,1.312285,0.001407663,0.001121722,0.001364278,0.001121357,1.346725
1/20/2011,1.3476,1.3474,1.3524,1.3395,0.000742611,0.006574033,-0.001181684,0.002094711,1.321925,1.32005,1.328985,1.313985,0.001368451,0.001446605,0.001415184,0.00131021,1.3541
1/21/2011,1.3615,1.3474,1.3628,1.3447,0.010314633,0,0.007690033,0.003882046,1.324425,1.321835,1.331375,1.31575,0.001899428,0.001370252,0.00181489,0.001354944,1.362575
1/24/2011,1.3643,1.3634,1.3688,1.3538,0.002056555,0.011874722,0.0044027,0.006767309,1.326845,1.32442,1.333955,1.31808,0.001834509,0.001963988,0.001951375,0.001777317,1.3652
1/25/2011,1.3689,1.3643,1.3705,1.3571,0.003371692,0.000660114,0.001241964,0.002437583,1.329705,1.32683,1.3361,1.32047,0.00216268,0.001829273,0.001618696,0.001818872,1.368675
1/26/2011,1.3697,1.3684,1.3723,1.3643,0.000584411,0.003005204,0.001313389,0.005305431,1.332075,1.329665,1.338515,1.32327,0.001787845,0.002146693,0.001819949,0.002122332,1.37055
1/27/2011,1.3726,1.37,1.376,1.3636,0.002117252,0.001169249,0.002696203,-0.000513084,1.3343,1.33205,1.340735,1.325395,0.001674393,0.0018011,0.00166775,0.001607493,1.36695
1/28/2011,1.3613,1.3735,1.3748,1.3582,-0.008232551,0.002554745,-0.000872093,-0.003960106,1.33548,1.33429,1.342345,1.32689,0.000901347,0.001686835,0.001211108,0.001136988,1.364675
1/31/2011,1.3685,1.3592,1.3741,1.3569,0.005289062,-0.010411358,-0.000509165,-0.000957149,1.33715,1.33555,1.34407,1.32849,0.001262981,0.000966824,0.001297374,0.001217113,1.3763
2/1/2011,1.3833,1.3688,1.3846,1.3685,0.010814761,0.007062978,0.007641365,0.008548898,1.33981,1.33722,1.34613,1.33046,0.001990971,0.001267499,0.001537609,0.001486056,1.3816
2/2/2011,1.3803,1.3831,1.3863,1.3767,-0.002168727,0.010447107,0.001227791,0.005991962,1.34307,1.33987,1.34881,1.33367,0.002446402,0.001988297,0.001997241,0.002410137,1.371925
2/3/2011,1.363,1.3811,1.3827,1.3609,-0.012533507,-0.001446027,-0.002596841,-0.01147672,1.346215,1.34317,1.35209,1.336735,0.002390026,0.002479863,0.002452677,0.002327729,1.361075
2/4/2011,1.3585,1.3636,1.3679,1.3543,-0.003301541,-0.012671059,-0.010703696,-0.004849732,1.34956,1.346305,1.355375,1.33993,0.002551847,0.002386193,0.002483129,0.002439198,1.357025
2/7/2011,1.3586,1.3559,1.3628,1.3508,7.36106E-05,-0.005646817,-0.003728343,-0.002584361,1.352785,1.34969,1.35869,1.343105,0.002458748,0.002591975,0.002515572,0.002430098,1.36195
2/8/2011,1.3633,1.3584,1.369,1.3571,0.003459444,0.001843794,0.004549457,0.004663903,1.356075,1.352855,1.36217,1.34644,0.002500355,0.002416349,0.002631206,0.002542886,1.367775
2/9/2011,1.373,1.3629,1.3745,1.3607,0.007115088,0.003312721,0.004017531,0.002652715,1.35905,1.35612,1.365165,1.34967,0.002239539,0.002485468,0.002247197,0.00245466,1.365975
2/10/2011,1.3593,1.3731,1.3738,1.3577,-0.00997815,0.007484041,-0.000509276,-0.002204748,1.360245,1.359115,1.366925,1.35212,0.000906981,0.00225856,0.001308908,0.001858349,1.35655
2/11/2011,1.3546,1.3596,1.3623,1.3497,-0.003457662,-0.009831768,-0.008370942,-0.005892318,1.3611,1.36031,1.36775,1.35304,0.00065547,0.000910286,0.000621423,0.00070028,1.349525
2/14/2011,1.3483,1.3509,1.3561,1.3428,-0.004650819,-0.006398941,-0.004551127,-0.005112247,1.362055,1.360925,1.368615,1.353955,0.000733209,0.000481782,0.000653935,0.000700058,1.34975
2/15/2011,1.3489,1.3487,1.3554,1.346,0.000445005,-0.001628544,-0.000516186,0.00238308,1.362605,1.361915,1.369055,1.355,0.000428195,0.000762673,0.00033682,0.000796562,1.352575
2/16/2011,1.3566,1.3485,1.3591,1.3461,0.005708355,-0.000148291,0.002729821,7.42942E-05,1.363105,1.36241,1.36931,1.35547,0.000388476,0.000390295,0.000198545,0.000362573,1.35815
2/17/2011,1.3601,1.3569,1.3621,1.3535,0.002579979,0.006229143,0.002207343,0.005497363,1.36373,1.362885,1.369795,1.35617,0.000480345,0.000373051,0.000367997,0.000532706,1.364075
2/18/2011,1.3694,1.3607,1.3716,1.3546,0.006837733,0.002800501,0.006974525,0.000812708,1.364125,1.36355,1.370235,1.356665,0.000306499,0.000513076,0.000332221,0.000379239,1.368575
2/21/2011,1.3675,1.3703,1.3719,1.3646,-0.001387469,0.007055192,0.000218723,0.007382253,1.364285,1.363895,1.37039,1.357205,0.000134298,0.000272099,0.000123022,0.000409986,1.36405
2/22/2011,1.3653,1.3678,1.3705,1.3526,-0.001608775,-0.001824418,-0.001020483,-0.008793786,1.364105,1.36407,1.37039,1.35698,-0.000114725,0.000147873,9.89995E-06,-0.000151582,1.370975
2/23/2011,1.3746,1.3657,1.3789,1.3647,0.00681169,-0.001535312,0.00612915,0.008945734,1.36435,1.363935,1.37072,1.357,0.000196639,-7.91532E-05,0.000250688,3.04331E-05,1.376875
2/24/2011,1.3803,1.3747,1.3822,1.3703,0.004146661,0.006590027,0.002393212,0.004103466,1.364735,1.36417,1.37103,1.357335,0.000298109,0.000191886,0.000235538,0.000261261,1.377825
2/25/2011,1.375,1.3801,1.3839,1.3723,-0.003839745,0.00392813,0.001229923,0.001459534,1.36542,1.3645,1.371485,1.35804,0.00051775,0.000260555,0.000340639,0.000532243,1.378125
2/28/2011,1.3801,1.3758,1.3856,1.371,0.003709091,-0.003115716,0.001228412,-0.000947315,1.366,1.36533,1.37206,1.358745,0.000438751,0.000625337,0.000427518,0.000532734,1.37985
3/1/2011,1.3775,1.3801,1.3856,1.3762,-0.001883921,0.003125454,0,0.003792852,1.36571,1.365895,1.37211,1.35913,-0.000196183,0.000428461,4.54498E-05,0.000294932,1.38175
3/2/2011,1.3863,1.3773,1.3891,1.3743,0.006388385,-0.002028838,0.002525982,-0.001380613,1.36601,1.365605,1.37225,1.35901,0.000231673,-0.000195336,0.000110359,-7.36968E-05,1.390825
3/3/2011,1.3963,1.3865,1.3973,1.3832,0.007213446,0.006679736,0.005903103,0.006476024,1.367675,1.365875,1.37298,1.360125,0.00121902,0.000210952,0.000535357,0.00082394,1.39725
3/4/2011,1.3982,1.3963,1.4008,1.3937,0.001360739,0.007068157,0.002504831,0.007591093,1.36966,1.36751,1.374625,1.362095,0.001452134,0.001197913,0.001195783,0.001445982,1.398825
3/7/2011,1.3972,1.3991,1.4038,1.3952,-0.000715205,0.0020053,0.002141633,0.001076272,1.37159,1.36967,1.376675,1.364315,0.001412693,0.001580518,0.001489282,0.001629013,1.39335
3/8/2011,1.3903,1.3975,1.3994,1.3862,-0.004938448,-0.001143592,-0.00313435,-0.006450688,1.37294,1.371625,1.378195,1.36577,0.000992799,0.001431149,0.001105091,0.001073284,1.3902
3/9/2011,1.3907,1.3902,1.3944,1.3855,0.000287708,-0.005223614,-0.00357296,-0.000504978,1.373825,1.37299,1.37919,1.36701,0.00065143,0.001004332,0.000725567,0.000915399,1.384975
3/10/2011,1.3792,1.3905,1.3927,1.3775,-0.008269217,0.000215796,-0.001219162,-0.005774089,1.37482,1.37386,1.380135,1.368,0.000736876,0.00064092,0.000690072,0.000736932,1.3842
3/11/2011,1.3907,1.3793,1.3916,1.3752,0.008338167,-0.008054657,-0.000789833,-0.001669691,1.376625,1.374845,1.3816,1.369275,0.001326668,0.000729776,0.001069128,0.000948063,1.396575
3/14/2011,1.399,1.3964,1.4005,1.3904,0.005968217,0.012397593,0.006395516,0.011052938,1.37916,1.37712,1.38382,1.371655,0.00185762,0.001669602,0.00161646,0.001756323,1.39635
3/15/2011,1.3996,1.399,1.4015,1.3853,0.000428878,0.001861931,0.000714031,-0.003668009,1.381695,1.379635,1.386125,1.37362,0.001856813,0.001844126,0.001677971,0.001453768,1.394175
3/16/2011,1.3901,1.3997,1.4003,1.3866,-0.006787654,0.000500357,-0.000856225,0.000938425,1.38337,1.382195,1.388185,1.375645,0.001232013,0.001876559,0.001498669,0.001496975,1.396225
3/17/2011,1.4022,1.3904,1.4054,1.3869,0.00870441,-0.006644281,0.003642077,0.000216357,1.385475,1.38387,1.39035,1.377315,0.001538234,0.001232887,0.001570405,0.001232924,1.409075
3/18/2011,1.4176,1.402,1.4187,1.398,0.010982741,0.008342923,0.009463498,0.008003461,1.387885,1.385935,1.392705,1.379485,0.001745485,0.001510008,0.001694854,0.001592462,1.4199
3/21/2011,1.4226,1.419,1.4242,1.4138,0.003527088,0.012125535,0.003876789,0.01130186,1.39064,1.38837,1.39532,1.381945,0.001991213,0.001763526,0.001877757,0.001788442,1.421275
3/22/2011,1.4201,1.4225,1.4251,1.4174,-0.001757346,0.002466526,0.000631934,0.002546329,1.39338,1.391105,1.39805,1.385185,0.001983784,0.001978073,0.001960378,0.002355448,1.41435
3/23/2011,1.4082,1.4197,1.4217,1.4078,-0.008379692,-0.001968366,-0.002385797,-0.006772965,1.39506,1.393805,1.40019,1.38734,0.001224215,0.00195642,0.001534631,0.001569513,1.41335
3/24/2011,1.4173,1.4089,1.4221,1.4051,0.00646215,-0.007607241,0.000281353,-0.001917886,1.39691,1.395515,1.402185,1.38908,0.00133999,0.001246557,0.001429038,0.001268446,1.412575
3/25/2011,1.4081,1.4173,1.4195,1.4054,-0.006491216,0.005962098,-0.001828282,0.000213508,1.398565,1.397375,1.403965,1.390735,0.001207416,0.001348255,0.001276127,0.001206144,1.40665
3/28/2011,1.4084,1.4044,1.4117,1.4021,0.000213053,-0.009101813,-0.005494893,-0.002348086,1.39998,1.398805,1.40527,1.39229,0.001032614,0.00104895,0.000939962,0.001136106,1.409775
3/29/2011,1.4109,1.4084,1.4151,1.4047,0.001775064,0.002848191,0.002408444,0.001854361,1.40165,1.40022,1.406745,1.393715,0.001215563,0.001035087,0.001060384,0.001039181,1.410925
3/30/2011,1.4125,1.4112,1.4149,1.4051,0.001134028,0.001988072,-0.000141333,0.000284758,1.40296,1.401915,1.408035,1.395255,0.000952846,0.001235933,0.000927019,0.00112245,1.416075
3/31/2011,1.4165,1.4129,1.4234,1.4115,0.002831858,0.001204649,0.006007492,0.004554836,1.40397,1.403235,1.40934,1.39667,0.000733766,0.000962178,0.000932238,0.00102639,1.41755
4/1/2011,1.4228,1.4166,1.4247,1.4061,0.004447582,0.002618727,0.000913306,-0.003825717,1.4052,1.40425,1.410535,1.39729,0.000888108,0.000739707,0.000852662,0.00045555,1.422725
4/4/2011,1.4218,1.4229,1.427,1.4192,-0.000702839,0.004447268,0.001614375,0.009316549,1.40643,1.40544,1.411695,1.39849,0.000888727,0.000861805,0.000826299,0.000867564,1.420925
4/5/2011,1.422,1.4219,1.4247,1.4151,0.000140667,-0.00070279,-0.001611773,-0.002888952,1.408015,1.40666,1.41296,1.399935,0.001142682,0.000883845,0.000902428,0.00104565,1.4279
4/6/2011,1.4332,1.4221,1.4352,1.4211,0.007876231,0.000140657,0.007369973,0.004239983,1.41014,1.408255,1.415,1.401715,0.001522109,0.001152059,0.001449574,0.001282898,1.430575
4/7/2011,1.4302,1.4333,1.4346,1.4242,-0.002093218,0.007875677,-0.00041806,0.002181409,1.41269,1.410395,1.417095,1.40405,0.001830909,0.001535053,0.001489629,0.001680673,1.439125
4/8/2011,1.4478,1.4306,1.449,1.4291,0.012305971,-0.001883765,0.010037641,0.003440528,1.415545,1.41296,1.419965,1.406745,0.002029299,0.001843597,0.002031003,0.001936184,1.44505
4/11/2011,1.4434,1.4464,1.4485,1.4419,-0.003039094,0.011044317,-0.000345066,0.008956686,1.417765,1.41546,1.422365,1.40932,0.001578933,0.001775934,0.001693974,0.001831372,1.445175
4/12/2011,1.4476,1.4434,1.452,1.4377,0.002909796,-0.002074115,0.002416293,-0.002912823,1.420165,1.41768,1.42489,1.41194,0.001702979,0.001579131,0.001779087,0.001869131,1.4463
4/13/2011,1.444,1.4478,1.4522,1.4412,-0.002486875,0.003048358,0.000137741,0.002434444,1.42286,1.420085,1.427485,1.41467,0.001918018,0.001706531,0.001828786,0.001943932,1.4453
4/14/2011,1.4488,1.4443,1.4517,1.4364,0.0033241,-0.002417461,-0.000344305,-0.003330558,1.42519,1.42278,1.4298,1.417145,0.001649003,0.001917872,0.001629466,0.001766586,1.44535
4/15/2011,1.4429,1.4488,1.4506,1.4391,-0.004072336,0.003115696,-0.000757732,0.001879699,1.426455,1.42512,1.431395,1.4192,0.000896249,0.001656511,0.001118405,0.001460398,1.43065
4/18/2011,1.4232,1.4415,1.4422,1.4157,-0.01365306,-0.005038653,-0.005790707,-0.016260163,1.426485,1.426245,1.432295,1.419295,3.72413E-05,0.000798302,0.00063503,8.22971E-05,1.42805
4/19/2011,1.4335,1.423,1.4354,1.4203,0.007237212,-0.012833854,-0.004715019,0.003249276,1.427155,1.42627,1.43281,1.41944,0.000486969,3.32827E-05,0.000367683,0.000117444,1.44325
4/20/2011,1.4518,1.4337,1.4548,1.4327,0.012765957,0.007519325,0.013515396,0.00873055,1.429335,1.42697,1.434465,1.420685,0.001544252,0.000507667,0.001162742,0.00089262,1.45575
4/21/2011,1.4551,1.4522,1.4652,1.4505,0.00227304,0.012903676,0.007148749,0.012424094,1.431225,1.429135,1.43662,1.422955,0.001334796,0.001533213,0.001506112,0.001609719,1.4558
4/22/2011,1.4555,1.4553,1.459,1.4534,0.000274895,0.002134692,-0.004231504,0.001999311,1.433595,1.431035,1.438595,1.425355,0.001673102,0.001341843,0.001385951,0.001699009,1.457275
4/25/2011,1.4579,1.4559,1.4629,1.4524,0.001648918,0.000412286,0.002673064,-0.000688042,1.43607,1.43361,1.441155,1.42787,0.001744895,0.001817548,0.001794349,0.001782012,1.45935
4/26/2011,1.4642,1.458,1.4659,1.4493,0.004321284,0.001442407,0.002050721,-0.002134398,1.438735,1.43609,1.443695,1.4301,0.001872206,0.001747258,0.001776463,0.001582574,1.47125
4/27/2011,1.4776,1.4645,1.4797,1.4632,0.009151755,0.004458162,0.009414012,0.009590837,1.44199,1.438755,1.446935,1.433005,0.002273092,0.001870763,0.00225423,0.002047877,1.481475
4/28/2011,1.4822,1.4786,1.4882,1.4769,0.003113156,0.009627859,0.005744408,0.00936304,1.445275,1.44204,1.450175,1.436275,0.002287157,0.002291924,0.002241076,0.002288288,1.482625
4/29/2011,1.4799,1.4824,1.488,1.4802,-0.001551747,0.002569999,-0.000134391,0.00223441,1.44813,1.44533,1.45334,1.43998,0.001987191,0.002289487,0.002188691,0.002591294,1.482775
5/2/2011,1.4824,1.4821,1.4904,1.4762,0.001689303,-0.000202375,0.001612903,-0.002702338,1.45116,1.44829,1.45651,1.44283,0.002106798,0.002057005,0.002188617,0.00199035,1.482375
5/3/2011,1.4826,1.4825,1.4891,1.4753,0.000134916,0.000269887,-0.000872249,-0.000609673,1.45419,1.45132,1.45973,1.44584,0.00210651,0.002105639,0.002225593,0.002104314,1.48405
5/4/2011,1.4821,1.4825,1.4941,1.4775,-0.000337245,0,0.003357733,0.001491222,1.456635,1.45434,1.462675,1.44866,0.001695837,0.002098606,0.002024981,0.001966876,1.4694
5/5/2011,1.4538,1.4827,1.4901,1.451,-0.019094528,0.000134907,-0.002677197,-0.017935702,1.457815,1.45681,1.46545,1.45,0.000845771,0.001711568,0.001912025,0.00096102,1.443725
5/6/2011,1.4308,1.4541,1.4589,1.4311,-0.015820608,-0.019289135,-0.020938192,-0.01371468,1.456965,1.457985,1.465945,1.4501,-0.000560558,0.000841299,0.000363233,0.00010326,1.4356
5/9/2011,1.4362,1.4366,1.4442,1.4254,0.003774112,-0.012034936,-0.010076085,-0.00398295,1.456605,1.457495,1.46573,1.449275,-0.000219898,-0.000312664,-0.000123318,-0.000543722,1.43625
5/10/2011,1.4406,1.436,1.4415,1.4269,0.00306364,-0.000417653,-0.001869547,0.001052336,1.456255,1.457125,1.465205,1.448735,-0.000212205,-0.000229841,-0.00033761,-0.000345464,1.43
5/11/2011,1.4195,1.4408,1.4425,1.4172,-0.014646675,0.003342618,0.000693722,-0.006797954,1.45503,1.456775,1.46472,1.447535,-0.000820195,-0.000215127,-0.000309811,-0.000807084,1.421
5/12/2011,1.4241,1.4198,1.4278,1.4123,0.003240578,-0.014575236,-0.010190641,-0.003457522,1.453795,1.45555,1.463525,1.44633,-0.000824372,-0.000823016,-0.000802128,-0.000813432,1.419225
5/13/2011,1.4118,1.4243,1.4342,1.4066,-0.008637034,0.00316946,0.004482421,-0.00403597,1.45224,1.454325,1.462705,1.444705,-0.001052606,-0.000820328,-0.00054012,-0.001109216,1.41335
5/16/2011,1.4154,1.4086,1.4246,1.4048,0.002549936,-0.011022959,-0.006693627,-0.001279682,1.45185,1.45268,1.461825,1.44416,-0.000242457,-0.001119543,-0.000585266,-0.000360192,1.418975
5/17/2011,1.4237,1.416,1.4241,1.4121,0.005864067,0.005253443,-0.000350976,0.005196469,1.45136,1.45233,1.46126,1.44375,-0.000311114,-0.000215178,-0.000367064,-0.000262832,1.424125
5/18/2011,1.4245,1.4237,1.4289,1.4194,0.000561916,0.005437853,0.00337055,0.005169606,1.449995,1.45183,1.459965,1.443085,-0.000921316,-0.000319252,-0.000874306,-0.000440879,1.42735
5/19/2011,1.4312,1.4249,1.4327,1.4206,0.004703405,0.000842874,0.002659388,0.000845428,1.4488,1.450465,1.45834,1.44159,-0.000799798,-0.000922292,-0.001098774,-0.001019813,1.4235
5/20/2011,1.4152,1.4308,1.4347,1.4133,-0.01117943,0.004140641,0.001395966,-0.005138674,1.446785,1.44924,1.457125,1.439585,-0.001372514,-0.000821995,-0.000817401,-0.001376712,1.407325
5/23/2011,1.405,1.4129,1.4145,1.3969,-0.007207462,-0.012510484,-0.014079599,-0.011604047,1.44414,1.44709,1.454705,1.43681,-0.001815333,-0.001468133,-0.001655034,-0.001922512,1.407175
5/24/2011,1.4103,1.4048,1.4134,1.4002,0.003772242,-0.00573289,-0.00077766,0.002362374,1.441445,1.44443,1.45208,1.434355,-0.001842785,-0.001826898,-0.001796453,-0.001697673,1.40795
5/25/2011,1.4085,1.4101,1.412,1.4012,-0.001276324,0.003772779,-0.000990519,0.000714184,1.43799,1.44171,1.448695,1.431255,-0.002364189,-0.001861167,-0.00231668,-0.002141506,1.41245
5/26/2011,1.4138,1.4085,1.4208,1.4067,0.003762868,-0.001134671,0.006232295,0.003925207,1.43457,1.438205,1.445325,1.427745,-0.002331703,-0.002399294,-0.002292285,-0.002413398,1.4228
5/27/2011,1.4321,1.4141,1.4325,1.4125,0.012943839,0.003975861,0.008234797,0.004123125,1.43218,1.43479,1.44255,1.42436,-0.001606924,-0.002329001,-0.001873826,-0.002318962,1.429325
5/30/2011,1.4278,1.432,1.432,1.4255,-0.003002584,0.012658228,-0.00034904,0.00920354,1.42945,1.432285,1.43963,1.421825,-0.001841518,-0.00168597,-0.001971923,-0.001723668,1.4346
5/31/2011,1.4394,1.4282,1.4426,1.4282,0.008124387,-0.002653631,0.007402235,0.001894072,1.42729,1.42957,1.437305,1.41947,-0.001442045,-0.001832146,-0.001558199,-0.001598481,1.436875
6/1/2011,1.4312,1.4396,1.446,1.4307,-0.005696818,0.007982075,0.002356856,0.001750455,1.424745,1.427425,1.4349,1.41713,-0.001710024,-0.001433043,-0.001608243,-0.001585519,1.4413
6/2/2011,1.449,1.4326,1.4514,1.4322,0.012437116,-0.004862462,0.00373444,0.001048438,1.424505,1.42492,1.432965,1.41619,-0.000133441,-0.001682911,-0.001287661,-0.000636312,1.455575
6/3/2011,1.4634,1.4493,1.4644,1.4452,0.009937888,0.011657127,0.008956869,0.009076945,1.426135,1.42468,1.43324,1.416895,0.001154483,-0.000135598,0.000207092,0.000503269,1.460225
6/6/2011,1.4576,1.4618,1.4659,1.4556,-0.003963373,0.008624853,0.00102431,0.007196236,1.427205,1.42594,1.434325,1.418405,0.000767609,0.000897391,0.000762112,0.001062228,1.46315
6/7/2011,1.4689,1.4577,1.4698,1.4562,0.00775247,-0.002804761,0.002660482,0.000412201,1.42862,1.427025,1.43574,1.41987,0.001002051,0.000778036,0.000988613,0.001030222,1.463175
6/8/2011,1.4576,1.4692,1.4695,1.4564,-0.007692831,0.00788914,-0.000204109,0.000137344,1.430525,1.428445,1.43709,1.42183,0.001349743,0.001005362,0.000943722,0.001376986,1.4555
6/9/2011,1.4508,1.4581,1.4654,1.4477,-0.004665203,-0.007555132,-0.002790065,-0.005973634,1.43186,1.43036,1.43897,1.4236,0.000954454,0.001356367,0.001313751,0.001251181,1.4432
6/10/2011,1.4345,1.4509,1.4552,1.4322,-0.011235181,-0.004937933,-0.006960557,-0.010706638,1.432995,1.43169,1.44002,1.42488,0.000824546,0.000950998,0.000741602,0.000917647,1.4374
6/13/2011,1.4415,1.4329,1.4432,1.432,0.004879749,-0.012406093,-0.008246289,-0.000139645,1.4343,1.432905,1.44095,1.42624,0.000941037,0.000881841,0.000663969,0.000974649,1.4433
6/14/2011,1.4438,1.4417,1.4499,1.4378,0.00159556,0.006141392,0.004642461,0.004050279,1.435305,1.43419,1.44224,1.427525,0.000727612,0.000926238,0.000913641,0.00091734,1.430475
6/15/2011,1.4166,1.4442,1.4455,1.4156,-0.018839174,0.001734064,-0.003034692,-0.015440256,1.43491,1.435215,1.44307,1.427335,-0.000242443,0.000741049,0.000593378,-0.000113153,1.41685
6/16/2011,1.421,1.4171,1.4221,1.4072,0.003106029,-0.018764714,-0.01618817,-0.00593388,1.4344,1.434825,1.44254,1.426665,-0.000322312,-0.000239331,-0.000349,-0.000452119,1.42465
6/17/2011,1.4308,1.4212,1.4341,1.4125,0.006896552,0.002893233,0.008438225,0.003766345,1.43518,1.434345,1.44251,1.426625,0.000581487,-0.000301701,3.11347E-06,-6.86781E-06,1.427575
6/20/2011,1.4307,1.4276,1.4329,1.4191,-6.9891E-05,0.004503237,-0.000836762,0.004672566,1.436465,1.43508,1.44343,1.427735,0.000938366,0.000548985,0.000665255,0.000806963,1.436
6/21/2011,1.4406,1.4306,1.4423,1.4305,0.00691969,0.002101429,0.006560123,0.008033261,1.43798,1.43637,1.444875,1.42925,0.001095738,0.000940701,0.001032144,0.001090507,1.43855
6/22/2011,1.4353,1.4405,1.4443,1.4341,-0.003679023,0.006920173,0.001386674,0.002516603,1.43932,1.43789,1.44649,1.430895,0.000975603,0.001098071,0.001151004,0.001180628,1.426925
6/23/2011,1.4257,1.4346,1.4348,1.4126,-0.006688497,-0.0040958,-0.006577581,-0.014991981,1.439915,1.439195,1.44719,1.43119,0.000453035,0.000950014,0.00051051,0.000234769,1.42255
6/24/2011,1.419,1.426,1.4311,1.4141,-0.004699446,-0.005994702,-0.002578757,0.001061872,1.43926,1.43979,1.44712,1.43127,-0.000429129,0.000451486,-3.01674E-05,8.17061E-05,1.4218
6/27/2011,1.4282,1.4192,1.4295,1.4103,0.006483439,-0.004768583,-0.001118021,-0.002687222,1.43928,1.43915,1.446995,1.43051,4.51721E-05,-0.000419854,-6.86164E-05,-0.000512832,1.432225
6/28/2011,1.4368,1.4287,1.4398,1.4236,0.006021566,0.006693912,0.007205317,0.009430618,1.43915,1.439175,1.446855,1.43028,-5.9969E-05,4.75227E-05,-7.84623E-05,-0.000136005,1.439475
6/29/2011,1.4434,1.4368,1.445,1.4327,0.004593541,0.00566949,0.003611613,0.006392245,1.43976,1.439035,1.446805,1.43038,0.000454549,-6.81065E-05,-1.57245E-05,9.60848E-05,1.447575
6/30/2011,1.4504,1.4434,1.4539,1.4426,0.004849661,0.004593541,0.00615917,0.00691003,1.43983,1.439575,1.44693,1.4309,7.51762E-05,0.000404694,0.000105512,0.000389164,1.4503
7/1/2011,1.4522,1.4501,1.4553,1.4436,0.001241037,0.004641818,0.000962927,0.000693193,1.43927,1.439615,1.446475,1.43082,-0.000359666,5.39282E-05,-0.000294185,-3.00232E-05,1.4536
7/4/2011,1.4537,1.4537,1.4579,1.4491,0.001032916,0.002482587,0.001786573,0.00380992,1.439075,1.43921,1.446075,1.430495,-0.000109852,-0.000253185,-0.000256072,-0.000199339,1.44785
7/5/2011,1.4422,1.4541,1.4555,1.4396,-0.007910848,0.00027516,-0.001646203,-0.006555793,1.43774,1.43903,1.44536,1.429665,-0.000893018,-9.91891E-05,-0.000471406,-0.000547739,1.437375
7/6/2011,1.4316,1.4426,1.4468,1.4285,-0.007349882,-0.007908672,-0.005977327,-0.007710475,1.43644,1.4377,1.444225,1.42827,-0.00087587,-0.00088908,-0.000760067,-0.00094013,1.43185
7/7/2011,1.4359,1.4318,1.4376,1.4221,0.003003632,-0.007486483,-0.006358861,-0.004480224,1.435695,1.436385,1.442835,1.42699,-0.000492429,-0.000885647,-0.000938507,-0.000865459,1.43015
7/8/2011,1.4267,1.4362,1.4371,1.4206,-0.006407131,0.003073055,-0.000347802,-0.001054778,1.435305,1.43565,1.44193,1.42641,-0.000251026,-0.000485098,-0.000607869,-0.000382866,1.411525
7/11/2011,1.4035,1.4211,1.4229,1.3986,-0.016261302,-0.010513856,-0.00988101,-0.015486414,1.433405,1.43506,1.440915,1.42474,-0.001308079,-0.000390486,-0.000689605,-0.001150205,1.39785
7/12/2011,1.3976,1.4038,1.4064,1.3836,-0.004203776,-0.012173668,-0.011596036,-0.010725011,1.431095,1.433165,1.43874,1.42203,-0.001598046,-0.001306239,-0.00150153,-0.001888969,1.407975
7/13/2011,1.4181,1.3976,1.4212,1.395,0.014668002,-0.004416584,0.010523322,0.008239376,1.43117,1.430835,1.437525,1.421,7.73133E-05,-0.001613771,-0.000823629,-0.000704988,1.4178
7/14/2011,1.4142,1.4172,1.4284,1.4114,-0.002750159,0.014024041,0.005066141,0.011756272,1.43083,1.43084,1.43784,1.42121,-0.000215496,2.56664E-05,0.000239086,0.00017952,1.414625
7/15/2011,1.415,1.4144,1.42,1.4091,0.000565691,-0.001975727,-0.005880706,-0.001629588,1.43004,1.4305,1.437135,1.42104,-0.000532039,-0.000217782,-0.00047686,-9.02766E-05,1.4092
7/18/2011,1.4109,1.4113,1.4135,1.4011,-0.002897527,-0.002191742,-0.004577465,-0.005677383,1.42905,1.429685,1.436165,1.42014,-0.000673421,-0.000552531,-0.000663895,-0.000607774,1.413725
7/19/2011,1.4155,1.4107,1.4218,1.4069,0.00326033,-0.00042514,0.005871949,0.004139605,1.427795,1.42869,1.43514,1.41896,-0.000856389,-0.000678859,-0.000698304,-0.000802457,1.418625
7/20/2011,1.4217,1.4154,1.4242,1.4132,0.004380078,0.003331679,0.001688001,0.00447793,1.427115,1.427435,1.434135,1.417915,-0.000453434,-0.000858284,-0.000683238,-0.00070439,1.430525
7/21/2011,1.4421,1.4221,1.444,1.4139,0.014349019,0.004733644,0.013902542,0.00049533,1.427935,1.42681,1.434595,1.41798,0.000598442,-0.000416811,0.000340768,6.99751E-05,1.438475
7/22/2011,1.4353,1.4424,1.4438,1.4324,-0.004715346,0.014274664,-0.000138504,0.013084377,1.42875,1.42763,1.43523,1.418895,0.000597647,0.000596657,0.000462781,0.0006711,1.4375
7/25/2011,1.4374,1.4393,1.4408,1.4325,0.001463109,-0.002149196,-0.00207785,6.98129E-05,1.42921,1.428635,1.435795,1.420005,0.00034663,0.000727626,0.000414789,0.000808952,1.444325
7/26/2011,1.4512,1.4377,1.4528,1.4356,0.009600668,-0.001111651,0.008328706,0.002164049,1.42993,1.429085,1.436445,1.420605,0.000525586,0.000337348,0.000470959,0.000445624,1.44385
7/27/2011,1.4365,1.4513,1.4537,1.4339,-0.010129548,0.009459553,0.000619493,-0.001184174,1.429585,1.42981,1.43688,1.420665,-0.000210569,0.000526851,0.000321353,6.68027E-05,1.433875
7/28/2011,1.4329,1.4371,1.4402,1.4253,-0.002506091,-0.009784331,-0.009286648,-0.005997629,1.42871,1.429495,1.436195,1.4198,-0.000578356,-0.000192042,-0.000450938,-0.00057858,1.4342
7/29/2011,1.4395,1.433,1.4414,1.4229,0.004606044,-0.002852968,0.000833218,-0.001683856,1.428075,1.42864,1.4355,1.418765,-0.000410106,-0.000566782,-0.000457423,-0.000697433,1.431525
8/1/2011,1.4249,1.4372,1.4455,1.4185,-0.010142411,0.002930914,0.002844457,-0.003092276,1.426635,1.427815,1.43488,1.417235,-0.000968872,-0.000544365,-0.000404529,-0.001042543,1.422075
8/2/2011,1.4192,1.4255,1.4285,1.4151,-0.004000281,-0.008140829,-0.011760636,-0.002396898,1.425485,1.426385,1.43353,1.41601,-0.000773344,-0.000965165,-0.000910251,-0.000834598,1.4252
8/3/2011,1.4325,1.4194,1.4346,1.4143,0.009371477,-0.0042792,0.004270214,-0.000565331,1.42553,1.425225,1.43292,1.4153,6.27239E-05,-0.000783691,-0.000397874,-0.000477341,1.422325
8/4/2011,1.4106,1.4327,1.4371,1.4089,-0.015287958,0.009370156,0.001742646,-0.003818143,1.424265,1.42527,1.432895,1.41464,-0.000851856,5.91408E-05,7.20156E-06,-0.000444237,1.418175
8/5/2011,1.428,1.4093,1.4299,1.4055,0.012335177,-0.016332798,-0.00501009,-0.00241323,1.42433,1.423925,1.432535,1.413885,8.52598E-05,-0.000911152,-0.000225913,-0.000512159,1.4279
8/8/2011,1.4174,1.4402,1.441,1.413,-0.007422969,0.021925779,0.007762781,0.005336179,1.425025,1.42488,1.43344,1.414605,0.000527176,0.00071083,0.000656277,0.000528971,1.426925
8/9/2011,1.4368,1.4176,1.4381,1.4152,0.013687033,-0.015692265,-0.002012491,0.001556971,1.426985,1.42557,1.435025,1.416185,0.001421717,0.0005349,0.001135454,0.00114307,1.42805
8/10/2011,1.4172,1.4386,1.4402,1.4162,-0.013641425,0.01481377,0.00146026,0.000706614,1.42694,1.42762,1.435975,1.417245,6.2455E-06,0.001496418,0.000682301,0.000766432,1.420225
8/11/2011,1.4241,1.417,1.4295,1.4103,0.004868755,-0.015014598,-0.007429524,-0.004166078,1.427435,1.42761,1.43603,1.41719,0.000387191,4.44857E-05,5.75176E-05,-2.9686E-05,1.42325
8/12/2011,1.4248,1.424,1.4293,1.4149,0.000491539,0.004940014,-0.000139909,0.003261717,1.427925,1.42809,1.436495,1.41748,0.000383484,0.000390273,0.000344557,0.000214879,1.436175
8/15/2011,1.4444,1.4265,1.4477,1.4261,0.013756317,0.001755618,0.012873435,0.007915754,1.4296,1.42885,1.438205,1.41873,0.001216176,0.000587641,0.001217102,0.000894536,1.441975
8/16/2011,1.4407,1.4446,1.4472,1.4354,-0.002561617,0.012688398,-0.000345375,0.006521282,1.43086,1.430545,1.439475,1.420155,0.000925078,0.001243318,0.000906236,0.00101362,1.441775
8/17/2011,1.4423,1.4405,1.4518,1.4325,0.001110571,-0.002838156,0.003178552,-0.002020343,1.43189,1.4318,1.440855,1.42112,0.000761603,0.000934826,0.000980764,0.000688706,1.437
8/18/2011,1.433,1.4426,1.4453,1.4271,-0.006448034,0.001457827,-0.004477201,-0.003769634,1.431435,1.432825,1.44092,1.42178,-0.00027825,0.000771035,6.17766E-05,0.000475458,1.43595
8/19/2011,1.4395,1.433,1.4454,1.4259,0.004535939,-0.006654651,6.91898E-05,-0.000840866,1.431645,1.432355,1.441,1.421455,0.000184315,-0.000275431,7.21613E-05,-0.000220804,1.438
8/22/2011,1.4358,1.4379,1.4436,1.4347,-0.002570337,0.0034194,-0.00124533,0.006171541,1.431565,1.432285,1.44114,1.421565,-1.73577E-05,2.99908E-06,0.000113787,8.42824E-05,1.44125
8/23/2011,1.4438,1.4358,1.4501,1.4353,0.005571807,-0.001460463,0.004502632,0.000418206,1.431195,1.43219,1.441005,1.42155,-0.000218801,-1.44415E-05,-7.75164E-05,-3.00973E-06,1.442725
8/24/2011,1.4412,1.4436,1.4482,1.4379,-0.001800803,0.005432511,-0.001310254,0.001811468,1.43143,1.431805,1.44073,1.42175,0.000197636,-0.000215794,-0.000174004,0.000146772,1.43985
8/25/2011,1.4378,1.4413,1.4476,1.4327,-0.002359145,-0.001593239,-0.000414307,-0.003616385,1.431675,1.432015,1.4411,1.42212,0.000204984,0.000193761,0.000269613,0.000265835,1.4426
8/26/2011,1.4497,1.4376,1.4502,1.4329,0.008276534,-0.002567127,0.001796076,0.000139597,1.432185,1.432245,1.44154,1.42262,0.000388508,0.000208053,0.000317756,0.000357007,1.45055
8/29/2011,1.4508,1.4498,1.455,1.4466,0.000758778,0.008486366,0.003309888,0.00956103,1.43348,1.432875,1.442015,1.424025,0.000933568,0.000485826,0.000341028,0.000989673,1.44695
8/30/2011,1.4445,1.4513,1.4535,1.4385,-0.004342432,0.001034625,-0.001030928,-0.005599336,1.434745,1.434165,1.443265,1.425195,0.00091646,0.000944598,0.000877513,0.000829551,1.44115
8/31/2011,1.4377,1.444,1.447,1.4359,-0.004707511,-0.005029973,-0.004471964,-0.001807438,1.435005,1.435395,1.443885,1.426275,0.000212511,0.00090706,0.000440404,0.000767445,1.431
9/1/2011,1.4258,1.4373,1.4383,1.4226,-0.008277109,-0.004639889,-0.00601244,-0.009262483,1.435765,1.435625,1.443945,1.42696,0.000563053,0.000206557,5.265E-05,0.000495228,1.4234
9/2/2011,1.4203,1.4259,1.429,1.4184,-0.003857484,-0.007931538,-0.006465967,-0.002952341,1.43538,1.436455,1.4439,1.427605,-0.00024658,0.00062662,-2.01438E-05,0.000468273,1.41225
9/5/2011,1.409,1.4165,1.4174,1.4061,-0.007956066,-0.006592328,-0.008117565,-0.008671743,1.43496,1.43527,1.44272,1.42726,-0.000273235,-0.000799285,-0.000814161,-0.000232123,1.40865
9/6/2011,1.3998,1.4097,1.4278,1.3973,-0.006529454,-0.004800565,0.007337378,-0.006258445,1.43311,1.434875,1.442205,1.426365,-0.001284059,-0.0002547,-0.000346668,-0.000622894,1.405925
9/7/2011,1.4097,1.3996,1.415,1.3994,0.007072439,-0.007164645,-0.008964841,0.001502898,1.432735,1.432925,1.440945,1.425525,-0.000248366,-0.001353621,-0.000867923,-0.00058308,1.39865
9/8/2011,1.3881,1.4096,1.4097,1.3872,-0.015322409,0.007144899,-0.003745583,-0.008718022,1.430935,1.432555,1.439955,1.42437,-0.001257924,-0.000245646,-0.000683726,-0.000810677,1.37745
9/9/2011,1.3651,1.3882,1.3938,1.3627,-0.016569411,-0.015181612,-0.011278996,-0.017661476,1.42795,1.430765,1.43818,1.42176,-0.002110971,-0.001251727,-0.00124068,-0.001856837,1.361075
9/12/2011,1.3672,1.3578,1.3693,1.35,0.001538349,-0.021898862,-0.017577845,-0.009319733,1.42409,1.42733,1.43426,1.417955,-0.00272187,-0.002434451,-0.002763244,-0.002718611,1.36635
9/13/2011,1.368,1.3675,1.3741,1.3558,0.000585138,0.007143909,0.003505441,0.004296296,1.420455,1.423475,1.430605,1.413975,-0.002564532,-0.002711676,-0.002570703,-0.00282986,1.37
9/14/2011,1.3745,1.368,1.3785,1.359,0.004751462,0.000365631,0.003202096,0.00236023,1.417065,1.41985,1.42694,1.4103,-0.002382488,-0.002551486,-0.002569526,-0.002610832,1.3816
9/15/2011,1.3876,1.3748,1.3937,1.3703,0.009530738,0.00497076,0.011026478,0.008314937,1.414795,1.41646,1.42436,1.40746,-0.001583549,-0.00237584,-0.001794342,-0.002006603,1.382925
9/16/2011,1.3797,1.3881,1.3886,1.3753,-0.005693283,0.009674134,-0.003659324,0.003648836,1.411805,1.414215,1.42152,1.40493,-0.00209501,-0.0015594,-0.001980768,-0.001782118,1.36685
9/19/2011,1.3683,1.3683,1.3721,1.3587,-0.008262666,-0.014264102,-0.011882472,-0.012070094,1.40843,1.410735,1.417945,1.40113,-0.002379626,-0.002443575,-0.002512625,-0.0026942,1.368025
9/20/2011,1.3704,1.368,1.3745,1.3592,0.001534751,-0.00021925,0.001749144,0.000367999,1.40476,1.407345,1.414165,1.397325,-0.002581479,-0.002381515,-0.002650299,-0.00269671,1.365325
9/21/2011,1.3564,1.3701,1.379,1.3558,-0.010215995,0.001535088,0.003273918,-0.002501471,1.40052,1.40367,1.410705,1.39322,-0.003002239,-0.002576386,-0.002421091,-0.002912357,1.3506
9/22/2011,1.346,1.3577,1.3603,1.3384,-0.007667355,-0.009050434,-0.013560551,-0.012833751,1.39593,1.39949,1.40634,1.388505,-0.003267649,-0.002949246,-0.003078403,-0.003373226,1.348625
9/23/2011,1.3496,1.3464,1.3568,1.3417,0.002674591,-0.008322899,-0.002572962,0.002465631,1.390925,1.39493,1.40167,1.383945,-0.003547746,-0.003237034,-0.003296855,-0.003256924,1.349175
9/26/2011,1.3538,1.3516,1.355,1.3363,0.003112033,0.003862151,-0.001326651,-0.004024745,1.386075,1.39002,1.39667,1.37843,-0.003430084,-0.003468245,-0.003528682,-0.003936213,1.3567
9/27/2011,1.3591,1.353,1.3668,1.3479,0.003914906,0.001035809,0.008708487,0.008680685,1.381805,1.385105,1.392335,1.3739,-0.003017217,-0.003468186,-0.003041711,-0.003222211,1.358825
9/28/2011,1.3541,1.3588,1.3691,1.3533,-0.003678905,0.00428677,0.001682763,0.004006232,1.377625,1.380845,1.38844,1.36977,-0.002965786,-0.003002349,-0.002733975,-0.002931528,1.358175
9/29/2011,1.3591,1.3536,1.368,1.352,0.003692489,-0.003826906,-0.000803448,-0.000960615,1.37429,1.37666,1.384925,1.36624,-0.002367307,-0.002961699,-0.002473525,-0.002516435,1.349025
9/30/2011,1.3384,1.3591,1.3603,1.3383,-0.015230667,0.004063239,-0.005628655,-0.010133136,1.370195,1.37332,1.38149,1.362235,-0.002935966,-0.002361961,-0.002431659,-0.002875474,1.326425
10/3/2011,1.3169,1.3341,1.3383,1.3164,-0.016063957,-0.018394526,-0.016172903,-0.016364044,1.36559,1.3692,1.377535,1.35775,-0.00334136,-0.002952071,-0.002834426,-0.003260089,1.325875
10/4/2011,1.3338,1.318,1.3371,1.3146,0.012833169,-0.012068061,-0.00089666,-0.001367366,1.36229,1.364615,1.373,1.353615,-0.002373229,-0.003315445,-0.003246128,-0.003015535,1.33345
10/5/2011,1.3346,1.3348,1.3385,1.3259,0.00059979,0.012746586,0.001047042,0.008595771,1.358535,1.361375,1.369175,1.34994,-0.002696862,-0.002319884,-0.002745534,-0.002660892,1.336875
10/6/2011,1.3431,1.3351,1.3451,1.3242,0.006368949,0.000224753,0.004930893,-0.001282148,1.356285,1.35765,1.365945,1.34679,-0.001612294,-0.002665891,-0.00231171,-0.002289098,1.3424
10/7/2011,1.3375,1.3434,1.3526,1.3361,-0.004169459,0.006216763,0.005575794,0.008986558,1.354905,1.35541,1.363885,1.34546,-0.000992296,-0.001595972,-0.001468971,-0.000956696,1.35285
10/10/2011,1.3642,1.3394,1.37,1.3378,0.019962617,-0.00297752,0.012864114,0.00127236,1.354755,1.35449,1.36392,1.34485,-7.10826E-05,-0.000649905,5.31271E-05,-0.000427092,1.36335
10/11/2011,1.3643,1.3641,1.3685,1.3565,7.3303E-05,0.018441093,-0.001094891,0.013978173,1.35457,1.35432,1.36364,1.344885,-9.66744E-05,-8.50461E-05,-0.000176889,5.70021E-05,1.3712
10/12/2011,1.3786,1.3646,1.3834,1.3582,0.010481566,0.000366542,0.010887833,0.001253225,1.354775,1.35415,1.363885,1.344845,0.000189831,-8.50005E-05,0.000207397,1.65187E-06,1.3769
10/13/2011,1.3774,1.3788,1.3829,1.3685,-0.000870448,0.01040598,-0.000361428,0.007583566,1.354265,1.35435,1.363345,1.344755,-0.000330229,0.00018676,-0.000361998,-3.49167E-05,1.381675
10/14/2011,1.3875,1.3775,1.3895,1.3722,0.007332656,-0.000942849,0.004772579,0.00270369,1.354655,1.35382,1.36339,1.3446,0.000321068,-0.000344089,5.95973E-05,-8.2174E-05,1.38145
10/17/2011,1.374,1.3877,1.3916,1.3725,-0.00972973,0.007404719,0.001511335,0.000218627,1.35494,1.35479,1.364365,1.34529,0.000247715,0.000739352,0.000729288,0.000532262,1.3736
10/18/2011,1.3737,1.3736,1.3818,1.3653,-0.000218341,-0.010160698,-0.007042254,-0.005245902,1.355105,1.35507,1.36473,1.345595,0.000160061,0.00024228,0.000289718,0.000251567,1.377375
10/19/2011,1.3754,1.3746,1.387,1.3725,0.001237534,0.000728014,0.003763207,0.005273566,1.356055,1.355295,1.36513,1.34643,0.000732737,0.000201926,0.000314182,0.000640319,1.3758
10/20/2011,1.3775,1.3758,1.3843,1.3656,0.001526829,0.000872981,-0.001946647,-0.005027322,1.35763,1.3562,1.36633,1.34779,0.001192446,0.000698097,0.000894877,0.00103064,1.381975
10/21/2011,1.3894,1.3778,1.3903,1.3704,0.008638838,0.0014537,0.004334321,0.003514938,1.35962,1.35777,1.368005,1.349225,0.001490659,0.001186927,0.001240242,0.001083106,1.38905
10/24/2011,1.3925,1.3857,1.3958,1.3822,0.002231179,0.005733778,0.003955981,0.008610625,1.361555,1.359475,1.370045,1.35152,0.001446616,0.001280508,0.001504373,0.001714874,1.3911
10/25/2011,1.3904,1.393,1.3961,1.3849,-0.001508079,0.005268096,0.000214931,0.001953408,1.36312,1.361475,1.37151,1.35337,0.001175467,0.001492123,0.001079695,0.00137851,1.389575
10/26/2011,1.39,1.391,1.3975,1.3798,-0.000287687,-0.00143575,0.001002793,-0.003682576,1.364915,1.363085,1.37293,1.354695,0.001345028,0.001205997,0.001045697,0.00099407,1.404925
10/27/2011,1.419,1.3895,1.4248,1.3864,0.020863309,-0.001078361,0.019534884,0.004783302,1.36791,1.36488,1.37577,1.356415,0.002203569,0.001343424,0.002062613,0.001281266,1.41665
10/28/2011,1.4146,1.4185,1.4202,1.4133,-0.003100775,0.020870817,-0.003228523,0.01940277,1.37172,1.36785,1.378765,1.360165,0.002810063,0.002183803,0.00218262,0.002758061,1.400025
10/31/2011,1.3856,1.4146,1.4171,1.3828,-0.020500495,-0.002749383,-0.002182791,-0.021580698,1.375155,1.371875,1.382705,1.363485,0.002588236,0.00296606,0.002882126,0.002497228,1.3758
11/1/2011,1.3694,1.3857,1.3872,1.3609,-0.011691686,-0.020429803,-0.021099428,-0.015837431,1.376935,1.37526,1.38521,1.3658,0.001361994,0.002547973,0.001871987,0.001773725,1.3728
11/2/2011,1.3746,1.37,1.383,1.3636,0.003797283,-0.011330014,-0.003027682,0.001983981,1.378935,1.37702,1.387435,1.367685,0.001521868,0.001344143,0.001668251,0.001443136,1.3768
11/3/2011,1.3813,1.3748,1.3855,1.3656,0.004874145,0.00350365,0.001807664,0.001466706,1.380845,1.379005,1.389455,1.369755,0.001447128,0.001508088,0.00151209,0.001580578,1.379775
11/4/2011,1.3794,1.3818,1.3868,1.3711,-0.001375516,0.00509165,0.000938289,0.004027534,1.38294,1.380925,1.391165,1.371505,0.001586825,0.001451832,0.001280214,0.001332627,1.377575
11/7/2011,1.3775,1.3809,1.3838,1.3681,-0.00137741,-0.000651324,-0.002163254,-0.002188024,1.383605,1.383,1.391855,1.37302,0.000519824,0.001568142,0.000528846,0.001159608,1.379725
11/8/2011,1.3837,1.378,1.3848,1.3724,0.004500907,-0.00210008,0.000722648,0.003143045,1.384575,1.383695,1.39267,1.373815,0.000741204,0.000541083,0.000619723,0.000617851,1.3691
11/9/2011,1.3546,1.3836,1.3859,1.3523,-0.02103057,0.004063861,0.000794339,-0.014645876,1.383375,1.384645,1.392795,1.37352,-0.000834403,0.000725949,0.000115048,-0.000177104,1.357175
11/10/2011,1.3601,1.355,1.3653,1.3483,0.004060239,-0.020670714,-0.014863987,-0.002957924,1.38251,1.383455,1.391915,1.37251,-0.000587868,-0.000827886,-0.00061008,-0.000704178,1.36815
11/11/2011,1.375,1.3602,1.3796,1.3578,0.010955077,0.003837638,0.010473889,0.00704591,1.381885,1.38259,1.39142,1.37179,-0.000406747,-0.000588861,-0.000325014,-0.000487067,1.370625
11/14/2011,1.3623,1.3798,1.3813,1.3591,-0.009236364,0.014409646,0.001232241,0.000957431,1.3813,1.382195,1.390905,1.37112,-0.000382079,-0.000238615,-0.000338969,-0.000450127,1.357425
11/15/2011,1.3531,1.3628,1.3642,1.3496,-0.006753285,-0.012320626,-0.012379642,-0.00698992,1.38027,1.381655,1.390025,1.370335,-0.000708826,-0.000346611,-0.000605838,-0.000537328,1.3496
11/16/2011,1.3462,1.3534,1.356,1.3428,-0.005099401,-0.006897564,-0.006010849,-0.00503853,1.37881,1.380595,1.388475,1.36885,-0.001025673,-0.00072789,-0.001094541,-0.001052933,1.3472
11/17/2011,1.3459,1.3466,1.3541,1.3422,-0.00022285,-0.005024383,-0.00140118,-0.000446828,1.37723,1.379135,1.386965,1.36768,-0.001113157,-0.001022758,-0.001067268,-0.000823908,1.350875
11/18/2011,1.3509,1.3464,1.3615,1.3447,0.003714986,-0.000148522,0.005464884,0.001862614,1.375305,1.377565,1.385525,1.366395,-0.00135935,-0.001102869,-0.00101074,-0.000906524,1.3493
11/21/2011,1.3494,1.3506,1.3542,1.343,-0.001110371,0.00311943,-0.005361733,-0.001264223,1.37315,1.37581,1.383445,1.364435,-0.001526427,-0.001233587,-0.001476625,-0.001400266,1.351225
11/22/2011,1.3513,1.3499,1.3569,1.3468,0.001408033,-0.000518288,0.001993797,0.002829486,1.371195,1.373655,1.381485,1.36253,-0.001380621,-0.001522906,-0.001387682,-0.001356463,1.34245
11/23/2011,1.3333,1.3512,1.3533,1.332,-0.013320506,0.000963034,-0.002653106,-0.010989011,1.36836,1.371665,1.379275,1.36014,-0.002032262,-0.001402967,-0.001570477,-0.001721784,1.335425
11/24/2011,1.3348,1.334,1.3413,1.3316,0.001125028,-0.012729426,-0.008867213,-0.0003003,1.36415,1.36889,1.3751,1.3574,-0.003019176,-0.00198552,-0.002990582,-0.001975964,1.328725
11/25/2011,1.3233,1.3348,1.3357,1.3211,-0.008615523,0.0005997,-0.004175054,-0.007885251,1.359585,1.364705,1.370875,1.35279,-0.003294914,-0.002999076,-0.003037908,-0.003340365,1.332625
11/28/2011,1.3308,1.3325,1.34,1.3272,0.005667649,-0.001723105,0.003219286,0.004617364,1.356845,1.3606,1.36702,1.35001,-0.001986507,-0.002947762,-0.002767805,-0.002030462,1.3342
11/29/2011,1.3329,1.3311,1.3443,1.3285,0.001577998,-0.001050657,0.003208955,0.000979506,1.35502,1.35787,1.364875,1.34839,-0.001323022,-0.001978805,-0.001552385,-0.001189615,1.338875
11/30/2011,1.3441,1.3322,1.3533,1.3259,0.008402731,0.000826384,0.006694934,-0.001957094,1.353495,1.35598,1.36339,1.346505,-0.00109275,-0.001370985,-0.001066255,-0.001386669,1.34595
12/1/2011,1.3463,1.3435,1.3523,1.3417,0.001636783,0.00848221,-0.000738934,0.011916434,1.351745,1.354415,1.36173,1.34531,-0.001254618,-0.001122057,-0.001193585,-0.000864183,1.344375
12/2/2011,1.3402,1.3462,1.3549,1.3362,-0.004530937,0.002009676,0.00192265,-0.004099277,1.349785,1.352635,1.360135,1.343565,-0.001412389,-0.001276155,-0.001144367,-0.001270523,1.34255
12/5/2011,1.3401,1.3438,1.3488,1.3375,-7.46157E-05,-0.001782796,-0.004502177,0.000972908,1.347915,1.35078,1.358385,1.342035,-0.001347249,-0.001332729,-0.001261313,-0.001112477,1.33885
12/6/2011,1.3401,1.3392,1.3428,1.3333,0,-0.003423128,-0.004448399,-0.003140187,1.345735,1.34884,1.356285,1.34008,-0.001572295,-0.001398881,-0.001519865,-0.001426638,1.340425
12/7/2011,1.3412,1.3398,1.3457,1.335,0.000820834,0.000448029,0.002159666,0.001275032,1.345065,1.34665,1.354275,1.339215,-0.000479725,-0.001579673,-0.001451599,-0.000630593,1.3376
12/8/2011,1.3345,1.3409,1.3461,1.3289,-0.004995526,0.000821018,0.000297243,-0.004569288,1.343785,1.345945,1.353315,1.338245,-0.000932513,-0.000505086,-0.000693537,-0.000711161,1.3357
12/9/2011,1.3372,1.3341,1.3434,1.3281,0.00202323,-0.005071221,-0.002005795,-0.000602002,1.341895,1.34464,1.351505,1.33676,-0.001379105,-0.000950529,-0.001317521,-0.001093557,1.32775
12/12/2011,1.3184,1.3377,1.3386,1.3163,-0.014059228,0.002698448,-0.003573024,-0.008884873,1.3397,1.342535,1.34937,1.33462,-0.001620249,-0.001536089,-0.001557785,-0.001585672,1.311725
12/13/2011,1.3033,1.3189,1.3238,1.3009,-0.011453277,-0.014053973,-0.011056328,-0.011699461,1.33721,1.34034,1.34735,1.332185,-0.001855248,-0.001622757,-0.001491619,-0.001821149,1.30045
12/14/2011,1.298,1.3029,1.3064,1.2945,-0.0040666,-0.012131322,-0.013143979,-0.004919671,1.3348,1.337815,1.34487,1.32977,-0.001803608,-0.001884445,-0.001848275,-0.001815206,1.300075
12/15/2011,1.3015,1.2981,1.3051,1.2956,0.002696456,-0.003684089,-0.000995101,0.000849749,1.33258,1.33539,1.34242,1.32744,-0.001657643,-0.00181743,-0.001827971,-0.001750377,1.3032
12/16/2011,1.3033,1.3015,1.3085,1.2995,0.00138302,0.002619213,0.002605164,0.003010188,1.3302,1.333145,1.33977,1.32518,-0.001774241,-0.001679043,-0.001970957,-0.001692999,1.30165
12/19/2011,1.2994,1.3045,1.3045,1.2982,-0.002992404,0.002305033,-0.003056935,-0.001000385,1.3277,1.33084,1.337285,1.32294,-0.001868343,-0.001719763,-0.001855717,-0.001679807,1.305075
12/20/2011,1.3077,1.2999,1.3133,1.2994,0.006387563,-0.003526255,0.00674588,0.000924357,1.32552,1.32834,1.335105,1.32057,-0.001619366,-0.001870161,-0.001618113,-0.001775063,1.308675
12/21/2011,1.3044,1.308,1.3199,1.3024,-0.002523515,0.006231249,0.005025508,0.002308758,1.324075,1.32618,1.333435,1.31909,-0.001079517,-0.001606751,-0.001234183,-0.001110175,1.305775
12/22/2011,1.3048,1.3045,1.3121,1.3017,0.000306654,-0.002675841,-0.005909539,-0.000537469,1.322575,1.324705,1.331975,1.317595,-0.001120435,-0.001104071,-0.001086299,-0.001122033,1.3053
12/23/2011,1.304,1.305,1.3096,1.3026,-0.000613121,0.000383289,-0.001905343,0.000691404,1.32161,1.323215,1.33067,1.31667,-0.000720315,-0.001114892,-0.000972813,-0.0006932,1.305475
12/26/2011,1.3058,1.3045,1.3084,1.3032,0.001380368,-0.000383142,-0.00091631,0.000460617,1.32036,1.321815,1.32909,1.31547,-0.000934679,-0.001047894,-0.001179593,-0.000901038,1.306425
12/27/2011,1.3068,1.3062,1.3085,1.3042,0.000765814,0.001303181,7.64292E-05,0.000767342,1.319055,1.32057,1.3273,1.314255,-0.000975288,-0.000930202,-0.001336219,-0.000911646,1.29995
12/28/2011,1.2935,1.3069,1.3082,1.2912,-0.010177533,0.000535906,-0.00022927,-0.009967796,1.316525,1.319305,1.325045,1.31252,-0.001904302,-0.000944726,-0.00168243,-0.001312181,1.29305
12/29/2011,1.2961,1.2939,1.2965,1.2857,0.00201005,-0.009947203,-0.008943587,-0.004259603,1.314015,1.316825,1.322255,1.30972,-0.001885638,-0.001866196,-0.002092662,-0.002120983,1.2953
12/30/2011,1.2945,1.2963,1.3,1.2904,-0.001234473,0.001854857,0.002699576,0.003655596,1.31173,1.31433,1.31951,1.30743,-0.001720815,-0.001873937,-0.002053816,-0.001733239,1.2938
1/2/2012,1.2928,1.2938,1.2969,1.2917,-0.001313248,-0.001928566,-0.002384615,0.00100744,1.309365,1.31183,1.316915,1.30514,-0.001782747,-0.001881226,-0.001947938,-0.001731513,1.299675
1/3/2012,1.305,1.2931,1.3077,1.2929,0.009436881,-0.000541042,0.00832755,0.000929008,1.30761,1.309525,1.31516,1.30312,-0.001310903,-0.001737122,-0.00130914,-0.001528053,1.2991
1/4/2012,1.294,1.3053,1.3074,1.2897,-0.008429119,0.009434692,-0.00022941,-0.002475056,1.30525,1.3078,1.313245,1.300855,-0.0017734,-0.001287788,-0.001428594,-0.001715557,1.286075
1/5/2012,1.278,1.2945,1.2948,1.277,-0.01236476,-0.00827396,-0.009637448,-0.009847251,1.302425,1.30548,1.31068,1.29826,-0.002141862,-0.001742537,-0.001925329,-0.001979455,1.27555
1/6/2012,1.272,1.2791,1.2814,1.2697,-0.004694836,-0.011896485,-0.010349089,-0.005716523,1.299165,1.30273,1.30758,1.29534,-0.002477765,-0.002083801,-0.002342494,-0.002235182,1.272675
1/9/2012,1.2765,1.269,1.2786,1.2666,0.003537736,-0.007896177,-0.00218511,-0.002441522,1.29707,1.299295,1.30458,1.292855,-0.001597917,-0.002613532,-0.002273098,-0.001913014,1.277575
1/10/2012,1.2772,1.277,1.2819,1.2742,0.000548374,0.006304177,0.002580948,0.006000316,1.295765,1.2972,1.302485,1.29152,-0.000997835,-0.001595624,-0.001591234,-0.001028025,1.27325
1/11/2012,1.2703,1.2774,1.2791,1.2662,-0.005402443,0.000313234,-0.002184258,-0.006278449,1.29438,1.295925,1.30112,1.290105,-0.001064627,-0.000973397,-0.001043248,-0.001095964,1.276925
1/12/2012,1.2825,1.2708,1.2845,1.2699,0.009604031,-0.005166745,0.004221718,0.002922129,1.29343,1.29456,1.30009,1.28882,-0.000719248,-0.001047529,-0.000782407,-0.000992345,1.275125
1/13/2012,1.2677,1.2824,1.288,1.2624,-0.011539961,0.009128108,0.002724796,-0.005905977,1.29165,1.293605,1.299065,1.286965,-0.001365397,-0.000722085,-0.000776425,-0.001438153,1.2653
1/16/2012,1.2661,1.2636,1.2689,1.2626,-0.001262128,-0.014660012,-0.014829193,0.000158428,1.289985,1.29156,1.297285,1.285185,-0.001278883,-0.001570337,-0.001365038,-0.001380213,1.271475
1/17/2012,1.2737,1.2664,1.2809,1.2649,0.006002685,0.002215891,0.00945701,0.001821638,1.288285,1.289885,1.295665,1.28346,-0.001298127,-0.001283229,-0.001229482,-0.001335349,1.279625
1/18/2012,1.2854,1.2734,1.2864,1.2733,0.009185837,0.005527479,0.004293856,0.006640841,1.287335,1.288155,1.29399,1.282005,-0.00071266,-0.001318418,-0.001266064,-0.001118744,1.290875
1/19/2012,1.2964,1.2859,1.2973,1.2839,0.008557647,0.00981624,0.008473259,0.008324825,1.286915,1.287225,1.29325,1.281115,-0.00030011,-0.000693814,-0.000546925,-0.00067563,1.294475
1/20/2012,1.2937,1.2967,1.2988,1.2887,-0.002082691,0.008398787,0.001156248,0.003738609,1.2864,1.28681,1.29271,1.28042,-0.000373588,-0.000293039,-0.000393845,-0.000523269,1.29535
1/23/2012,1.3028,1.2866,1.3054,1.2866,0.007034088,-0.007789003,0.005081614,-0.001629549,1.28625,1.285915,1.29256,1.27959,-9.09024E-05,-0.000663332,-9.39488E-05,-0.000627778,1.301725
1/24/2012,1.3021,1.3032,1.3063,1.2953,-0.000537304,0.012902223,0.000689444,0.006762008,1.286015,1.285765,1.29245,1.279145,-0.000156058,-8.338E-05,-6.32981E-05,-0.000328044,1.304775
1/25/2012,1.3109,1.3029,1.3122,1.2931,0.006758313,-0.000230203,0.004516574,-0.001698448,1.286885,1.285565,1.29265,1.27924,0.000690734,-0.000121685,0.000173994,8.5423E-05,1.311975
1/26/2012,1.3097,1.3108,1.3185,1.3089,-0.000915402,0.006063397,0.004801097,0.012218699,1.287565,1.28641,1.29375,1.2804,0.000544461,0.000678845,0.000861228,0.000909338,1.315875
1/27/2012,1.3224,1.3104,1.323,1.3077,0.009696877,-0.000305157,0.003412969,-0.0009168,1.28896,1.287115,1.2949,1.281265,0.001091029,0.000570844,0.000896898,0.000680718,1.316525
1/30/2012,1.3125,1.3228,1.3232,1.3076,-0.007486388,0.009462759,0.000151172,-7.64701E-05,1.289945,1.288565,1.296215,1.28206,0.000782372,0.00114041,0.001023687,0.000626523,1.3117
1/31/2012,1.3078,1.3133,1.3215,1.3042,-0.003580952,-0.007181736,-0.001284764,-0.002600184,1.290085,1.289575,1.296905,1.282625,0.00013148,0.000808375,0.000543072,0.000450063,1.31205
2/1/2012,1.3158,1.3081,1.3219,1.3024,0.006117143,-0.003959491,0.000302686,-0.001380156,1.291175,1.289715,1.29763,1.28326,0.000858793,0.000138666,0.000569676,0.000504808,1.314625
2/2/2012,1.3145,1.3157,1.3198,1.3085,-0.000987992,0.005809953,-0.001588622,0.004683661,1.293,1.290775,1.29888,1.284835,0.001427632,0.000842862,0.000972118,0.001231354,1.313975
2/3/2012,1.3143,1.3144,1.3206,1.3066,-0.000152149,-0.000988067,0.000606152,-0.001452044,1.295115,1.29254,1.30084,1.28668,0.001654766,0.001388283,0.00151988,0.001444578,1.31045
2/6/2012,1.3131,1.3116,1.3143,1.3028,-0.000913034,-0.00213025,-0.004770559,-0.002908312,1.296945,1.29467,1.302625,1.28849,0.001432228,0.001676579,0.001390607,0.001421238,1.318925
2/7/2012,1.3264,1.3133,1.3272,1.3088,0.010128703,0.001296127,0.009815111,0.004605465,1.299405,1.296485,1.30489,1.29022,0.001911244,0.001426177,0.001752315,0.001351496,1.325625
2/8/2012,1.3257,1.3257,1.3291,1.322,-0.000527744,0.009441864,0.001431585,0.010085575,1.302175,1.2989,1.30739,1.29301,0.002154979,0.001882608,0.001933108,0.002169697,1.32695
2/9/2012,1.3281,1.3259,1.3323,1.3215,0.001810364,0.000150864,0.002407644,-0.000378215,1.304455,1.301655,1.30978,1.29559,0.001765296,0.002148489,0.001842404,0.00200468,1.32265
2/10/2012,1.3173,1.3285,1.3293,1.3155,-0.008131918,0.001960932,-0.002251745,-0.004540295,1.306935,1.30396,1.311845,1.298245,0.001935698,0.00179013,0.001593577,0.002072964,1.3219
2/13/2012,1.3193,1.321,1.3285,1.3188,0.001518257,-0.005645465,-0.000601821,0.002508552,1.309595,1.30683,1.314825,1.301055,0.002074717,0.002240857,0.002304945,0.00219047,1.315175
2/14/2012,1.3118,1.3192,1.3217,1.308,-0.005684833,-0.001362604,-0.005118555,-0.008189263,1.3115,1.30947,1.316865,1.30321,0.001490341,0.002061933,0.001576167,0.001689925,1.31075
2/15/2012,1.307,1.3124,1.3192,1.3044,-0.003659094,-0.005154639,-0.001891503,-0.002752294,1.31258,1.31142,1.318505,1.304765,0.000848095,0.001527827,0.001266899,0.001220268,1.308475
2/16/2012,1.3139,1.3066,1.316,1.2974,0.005279265,-0.004419384,-0.002425713,-0.005366452,1.313455,1.312455,1.31944,1.30544,0.000684176,0.000816045,0.000721951,0.000535704,1.315
2/17/2012,1.3151,1.3135,1.3199,1.3115,0.000913312,0.005280882,0.002963526,0.01086789,1.314525,1.313295,1.320495,1.30658,0.000833976,0.00066015,0.000812315,0.000892168,1.322075
2/20/2012,1.3239,1.3193,1.3278,1.3173,0.006691506,0.004415683,0.005985302,0.004422417,1.31558,1.31493,1.321615,1.308115,0.000816847,0.001270384,0.000857499,0.001194767,1.324
2/21/2012,1.3239,1.3242,1.3293,1.3186,0,0.003714091,0.001129688,0.000986867,1.31667,1.31598,1.322765,1.30928,0.000843712,0.000810978,0.000879511,0.00090601,1.323975
2/22/2012,1.3243,1.3238,1.3267,1.3211,0.000302138,-0.000302069,-0.001955917,0.00189595,1.31734,1.317025,1.32349,1.31068,0.000520903,0.000807384,0.000555887,0.00108573,1.330425
2/23/2012,1.3367,1.3245,1.3375,1.323,0.009363437,0.000528781,0.008140499,0.001438195,1.31869,1.31771,1.32444,1.311385,0.001034845,0.000530654,0.000722857,0.000546704,1.34175
2/24/2012,1.3454,1.3372,1.3487,1.3357,0.006508566,0.009588524,0.008373832,0.009599395,1.31984,1.31905,1.325725,1.312785,0.000875429,0.001025338,0.0009709,0.001072514,1.342675
2/27/2012,1.3399,1.3463,1.348,1.3365,-0.004088004,0.006805265,-0.000519018,0.000598937,1.32121,1.320225,1.326965,1.31423,0.001045349,0.000892463,0.00093739,0.001106284,1.343175
2/28/2012,1.3469,1.3397,1.3472,1.3389,0.00522427,-0.004902325,-0.000593472,0.001795735,1.323165,1.321545,1.32825,1.315965,0.00148561,0.001006434,0.000971955,0.00132608,1.33975
2/29/2012,1.3324,1.3465,1.3487,1.3314,-0.010765461,0.005075763,0.00111342,-0.005601613,1.323995,1.323465,1.32959,1.317415,0.00064148,0.001458196,0.001012492,0.001115008,1.331875
3/1/2012,1.3311,1.3324,1.3358,1.3282,-0.000975683,-0.010471593,-0.009564766,-0.002403485,1.324825,1.3243,1.33039,1.3184,0.000642095,0.000644119,0.000613685,0.00076065,1.32575
3/2/2012,1.3201,1.331,1.3333,1.3186,-0.008263842,-0.001050736,-0.001871538,-0.007227827,1.325115,1.32513,1.331025,1.319,0.00023651,0.000640986,0.0004898,0.000471861,1.32025
3/5/2012,1.3218,1.3191,1.3242,1.3159,0.001287781,-0.008940646,-0.006825171,-0.002047626,1.32555,1.325505,1.33152,1.319655,0.000346551,0.000300466,0.000387069,0.000514895,1.31665
3/6/2012,1.3114,1.3221,1.3228,1.3103,-0.007868059,0.002274278,-0.001057242,-0.004255643,1.3248,1.325945,1.3313,1.31973,-0.000553287,0.000349373,-0.000156548,7.184E-05,1.31315
3/7/2012,1.3149,1.3116,1.3165,1.3096,0.002668903,-0.007941911,-0.004762625,-0.000534229,1.32426,1.32524,1.33067,1.31911,-0.000393455,-0.000519815,-0.000466259,-0.00045915,1.321125
3/8/2012,1.327,1.3147,1.3293,1.3135,0.009202221,0.002363525,0.00972275,0.002978009,1.324205,1.32468,1.33052,1.31871,-2.38618E-05,-0.000409182,-0.000100503,-0.000291339,1.31915
3/9/2012,1.3113,1.3273,1.3284,1.3096,-0.011831198,0.009583935,-0.000677048,-0.002969166,1.323905,1.32462,1.330475,1.318415,-0.000208826,-2.80322E-05,-2.17685E-05,-0.000212783,1.3125
3/12/2012,1.3153,1.3108,1.316,1.3079,0.003050408,-0.012431251,-0.009334538,-0.001298106,1.323705,1.32411,1.32985,1.31787,-0.000132218,-0.000367322,-0.000458404,-0.000403115,1.311925
3/13/2012,1.3082,1.3152,1.3192,1.3051,-0.005398008,0.003356729,0.002431611,-0.002140836,1.323525,1.32391,1.329725,1.317725,-0.000117877,-0.000131355,-8.08961E-05,-0.000100694,1.3052
3/14/2012,1.3027,1.308,1.3091,1.301,-0.00420425,-0.005474453,-0.007656155,-0.003141522,1.32331,1.32369,1.32922,1.317555,-0.000145135,-0.000147346,-0.000369129,-0.000120156,1.30595
3/15/2012,1.3082,1.3032,1.3121,1.3003,0.004222,-0.003669725,0.002291651,-0.000538048,1.323025,1.32352,1.329025,1.3177,-0.000197998,-0.000109863,-0.000133261,0.000121265,1.31225
3/16/2012,1.3173,1.3082,1.3188,1.3047,0.006956123,0.00383671,0.005106318,0.003383834,1.323135,1.323255,1.32897,1.31736,0.000104142,-0.000182071,-2.61209E-05,-0.000252938,1.320675
3/19/2012,1.324,1.3179,1.3266,1.3142,0.005086161,0.007414768,0.005914468,0.007281367,1.32314,1.323185,1.32891,1.317205,2.38752E-05,-3.21169E-05,-2.96626E-05,-0.000109991,1.322225
3/20/2012,1.3224,1.324,1.3253,1.3172,-0.001208459,0.004628576,-0.000979949,0.002282758,1.323065,1.323175,1.32871,1.317135,-3.65478E-05,1.36073E-05,-0.000135144,-4.5196E-05,1.32245
3/21/2012,1.3211,1.3224,1.3285,1.3178,-0.000983061,-0.001208459,0.002414548,0.000455512,1.322905,1.323105,1.3288,1.31697,-0.000100808,-3.17122E-05,8.33787E-05,-0.000117218,1.319975
3/22/2012,1.3196,1.3213,1.3256,1.3134,-0.001135417,-0.000831821,-0.002182913,-0.003338898,1.32205,1.322945,1.328205,1.31649,-0.00062575,-9.97423E-05,-0.000432792,-0.000356073,1.323875
3/23/2012,1.3271,1.3199,1.3295,1.319,0.00568354,-0.001059563,0.002942064,0.004263743,1.321135,1.32208,1.327245,1.315655,-0.000667002,-0.000632147,-0.00070438,-0.000622855,1.32975
3/26/2012,1.3357,1.3272,1.3369,1.3192,0.006480295,0.005530722,0.005566002,0.00015163,1.320925,1.321125,1.32669,1.31479,-0.000138587,-0.000695874,-0.000400129,-0.000645221,1.334275
3/27/2012,1.3317,1.3356,1.3386,1.3312,-0.002994684,0.006329114,0.001271598,0.009096422,1.320165,1.32092,1.32626,1.314405,-0.000549534,-0.000134302,-0.000306876,-0.000280186,1.332075
3/28/2012,1.3314,1.3318,1.3374,1.3277,-0.000225276,-0.002845163,-0.000896459,-0.002629207,1.320115,1.320185,1.325695,1.31422,-2.25252E-05,-0.000530348,-0.00040737,-0.000131566,1.3304
3/29/2012,1.3301,1.3317,1.3346,1.3252,-0.000976416,-7.50863E-05,-0.002093614,-0.001882955,1.320065,1.32015,1.325635,1.31407,-2.25619E-05,-1.05228E-05,-3.38121E-05,-0.000105539,1.33295
3/30/2012,1.3343,1.3301,1.3377,1.3297,0.003157657,-0.001201472,0.002322793,0.003395714,1.320775,1.320105,1.325855,1.314625,0.000548513,-1.80596E-05,0.000175904,0.000425638,1.33355
4/2/2012,1.3321,1.3361,1.3382,1.3278,-0.001648805,0.004510939,0.000373776,-0.001428894,1.32129,1.320955,1.326555,1.31522,0.000401684,0.00065452,0.000535852,0.000456574,1.3284
4/3/2012,1.3233,1.3321,1.3369,1.3213,-0.006606111,-0.002993788,-0.000971454,-0.004895316,1.321885,1.321455,1.32726,1.31577,0.000464781,0.000391116,0.000540141,0.000424591,1.317975
4/4/2012,1.3141,1.3233,1.3239,1.3106,-0.006952316,-0.006606111,-0.009723988,-0.008098085,1.321845,1.32204,1.32763,1.31582,-1.62798E-05,0.000457906,0.000292073,4.63978E-05,1.3101
4/5/2012,1.3063,1.3141,1.3165,1.3035,-0.005935621,-0.006952316,-0.005589546,-0.005417366,1.32081,1.32201,1.32699,1.31532,-0.000773172,-7.88573E-06,-0.000473542,-0.000373371,1.30805
4/6/2012,1.3094,1.3064,1.3113,1.3051,0.002373115,-0.005859524,-0.003949867,0.001227465,1.320715,1.320965,1.326135,1.315095,-6.29562E-05,-0.000780059,-0.000637183,-0.000163539,1.309275
4/9/2012,1.31,1.3103,1.3135,1.3033,0.000458225,0.002985303,0.001677724,-0.001379205,1.32045,1.32094,1.32601,1.314865,-0.000192565,-9.23096E-06,-8.65696E-05,-0.000167594,1.30965
4/10/2012,1.308,1.3106,1.3146,1.3054,-0.001526718,0.000228955,0.000837457,0.001611294,1.32044,1.32071,1.32578,1.31488,9.99162E-07,-0.00016562,-0.000166277,2.00122E-05,1.3104
4/11/2012,1.3109,1.3083,1.3158,1.3066,0.002217125,-0.001754921,0.000912825,0.000919258,1.32085,1.320725,1.326115,1.31516,0.000322068,2.03569E-05,0.000262172,0.000223051,1.315225
4/12/2012,1.3185,1.3109,1.3213,1.3102,0.005797544,0.001987312,0.004179967,0.002755243,1.321365,1.32111,1.326575,1.315655,0.000400845,0.000303209,0.000356587,0.000387716,1.3133
4/13/2012,1.3075,1.3186,1.3203,1.3068,-0.008342814,0.005873827,-0.00075683,-0.002595024,1.320875,1.32163,1.32665,1.31576,-0.000364102,0.000405065,6.34301E-05,8.87728E-05,1.308675
4/16/2012,1.3138,1.3066,1.3148,1.2995,0.004818356,-0.009100561,-0.00416572,-0.005586165,1.320365,1.321065,1.32606,1.315025,-0.000377492,-0.000420702,-0.000440579,-0.000554604,1.3131
4/17/2012,1.3123,1.3139,1.3173,1.3089,-0.001141726,0.00558702,0.00190143,0.007233551,1.31986,1.32056,1.32566,1.31461,-0.000374155,-0.00037278,-0.00029651,-0.000307064,1.311175
4/18/2012,1.312,1.3127,1.3142,1.3058,-0.000228606,-0.000913312,-0.002353298,-0.002368401,1.319405,1.320075,1.324945,1.31401,-0.000336433,-0.000358022,-0.000534903,-0.00044826,1.31225
4/19/2012,1.3134,1.3122,1.3165,1.3069,0.001067073,-0.000380894,0.001750114,0.000842395,1.319095,1.31962,1.32449,1.313685,-0.000226308,-0.000335476,-0.000338251,-0.000239195,1.317825
4/20/2012,1.3221,1.3137,1.3228,1.3127,0.006624029,0.001143118,0.004785416,0.004437983,1.318845,1.31931,1.324155,1.31337,-0.000179284,-0.000225342,-0.000246084,-0.000230483,1.316525
4/23/2012,1.3154,1.3192,1.3211,1.3104,-0.005067695,0.004186648,-0.001285153,-0.001752114,1.31783,1.31891,1.323365,1.31293,-0.000756683,-0.000292546,-0.000588641,-0.00032567,1.317875
4/24/2012,1.3194,1.3157,1.322,1.3144,0.0030409,-0.002653123,0.00068125,0.003052503,1.317215,1.317915,1.322535,1.31209,-0.000454904,-0.000741657,-0.000618159,-0.000627866,1.320675
4/25/2012,1.3222,1.3195,1.3237,1.3173,0.002122177,0.002888196,0.00128593,0.00220633,1.316755,1.3173,1.32185,1.31157,-0.000337531,-0.000454989,-0.000509039,-0.000386089,1.3223
4/26/2012,1.3208,1.3222,1.3264,1.3198,-0.001058841,0.00204623,0.002039737,0.001897821,1.31629,1.316825,1.32144,1.3113,-0.000341653,-0.000348924,-0.000302372,-0.000197051,1.321725
4/27/2012,1.3252,1.3188,1.3272,1.3157,0.003331314,-0.002571472,0.000603136,-0.003106531,1.315835,1.31626,1.320915,1.3106,-0.00033297,-0.000417424,-0.000388355,-0.000522163,1.3239
4/30/2012,1.324,1.3241,1.3268,1.3207,-0.000905524,0.004018805,-0.000301386,0.003800258,1.31543,1.31566,1.320345,1.310245,-0.000295806,-0.00044203,-0.000422113,-0.000260705,1.3242
5/1/2012,1.3236,1.3243,1.3285,1.3204,-0.000302115,0.000151046,0.001281278,-0.000227152,1.315445,1.31527,1.319925,1.3102,1.93941E-05,-0.000284789,-0.000309476,-2.7297E-05,1.318975
5/2/2012,1.3155,1.3238,1.3243,1.3123,-0.006119674,-0.000377558,-0.00316146,-0.006134505,1.315515,1.315295,1.319945,1.310285,6.10262E-05,2.6639E-05,1.86502E-05,7.0882E-05,1.314575
5/3/2012,1.315,1.3154,1.3181,1.3098,-0.000380084,-0.006345369,-0.004681719,-0.001905052,1.31595,1.31536,1.320025,1.3106,0.000338803,5.69863E-05,6.40416E-05,0.000246498,1.312325
5/4/2012,1.3082,1.3152,1.3179,1.308,-0.005171103,-0.000152045,-0.000151734,-0.001374256,1.31589,1.3158,1.320355,1.310745,-3.84078E-05,0.00034236,0.000253948,0.000116412,1.3026
5/7/2012,1.3052,1.303,1.3066,1.2956,-0.002293227,-0.009276156,-0.008574247,-0.009480122,1.31565,1.315435,1.32001,1.31036,-0.00017598,-0.000270713,-0.00025865,-0.000288634,1.3027
5/8/2012,1.3002,1.3058,1.3066,1.2982,-0.003830831,0.002148887,0,0.002006792,1.31526,1.315195,1.31961,1.31,-0.000291186,-0.000174716,-0.000300523,-0.000268859,1.29625
5/9/2012,1.2932,1.3,1.3007,1.2911,-0.005383787,-0.004441722,-0.004515537,-0.005469111,1.314375,1.31478,1.318855,1.309225,-0.000671232,-0.000309056,-0.000571941,-0.000588278,1.294275
5/10/2012,1.2935,1.2931,1.2981,1.2924,0.000231983,-0.005307692,-0.001998924,0.001006893,1.313125,1.31389,1.317695,1.308335,-0.00094951,-0.000673806,-0.000880886,-0.000675695,1.292775
5/11/2012,1.2915,1.2933,1.2959,1.2904,-0.001546193,0.000154667,-0.001694785,-0.001547509,1.312325,1.312625,1.316475,1.307515,-0.000609679,-0.000959764,-0.000927783,-0.000623319,1.285875
5/14/2012,1.2825,1.2883,1.2906,1.2821,-0.006968641,-0.003866079,-0.004089822,-0.006432114,1.31076,1.31171,1.315265,1.306645,-0.001199028,-0.00069804,-0.000923989,-0.000665617,1.27865
5/15/2012,1.273,1.2825,1.287,1.2721,-0.007407407,-0.004502057,-0.0027894,-0.007799704,1.308795,1.31014,1.31375,1.304805,-0.001512313,-0.001202494,-0.00115853,-0.00141728,1.27225
5/16/2012,1.2715,1.2733,1.2761,1.2681,-0.001178319,-0.007173489,-0.008469308,-0.003144407,1.30677,1.30817,1.311845,1.30292,-0.001559798,-0.001515503,-0.001464331,-0.00145608,1.27065
5/17/2012,1.2693,1.2717,1.275,1.2666,-0.00173024,-0.001256577,-0.000862001,-0.001182872,1.304565,1.306145,1.30977,1.300905,-0.001699664,-0.001559287,-0.001594936,-0.001557343,1.272625
5/18/2012,1.2782,1.2687,1.2795,1.2641,0.007011739,-0.002359047,0.003529412,-0.001973788,1.30237,1.303895,1.307605,1.298475,-0.001680278,-0.001734395,-0.001657737,-0.001877932,1.2786
5/21/2012,1.2812,1.2782,1.2825,1.2725,0.002347051,0.00748798,0.002344666,0.006645044,1.30066,1.301845,1.305675,1.29658,-0.001309541,-0.001569329,-0.001476246,-0.001458074,1.274275
5/22/2012,1.2682,1.2813,1.2818,1.2658,-0.010146737,0.002425286,-0.000545809,-0.005265226,1.2981,1.300125,1.303665,1.29415,-0.001968923,-0.001315408,-0.001537599,-0.00187396,1.2626
5/23/2012,1.2584,1.2687,1.2688,1.2545,-0.007727488,-0.009833763,-0.010141988,-0.008927161,1.29491,1.297585,1.30092,1.29101,-0.002461406,-0.001951506,-0.002108995,-0.002430635,1.256475
5/24/2012,1.2535,1.2588,1.262,1.2516,-0.003893833,-0.007803263,-0.005359395,-0.002311678,1.291545,1.294415,1.2977,1.2876,-0.002603156,-0.002443981,-0.002478951,-0.00264111,1.25385
5/25/2012,1.2515,1.254,1.2603,1.2496,-0.001595533,-0.003813155,-0.001347068,-0.001597955,1.28786,1.291175,1.294355,1.284295,-0.002849498,-0.002506065,-0.002576461,-0.002565681,1.256425
5/28/2012,1.254,1.2568,1.2625,1.2524,0.001997603,0.002232855,0.001745616,0.002240717,1.28436,1.28781,1.29114,1.28088,-0.002704342,-0.002595363,-0.002474111,-0.002643658,1.251875
5/29/2012,1.2496,1.2541,1.2576,1.2462,-0.003508772,-0.002148313,-0.003881188,-0.004950495,1.28066,1.2843,1.287595,1.27717,-0.002864675,-0.002710331,-0.002732235,-0.002879825,1.242825
5/30/2012,1.237,1.2487,1.2495,1.2361,-0.010083227,-0.004305877,-0.00644084,-0.008104638,1.276735,1.280545,1.283855,1.27336,-0.003062852,-0.002906747,-0.002896203,-0.002978332,1.237225
5/31/2012,1.2356,1.2366,1.243,1.2337,-0.00113177,-0.009690078,-0.005202081,-0.00194159,1.272765,1.276605,1.2801,1.269555,-0.003100437,-0.003073982,-0.002922222,-0.002980159,1.23845
6/1/2012,1.2432,1.236,1.2458,1.2288,0.006150858,-0.000485201,0.002252615,-0.003971792,1.269515,1.272645,1.276495,1.265595,-0.002534339,-0.00309064,-0.002802004,-0.003110036,1.2456
6/4/2012,1.2495,1.2432,1.2511,1.2386,0.005067568,0.005825243,0.004254294,0.00797526,1.26673,1.269655,1.27372,1.262745,-0.002166299,-0.00233557,-0.002160577,-0.002237267,1.247525
6/5/2012,1.2453,1.2494,1.2544,1.241,-0.003361345,0.00498713,0.002637679,0.001937672,1.263985,1.266835,1.27111,1.259885,-0.002142825,-0.002193658,-0.002028693,-0.002240723,1.251225
6/6/2012,1.2571,1.2452,1.2586,1.244,0.009475628,-0.003361614,0.003348214,0.002417405,1.26218,1.264095,1.269005,1.25753,-0.001399854,-0.002139652,-0.001635506,-0.001846397,1.257625
6/7/2012,1.256,1.2579,1.2626,1.254,-0.00087503,0.010199165,0.003178134,0.008038585,1.260305,1.262335,1.26723,1.25561,-0.001455204,-0.001364309,-0.001376653,-0.001494812,1.25225
6/8/2012,1.2516,1.2563,1.2576,1.2435,-0.003503185,-0.001271961,-0.003960082,-0.008373206,1.25831,1.260485,1.265315,1.253265,-0.001553054,-0.001435641,-0.001489918,-0.001836097,1.25685
6/11/2012,1.2475,1.2658,1.267,1.2471,-0.003275807,0.007561888,0.007474555,0.002895054,1.25656,1.25936,1.264135,1.251515,-0.001368412,-0.000864242,-0.000911699,-0.001369739,1.248775
6/12/2012,1.2512,1.2466,1.2531,1.2442,0.002965932,-0.015168273,-0.010970797,-0.002325395,1.25547,1.257565,1.26244,1.25012,-0.000849745,-0.001397553,-0.001320769,-0.001096023,1.253675
6/13/2012,1.2555,1.2506,1.2612,1.2474,0.003436701,0.003208728,0.006463969,0.002571934,1.25467,1.25643,1.261695,1.249085,-0.000618994,-0.000878442,-0.000574105,-0.000810206,1.259375
6/14/2012,1.263,1.2565,1.2638,1.2542,0.005973716,0.004717735,0.002061529,0.005451339,1.254355,1.25567,1.261135,1.248465,-0.000233797,-0.000579727,-0.000427928,-0.000478496,1.263
6/15/2012,1.2636,1.2627,1.2666,1.2591,0.000475059,0.004934341,0.00221554,0.003906873,1.253625,1.25537,1.26049,1.248215,-0.000560631,-0.000215057,-0.000493622,-0.000184463,1.26505
6/18/2012,1.2575,1.2722,1.2748,1.2557,-0.004827477,0.007523561,0.006474025,-0.002700342,1.25244,1.25507,1.260105,1.247375,-0.000919357,-0.000213278,-0.000287154,-0.000651732,1.264075
6/19/2012,1.2687,1.2576,1.2731,1.2569,0.008906561,-0.011476183,-0.001333543,0.000955642,1.252465,1.253885,1.25967,1.24693,3.3308E-05,-0.000908352,-0.000326541,-0.000340688,1.269325
6/20/2012,1.2704,1.2687,1.2744,1.2638,0.001339954,0.008826336,0.00102113,0.005489697,1.253065,1.253885,1.25995,1.247395,0.00048668,2.46532E-05,0.000231615,0.000380154,1.26205
6/21/2012,1.2541,1.2704,1.2706,1.2531,-0.012830605,0.001339954,-0.002981795,-0.00846653,1.253095,1.254465,1.26038,1.24747,3.98415E-05,0.000481814,0.000350495,7.24118E-05,1.255475
6/22/2012,1.2568,1.2548,1.2584,1.2519,0.002152938,-0.012279597,-0.009601763,-0.000957625,1.25336,1.254505,1.260285,1.247585,0.000227265,5.8492E-05,-6.22394E-05,0.000104428,1.252175
6/25/2012,1.2503,1.2554,1.2559,1.2471,-0.005171865,0.000478164,-0.00198665,-0.003834172,1.253175,1.254435,1.259955,1.24732,-0.000131208,-2.92426E-05,-0.000248853,-0.000199316,1.2491
6/26/2012,1.2489,1.2502,1.2532,1.2441,-0.001119731,-0.004142106,-0.002149853,-0.002405581,1.25314,1.25424,1.259735,1.247215,-1.17563E-05,-0.000128932,-0.000162286,-7.20705E-05,1.247925
6/27/2012,1.2469,1.2492,1.2511,1.2445,-0.001601409,-0.000799872,-0.00167571,0.000321518,1.253635,1.254265,1.259815,1.247635,0.000412335,4.6368E-05,7.59705E-05,0.000349237,1.246025
6/28/2012,1.2438,1.2471,1.2525,1.2407,-0.002486166,-0.001681076,0.001119015,-0.003053435,1.254045,1.25479,1.26029,1.247985,0.000344615,0.000446818,0.000392025,0.000293645,1.25565
6/29/2012,1.2658,1.2441,1.2694,1.2433,0.017687731,-0.002405581,0.013493014,0.002095591,1.255175,1.255195,1.26147,1.24871,0.000921458,0.000350799,0.000954045,0.000597014,1.262525
7/2/2012,1.2585,1.2674,1.2674,1.2568,-0.005767104,0.018728398,-0.001575548,0.0108582,1.255625,1.256405,1.262285,1.24962,0.000379725,0.000995957,0.000662553,0.000741161,1.259325
7/3/2012,1.2605,1.2582,1.2628,1.2558,0.001589193,-0.007258955,-0.003629478,-0.000795672,1.256385,1.256845,1.262705,1.25036,0.000627252,0.000383653,0.000349195,0.000604494,1.256075
7/4/2012,1.2522,1.2606,1.2608,1.2507,-0.006584689,0.001907487,-0.001583782,-0.004061156,1.25614,1.257615,1.262815,1.250695,-0.000175764,0.000647108,0.000102596,0.000280566,1.245525
7/5/2012,1.2392,1.2527,1.2539,1.2363,-0.010381728,-0.006266857,-0.005472716,-0.011513552,1.2553,1.257355,1.26238,1.24981,-0.000651099,-0.000176193,-0.000329947,-0.000697041,1.23355
7/6/2012,1.2287,1.2392,1.2403,1.226,-0.008473209,-0.010776722,-0.01084616,-0.008331311,1.254155,1.2565,1.261515,1.248935,-0.0008996,-0.000651432,-0.000674251,-0.000694946,1.229275
7/9/2012,1.2318,1.2272,1.2325,1.2256,0.002522992,-0.009683667,-0.006288801,-0.000326264,1.25337,1.25457,1.25979,1.24786,-0.00060966,-0.001513709,-0.001362419,-0.000856012,1.22835
7/10/2012,1.2249,1.2315,1.2335,1.2235,-0.005601559,0.003503911,0.000811359,-0.001713446,1.252055,1.253815,1.25881,1.246825,-0.001038035,-0.0005801,-0.000773311,-0.000825415,1.22495
7/11/2012,1.2237,1.2251,1.2298,1.2212,-0.000979672,-0.005196914,-0.002999595,-0.001879853,1.250465,1.25254,1.25724,1.245515,-0.001258853,-0.001000382,-0.001246489,-0.001048004,1.2213
7/12/2012,1.2196,1.2239,1.225,1.2167,-0.003350494,-0.000979512,-0.003903074,-0.0036849,1.248295,1.25091,1.2553,1.24364,-0.001725064,-0.001285245,-0.001544719,-0.001504816,1.2217
7/13/2012,1.225,1.2199,1.2258,1.2161,0.004427681,-0.003268241,0.000653061,-0.000493137,1.246365,1.24877,1.25326,1.24149,-0.001527433,-0.001695374,-0.001622843,-0.001724816,1.22485
7/16/2012,1.2272,1.2256,1.2291,1.2175,0.001795918,0.004672514,0.002692119,0.001151221,1.24485,1.24644,1.250975,1.23958,-0.001196263,-0.001837926,-0.001811938,-0.001532238,1.2268
7/17/2012,1.2293,1.2273,1.2317,1.2189,0.001711213,0.001387076,0.002115369,0.001149897,1.24288,1.244925,1.248905,1.23768,-0.00155603,-0.001194763,-0.001639493,-0.001522526,1.227575
7/18/2012,1.2283,1.2296,1.2308,1.2216,-0.000813471,0.001874032,-0.000730697,0.002215112,1.240775,1.24297,1.246725,1.23557,-0.001663702,-0.001542378,-0.001727084,-0.001686255,1.22785
7/19/2012,1.2279,1.2284,1.2323,1.2228,-0.000325653,-0.000975927,0.00121872,0.000982318,1.239465,1.24087,1.24481,1.234055,-0.001038454,-0.001658172,-0.001517058,-0.001213812,1.221575
7/20/2012,1.2156,1.2279,1.2284,1.2144,-0.010017102,-0.000407034,-0.003164814,-0.00686948,1.237405,1.239525,1.24331,1.23218,-0.001646956,-0.001064544,-0.001195211,-0.001509405,1.211125
7/23/2012,1.2114,1.2117,1.2146,1.2068,-0.003455084,-0.013193257,-0.011234126,-0.006258235,1.23546,1.23734,1.241245,1.230165,-0.001561117,-0.001748115,-0.001657585,-0.001630608,1.2089
7/24/2012,1.2059,1.2117,1.2139,1.2041,-0.004540201,0,-0.000576321,-0.002237322,1.23331,1.235415,1.23928,1.228165,-0.001732141,-0.00154101,-0.001578908,-0.001622195,1.210975
7/25/2012,1.2156,1.206,1.2171,1.2052,0.008043785,-0.004704135,0.002636131,0.000913545,1.231745,1.233255,1.23758,1.2262,-0.001249881,-0.001736223,-0.001363316,-0.001592594,1.222175
7/26/2012,1.2281,1.2159,1.233,1.2117,0.010282988,0.008208955,0.01306384,0.005393296,1.23096,1.231695,1.236605,1.22475,-0.000611423,-0.001241721,-0.000766075,-0.001170257,1.2308
7/27/2012,1.2317,1.2283,1.2391,1.2241,0.002931357,0.010198207,0.004947283,0.010233556,1.229255,1.230905,1.23509,1.22379,-0.001349242,-0.000611532,-0.001193361,-0.000763359,1.229175
7/30/2012,1.226,1.2341,1.2342,1.2224,-0.00462775,0.004721973,-0.003954483,-0.001388775,1.22763,1.22924,1.23343,1.22207,-0.001292274,-0.001311853,-0.001312308,-0.001375708,1.2286
7/31/2012,1.2303,1.2262,1.2331,1.2248,0.003507341,-0.006401426,-0.000891266,0.001963351,1.22612,1.22764,1.231945,1.22052,-0.001196367,-0.001268977,-0.001175398,-0.001237757,1.2271
8/1/2012,1.2224,1.2304,1.2338,1.2218,-0.006421198,0.003425216,0.000567675,-0.002449379,1.22463,1.22613,1.230595,1.219075,-0.001188192,-0.00119309,-0.001067825,-0.001157168,1.223625
8/2/2012,1.218,1.2226,1.2405,1.2134,-0.003599476,-0.006339402,0.005430378,-0.006875102,1.22357,1.224625,1.229925,1.21793,-0.00084908,-0.001196718,-0.00052267,-0.000925245,1.2281
8/3/2012,1.2385,1.218,1.2394,1.2165,0.01683087,-0.003762473,-0.000886739,0.002554805,1.22406,1.223565,1.22988,1.217455,0.000416124,-0.000846005,-2.4699E-05,-0.00038094,1.239125
8/6/2012,1.24,1.238,1.2444,1.2341,0.001211143,0.016420361,0.00403421,0.014467735,1.22447,1.224105,1.230475,1.21788,0.000350532,0.000459196,0.000491452,0.00035876,1.240475
8/7/2012,1.24,1.2401,1.2443,1.2375,0,0.001696284,-8.036E-05,0.002755044,1.225225,1.224535,1.231015,1.21858,0.00063061,0.000368815,0.000446866,0.000582185,1.237375
8/8/2012,1.2364,1.2401,1.2403,1.2327,-0.002903226,0,-0.003214659,-0.003878788,1.22586,1.225285,1.23154,1.219155,0.000534432,0.000628661,0.000436112,0.000482238,1.233175
8/9/2012,1.2305,1.2367,1.2389,1.2266,-0.004771918,-0.002741714,-0.001128759,-0.004948487,1.226405,1.225925,1.232235,1.21965,0.000463361,0.000540551,0.000574828,0.000419059,1.228825
8/10/2012,1.2289,1.2306,1.2317,1.2241,-0.001300284,-0.004932482,-0.005811607,-0.002038154,1.2266,1.22646,1.23253,1.22005,0.000176962,0.000457339,0.000251595,0.000341808,1.231175
8/13/2012,1.2331,1.2281,1.2375,1.226,0.003417691,-0.002031529,0.004708939,0.001552161,1.226895,1.226585,1.23295,1.220475,0.000258051,0.000122136,0.000352436,0.000361855,1.233925
8/14/2012,1.2321,1.2333,1.2387,1.2316,-0.000810964,0.004234183,0.000969697,0.0045677,1.227035,1.226885,1.2333,1.22111,0.000131942,0.000264492,0.000295152,0.000532745,1.230475
8/15/2012,1.2288,1.2323,1.2345,1.2263,-0.002678354,-0.000810833,-0.003390651,-0.004303345,1.22706,1.22702,1.233485,1.221345,3.86981E-05,0.000130248,0.000162154,0.000206822,1.23185
8/16/2012,1.2354,1.2291,1.2374,1.2255,0.005371094,-0.00259677,0.002349129,-0.000652369,1.227435,1.227055,1.23374,1.22148,0.000323535,4.92063E-05,0.000218675,0.000125088,1.234
8/17/2012,1.2333,1.2356,1.2383,1.2288,-0.001699854,0.005288422,0.000727332,0.002692778,1.22832,1.22744,1.234235,1.2222,0.000739398,0.000333979,0.000413282,0.000603201,1.2338
8/20/2012,1.2343,1.2344,1.237,1.2295,0.000810833,-0.000971188,-0.001049826,0.000569661,1.229465,1.228575,1.235355,1.223335,0.000952694,0.000945083,0.000922497,0.000944596,1.241175
8/21/2012,1.247,1.2346,1.2489,1.2342,0.010289233,0.000162022,0.009620049,0.003822692,1.23152,1.22972,1.237105,1.22484,0.001694165,0.000953184,0.001432316,0.001247596,1.2492
8/22/2012,1.2526,1.2472,1.2539,1.2431,0.004490778,0.010205735,0.004003523,0.007211149,1.23337,1.23178,1.238945,1.226735,0.001516515,0.001698677,0.001500685,0.001562476,1.2551
8/23/2012,1.2562,1.2528,1.2591,1.2523,0.002874022,0.004490058,0.004147061,0.007400853,1.234775,1.233625,1.24025,1.228765,0.001146067,0.001512732,0.001054846,0.001662854,1.25315
8/24/2012,1.2511,1.2564,1.257,1.2481,-0.004059863,0.002873563,-0.001667858,-0.003353829,1.235745,1.23503,1.241145,1.229965,0.000796506,0.0011465,0.000724089,0.000983485,1.25095
8/27/2012,1.2499,1.2512,1.2537,1.249,-0.000959156,-0.004138809,-0.002625298,0.000721096,1.23694,1.235885,1.24212,1.231295,0.000979935,0.000703461,0.000790548,0.001088979,1.2526
8/28/2012,1.2564,1.2498,1.2578,1.2464,0.005200416,-0.001118926,0.00327032,-0.002081665,1.238245,1.237065,1.243355,1.232375,0.001064589,0.000967586,0.000998628,0.000886728,1.2547
8/29/2012,1.2529,1.2566,1.2575,1.2518,-0.002785737,0.005440871,-0.000238512,0.004332478,1.23977,1.238375,1.24454,1.233875,0.001246362,0.001068369,0.000958318,0.001225821,1.252125
8/30/2012,1.2504,1.2529,1.2565,1.2487,-0.001995371,-0.002944453,-0.000795229,-0.002476434,1.24139,1.23989,1.24534,1.23564,0.001326568,0.001238116,0.000647038,0.001445754,1.2553
8/31/2012,1.2575,1.2506,1.2638,1.2493,0.005678183,-0.001835741,0.005809789,0.0004805,1.24234,1.24152,1.24656,1.23728,0.000768933,0.001334453,0.000981864,0.001342039,1.2583
9/3/2012,1.2593,1.2569,1.2612,1.2558,0.001431412,0.005037582,-0.002057288,0.005202914,1.243305,1.242465,1.2474,1.238365,0.000779947,0.000765314,0.00067729,0.000878798,1.2585
9/4/2012,1.2564,1.2593,1.2628,1.2555,-0.002302867,0.00190946,0.001268633,-0.000238892,1.244125,1.243425,1.248325,1.239265,0.000664803,0.000775972,0.000744739,0.000729101,1.257275
9/5/2012,1.2599,1.2565,1.2626,1.2501,0.002785737,-0.002223457,-0.000158378,-0.004301075,1.2453,1.244245,1.24944,1.240135,0.000949251,0.0006648,0.000897553,0.000707987,1.26105
9/6/2012,1.2628,1.2601,1.2652,1.2561,0.00230177,0.002865101,0.002059243,0.004799616,1.246915,1.245415,1.250755,1.24161,0.001302936,0.00094514,0.001056953,0.001195392,1.2723
9/7/2012,1.2815,1.2632,1.2819,1.2626,0.014808362,0.002460122,0.013199494,0.005174747,1.249545,1.247045,1.253265,1.243535,0.002108368,0.001314771,0.002007508,0.001556037,1.27835
9/10/2012,1.2757,1.2807,1.2814,1.2756,-0.004525946,0.013853705,-0.000390046,0.010296214,1.251675,1.249675,1.25546,1.246015,0.001711186,0.002109032,0.001752559,0.001993239,1.281
9/11/2012,1.2854,1.2759,1.2873,1.2754,0.007603669,-0.00374795,0.004604339,-0.000156789,1.25434,1.251805,1.25789,1.248205,0.002131918,0.001709926,0.001934291,0.001757015,1.2877
9/12/2012,1.2899,1.2855,1.2938,1.2816,0.003500856,0.007524101,0.005049328,0.00486122,1.257395,1.254465,1.260855,1.25097,0.002440878,0.002126672,0.00235629,0.002215243,1.293725
9/13/2012,1.2988,1.29,1.3003,1.2858,0.00689976,0.003500583,0.00502396,0.003277154,1.260565,1.25751,1.264,1.253985,0.002517312,0.00243154,0.002490032,0.002411719,1.306525
9/14/2012,1.3124,1.2988,1.3169,1.298,0.010471204,0.006821705,0.012766285,0.009488256,1.26452,1.26067,1.26793,1.257445,0.003125865,0.002508204,0.003091979,0.002751493,1.31245
9/17/2012,1.3116,1.3128,1.3171,1.3083,-0.00060957,0.010779181,0.000151872,0.007935285,1.268385,1.26459,1.271935,1.261385,0.003054845,0.003095723,0.003152064,0.003119774,1.3078
9/18/2012,1.3046,1.3117,1.3121,1.3028,-0.005336993,-0.000837904,-0.003796219,-0.004203929,1.271265,1.268445,1.275095,1.264815,0.002273533,0.003045726,0.002481251,0.002718443,1.30435
9/19/2012,1.3047,1.3047,1.3087,1.2993,7.66518E-05,-0.005336586,-0.002591266,-0.002686521,1.27387,1.27132,1.277835,1.267625,0.002052827,0.00226861,0.002151512,0.00222356,1.299925
9/20/2012,1.2968,1.3049,1.306,1.292,-0.006055032,0.000153292,-0.002063116,-0.00561841,1.2759,1.273925,1.28018,1.26961,0.001606374,0.002051772,0.001841003,0.001572597,1.2988
9/21/2012,1.2979,1.2969,1.3049,1.2955,0.000848242,-0.006130738,-0.000842266,0.002708978,1.27824,1.27595,1.282575,1.27198,0.00185178,0.001601557,0.001882282,0.001875737,1.29485
9/24/2012,1.293,1.2982,1.2991,1.2891,-0.003775329,0.00100239,-0.004444785,-0.004940178,1.280395,1.2783,1.284845,1.273985,0.001710971,0.001858617,0.001791308,0.001592673,1.292175
9/25/2012,1.2898,1.2931,1.2971,1.2887,-0.002474865,-0.003928516,-0.001539527,-0.000310294,1.282065,1.280465,1.28681,1.2761,0.001327207,0.001718137,0.001550816,0.001681242,1.288025
9/26/2012,1.2871,1.2901,1.2914,1.2835,-0.002093348,-0.002320006,-0.004394418,-0.004035074,1.283775,1.28214,1.288505,1.277685,0.001361826,0.001330094,0.00134302,0.001262864,1.28855
9/27/2012,1.2913,1.2872,1.2929,1.2828,0.00326315,-0.002247888,0.00116153,-0.000545384,1.28582,1.283855,1.290325,1.27939,0.001624752,0.001364922,0.001440858,0.001359417,1.289275
9/28/2012,1.2858,1.2914,1.2961,1.2838,-0.004259274,0.003262896,0.002475056,0.000779545,1.287235,1.285895,1.29194,1.281115,0.001127879,0.001619854,0.001274122,0.001374369,1.28725
10/1/2012,1.2888,1.2859,1.294,1.2803,0.002333178,-0.004258944,-0.001620245,-0.002726281,1.28871,1.287345,1.29358,1.28234,0.001172968,0.001155027,0.001295974,0.000977909,1.29135
10/2/2012,1.2918,1.2888,1.2969,1.2879,0.002327747,0.00225523,0.002241113,0.005936109,1.29048,1.28882,1.295285,1.28396,0.001404498,0.001172316,0.001344598,0.001286659,1.290975
10/3/2012,1.2904,1.292,1.2938,1.2877,-0.001083759,0.00248293,-0.002390315,-0.000155292,1.292005,1.290595,1.296845,1.28584,0.001211024,0.001407635,0.001233001,0.001493949,1.296375
10/4/2012,1.3017,1.2905,1.3032,1.2901,0.008756975,-0.001160991,0.00726542,0.001863788,1.29395,1.292115,1.298745,1.28754,0.001533784,0.001206331,0.00149331,0.001347157,1.3029
10/5/2012,1.3033,1.3018,1.3072,1.2993,0.001229162,0.008756296,0.003069368,0.00713123,1.29504,1.294045,1.30001,1.289375,0.000854824,0.001521139,0.000986803,0.001444981,1.299325
10/8/2012,1.2969,1.303,1.3037,1.2937,-0.004910612,0.000921801,-0.002677479,-0.004310013,1.2961,1.29516,1.301125,1.29028,0.000835591,0.000874544,0.000872432,0.00071467,1.292625
10/9/2012,1.2884,1.297,1.2992,1.2859,-0.006554091,-0.004604758,-0.003451714,-0.006029219,1.29625,1.296215,1.30172,1.290805,0.000127703,0.000831704,0.000469629,0.000421049,1.2877
10/10/2012,1.2874,1.2885,1.2914,1.2835,-0.000776156,-0.006553585,-0.006003695,-0.001866397,1.296125,1.296365,1.3016,1.2909,-8.6148E-05,0.000127819,-8.30221E-05,8.46677E-05,1.289525
10/11/2012,1.2926,1.2876,1.2954,1.2825,0.004039149,-0.000698487,0.003097414,-0.00077912,1.295815,1.296245,1.301355,1.290735,-0.000229179,-8.21341E-05,-0.000179349,-0.000118146,1.2948
10/12/2012,1.295,1.2927,1.2993,1.2922,0.001856723,0.003960857,0.003010653,0.007563353,1.294945,1.29594,1.300475,1.290445,-0.000659903,-0.000225176,-0.000667131,-0.000214391,1.29445
10/15/2012,1.2948,1.2958,1.2981,1.2891,-0.00015444,0.002398082,-0.000923574,-0.002399009,1.294105,1.29509,1.299525,1.289485,-0.000637146,-0.000644231,-0.000720903,-0.000731106,1.300125
10/16/2012,1.3052,1.2949,1.3062,1.2942,0.008032129,-0.000694552,0.006239889,0.003956249,1.294135,1.29425,1.29923,1.289055,3.131E-05,-0.000637064,-0.000219098,-0.000323097,1.3091
10/17/2012,1.3117,1.3054,1.314,1.3053,0.00498008,0.008108734,0.00597152,0.008576727,1.294485,1.294285,1.299495,1.289355,0.000276481,3.52022E-05,0.000209041,0.000240065,1.309225
10/18/2012,1.3065,1.3119,1.3129,1.3056,-0.003964321,0.004979317,-0.000837139,0.000229832,1.29497,1.294635,1.29984,1.290035,0.000381017,0.000276503,0.00027034,0.000532478,1.304475
10/19/2012,1.3021,1.3066,1.3079,1.3013,-0.003367777,-0.004039942,-0.003808363,-0.003293505,1.29518,1.29512,1.29999,1.290325,0.000170216,0.000381043,0.000122035,0.000232353,1.3042
10/22/2012,1.3059,1.3013,1.3084,1.3012,0.002918363,-0.004056329,0.000382292,-7.68462E-05,1.295825,1.295275,1.300455,1.29093,0.000504901,0.000128107,0.000363389,0.00047552,1.30185
10/23/2012,1.2985,1.306,1.3077,1.2952,-0.00566659,0.003611773,-0.000535005,-0.004611128,1.29626,1.29592,1.300985,1.291255,0.000345314,0.000505122,0.000413615,0.000260478,1.296875
10/24/2012,1.2971,1.2986,1.2998,1.292,-0.001078167,-0.005666156,-0.006041141,-0.002470661,1.29676,1.296345,1.301405,1.29168,0.000396073,0.000337814,0.000331279,0.000338699,1.29645
10/25/2012,1.2933,1.2974,1.3024,1.2927,-0.002929612,-0.000924072,0.002000308,0.000541796,1.29686,1.296855,1.30188,1.292175,8.64352E-05,0.000404005,0.000373218,0.000393058,1.292875
10/26/2012,1.2939,1.2935,1.2958,1.2883,0.000463929,-0.003006012,-0.005067568,-0.003403729,1.297265,1.29696,1.301865,1.2924,0.000322595,9.05596E-05,-3.91304E-06,0.000183894,1.29255
10/29/2012,1.2902,1.2948,1.2967,1.2885,-0.002859572,0.001005025,0.000694552,0.000155243,1.297335,1.297405,1.302,1.29281,6.29579E-05,0.000353758,0.000111827,0.00032797,1.293225
10/30/2012,1.2956,1.2904,1.2984,1.2885,0.004185398,-0.003398208,0.00131102,0,1.297525,1.297485,1.302075,1.29284,0.00015584,7.10861E-05,6.53222E-05,3.1165E-05,1.297225
10/31/2012,1.2958,1.2962,1.3023,1.2946,0.000154369,0.00449473,0.003003697,0.004734187,1.297795,1.297695,1.3025,1.293185,0.000217747,0.000171676,0.000335023,0.000275639,1.295225
11/1/2012,1.2942,1.296,1.2984,1.2923,-0.001234758,-0.000154297,-0.002994702,-0.001776611,1.29742,1.29797,1.30226,1.293295,-0.00028184,0.000222011,-0.000177983,9.3619E-05,1.288775
11/2/2012,1.2836,1.2942,1.2952,1.2821,-0.008190388,-0.001388889,-0.002464572,-0.007892904,1.296435,1.29759,1.30166,1.292435,-0.000752817,-0.000285248,-0.00045468,-0.000657588,1.2805
11/5/2012,1.2795,1.2814,1.2844,1.2767,-0.003194141,-0.00989028,-0.008338481,-0.00421184,1.295565,1.29651,1.300695,1.291585,-0.000666994,-0.000825852,-0.00073773,-0.000652679,1.280025
11/6/2012,1.2813,1.2797,1.2828,1.2763,0.0014068,-0.001326674,-0.001245718,-0.000313308,1.29521,1.295645,1.299875,1.291105,-0.000268949,-0.000661948,-0.000627431,-0.000366884,1.279975
11/7/2012,1.277,1.2815,1.2878,1.2736,-0.003355967,0.00140658,0.003897724,-0.00211549,1.29469,1.295295,1.299695,1.29061,-0.00039794,-0.00026394,-0.00013236,-0.000379338,1.2754
11/8/2012,1.2745,1.2771,1.2782,1.2718,-0.001957713,-0.003433476,-0.007454574,-0.001413317,1.293785,1.29477,1.298835,1.290075,-0.000697783,-0.000400689,-0.000659959,-0.000411048,1.27335
11/9/2012,1.2708,1.2747,1.279,1.2689,-0.002903099,-0.001879258,0.00062588,-0.002280233,1.292575,1.29387,1.29782,1.28891,-0.000935774,-0.000692695,-0.000779198,-0.000903227,1.2714
11/12/2012,1.2707,1.2712,1.274,1.2697,-7.86906E-05,-0.002745744,-0.003909304,0.000630467,1.29137,1.29264,1.296615,1.28794,-0.000931987,-0.000949887,-0.000928484,-0.000751753,1.269975
11/13/2012,1.2702,1.2708,1.2728,1.2661,-0.000393484,-0.000314663,-0.000941915,-0.002835315,1.28962,1.291435,1.294945,1.286535,-0.001353267,-0.000930892,-0.001287574,-0.001091332,1.272925
11/14/2012,1.2734,1.2704,1.2779,1.27,0.002519288,-0.000314762,0.004006914,0.003080325,1.287705,1.289685,1.29314,1.28477,-0.001476307,-0.001352067,-0.001385805,-0.001366152,1.275825
11/15/2012,1.2778,1.2735,1.2803,1.2717,0.003455316,0.002440176,0.001878081,0.001338583,1.28627,1.287765,1.29151,1.283075,-0.001105325,-0.001479024,-0.001250044,-0.001310714,1.274975
11/16/2012,1.2742,1.278,1.2787,1.269,-0.002817342,0.003533569,-0.001249707,-0.002123142,1.284875,1.286335,1.29005,1.28146,-0.001077803,-0.001100348,-0.001122111,-0.001252196,1.277475
11/19/2012,1.2811,1.2738,1.2821,1.2729,0.005415162,-0.003286385,0.00265895,0.003073286,1.283635,1.28496,1.288735,1.280045,-0.000952963,-0.001061851,-0.001008278,-0.001094689,1.280625
11/20/2012,1.2816,1.2814,1.283,1.2765,0.00039029,0.0059664,0.000701973,0.002828188,1.28279,1.28373,1.2875,1.27911,-0.000650119,-0.00094412,-0.000946429,-0.000722724,1.28035
11/21/2012,1.2828,1.2817,1.2834,1.2735,0.00093633,0.000234119,0.000311769,-0.002350176,1.282075,1.282885,1.28668,1.278185,-0.000549394,-0.000649106,-0.000628784,-0.000716699,1.28595
11/22/2012,1.2882,1.2828,1.2902,1.2826,0.004209542,0.000858235,0.005298426,0.007145662,1.28182,1.282155,1.28607,1.27768,-0.000192437,-0.000559991,-0.000463878,-0.000386506,1.29295
11/23/2012,1.2975,1.2883,1.2992,1.2868,0.007219376,0.004287496,0.006975663,0.003274598,1.282,1.281895,1.28624,1.277605,0.000145336,-0.000195315,0.000138284,-5.25898E-05,1.296875
11/26/2012,1.2972,1.2973,1.2986,1.2944,-0.000231214,0.00698595,-0.000461823,0.005906124,1.28235,1.28202,1.286335,1.2779,0.000276754,0.000103731,8.04652E-05,0.000234954,1.295975
11/27/2012,1.2944,1.2971,1.3009,1.2915,-0.002158495,-0.000154166,0.001771138,-0.00224042,1.28229,1.282355,1.28646,1.27805,-4.0441E-05,0.000265933,0.000103471,0.000122933,1.293225
11/28/2012,1.2951,1.2942,1.2956,1.288,0.000540791,-0.002235757,-0.004074103,-0.002710027,1.282255,1.282255,1.286125,1.27772,-2.11199E-05,-7.05913E-05,-0.000250419,-0.000249278,1.297075
11/29/2012,1.2977,1.2953,1.3015,1.2938,0.002007567,0.000849946,0.004553875,0.004503106,1.28243,1.28222,1.28628,1.277795,0.000140996,-2.03792E-05,0.00012701,6.47083E-05,1.298975
11/30/2012,1.2984,1.2979,1.3028,1.2968,0.000539416,0.002007257,0.000998847,0.002318751,1.28317,1.282405,1.28666,1.27853,0.000577487,0.000149428,0.000300181,0.000575291,1.302175
12/3/2012,1.3053,1.2985,1.3077,1.2972,0.005314233,0.000462285,0.00376113,0.000308452,1.28446,1.28326,1.287825,1.279555,0.001002905,0.000667056,0.000905161,0.000801306,1.307525
12/4/2012,1.3093,1.3054,1.3109,1.3045,0.00306443,0.005313824,0.002447044,0.005627505,1.28586,1.284545,1.28923,1.280965,0.001085787,0.000999081,0.0010898,0.001098346,1.3087
12/5/2012,1.3066,1.3095,1.3127,1.306,-0.002062171,0.0031408,0.001373102,0.001149866,1.28734,1.285945,1.290475,1.282585,0.001150477,0.001085792,0.000963568,0.001261614,1.30185
12/6/2012,1.2967,1.3068,1.3089,1.295,-0.007576917,-0.002061856,-0.002894797,-0.008422665,1.28845,1.28743,1.29201,1.283745,0.000869516,0.001154373,0.001191557,0.000911147,1.2936
12/7/2012,1.2924,1.2967,1.2974,1.2879,-0.00331611,-0.007728803,-0.008786004,-0.005482625,1.28953,1.28853,1.29293,1.284695,0.000848866,0.000861896,0.000720963,0.000751027,1.29175
12/10/2012,1.294,1.2902,1.2948,1.288,0.001238007,-0.005012725,-0.002004008,7.76458E-05,1.290695,1.28948,1.29397,1.28561,0.000914701,0.000748547,0.000816228,0.000723386,1.297225
12/11/2012,1.3004,1.2941,1.3016,1.2928,0.004945904,0.003022787,0.005251776,0.003726708,1.292205,1.290645,1.29541,1.286945,0.00118167,0.00091542,0.001125912,0.001051487,1.30425
12/12/2012,1.3072,1.3005,1.3098,1.2995,0.00522916,0.004945522,0.006299939,0.00518255,1.293895,1.29215,1.297005,1.28842,0.001317164,0.001178434,0.001240564,0.001156598,1.307325
12/13/2012,1.3076,1.3074,1.3102,1.3041,0.000305998,0.005305652,0.00030539,0.003539823,1.295385,1.293845,1.2985,1.29004,0.001159698,0.001321708,0.001161929,0.00126666,1.311975
12/14/2012,1.3161,1.3078,1.3174,1.3066,0.006500459,0.000305951,0.005495344,0.001917031,1.29748,1.295335,1.300435,1.29192,0.001625588,0.001160327,0.001499182,0.001468669,1.3172
12/17/2012,1.3163,1.3189,1.3192,1.3144,0.000151964,0.008487536,0.001366328,0.005969692,1.29924,1.29759,1.30229,1.293995,0.001362428,0.001749023,0.001434551,0.001613489,1.3197
12/18/2012,1.3229,1.3165,1.3239,1.3155,0.005014055,-0.001819698,0.003562765,0.000836884,1.301305,1.299345,1.304335,1.295945,0.001593616,0.001359718,0.00157759,0.001513924,1.324675
12/19/2012,1.3226,1.323,1.3308,1.3223,-0.000226775,0.004937334,0.005211874,0.005169137,1.303295,1.30141,1.306705,1.298385,0.001535461,0.001594879,0.001822595,0.00188989,1.3238
12/20/2012,1.3242,1.3226,1.3296,1.3188,0.001209738,-0.000302343,-0.000901713,-0.002646903,1.305095,1.3034,1.308675,1.300195,0.001385471,0.00153685,0.001512588,0.001400262,1.321
12/21/2012,1.3185,1.3244,1.3253,1.3158,-0.004304486,0.001360956,-0.003234055,-0.002274795,1.306145,1.305205,1.30998,1.301645,0.000809278,0.001390523,0.001002103,0.001122792,1.3194
12/24/2012,1.3186,1.3188,1.3234,1.3168,7.58438E-05,-0.00422833,-0.001433638,0.000759994,1.307215,1.30628,1.31122,1.302765,0.000824631,0.000829809,0.000953512,0.000865485,1.318675
12/25/2012,1.3182,1.3185,1.3209,1.3171,-0.000303352,-0.00022748,-0.001889074,0.000227825,1.308405,1.30735,1.31222,1.304045,0.000917388,0.000826143,0.000770501,0.000988898,1.320775
12/26/2012,1.3223,1.3183,1.3255,1.317,0.003110302,-0.000151688,0.003482474,-7.59244E-05,1.309765,1.308555,1.313715,1.305495,0.001045863,0.000930346,0.00114833,0.001120603,1.323625
12/27/2012,1.3235,1.3224,1.3285,1.3201,0.00090751,0.003110066,0.002263297,0.002353834,1.311055,1.30991,1.315065,1.30681,0.00099086,0.001043352,0.001033801,0.001013139,1.32185
12/28/2012,1.3214,1.3237,1.3258,1.3165,-0.001586702,0.000983061,-0.002032367,-0.002727066,1.312205,1.3112,1.316215,1.307795,0.000884555,0.000992143,0.00088224,0.000760848,1.32035
12/31/2012,1.3194,1.3214,1.3235,1.3171,-0.001513546,-0.001737554,-0.001734802,0.000455754,1.31291,1.312345,1.317005,1.30879,0.000543166,0.000882151,0.000607444,0.000768214,1.32005
1/1/2013,1.3204,1.3195,1.3222,1.3181,0.00075792,-0.001437869,-0.000982244,0.000759244,1.313465,1.31305,1.31757,1.30947,0.00042784,0.000544566,0.000435979,0.0005248,1.32115
1/2/2013,1.3184,1.3205,1.33,1.3157,-0.001514693,0.000757863,0.005899259,-0.001820803,1.314055,1.3136,1.318435,1.309955,0.000455214,0.000425419,0.000662287,0.000376267,1.311725
1/3/2013,1.3046,1.3186,1.3192,1.3045,-0.010467233,-0.001438849,-0.008120301,-0.008512579,1.31445,1.31419,1.31895,1.31043,0.000310698,0.000456569,0.000401012,0.000371771,1.30505
1/4/2013,1.3067,1.3047,1.309,1.2998,0.001609689,-0.010541483,-0.007731959,-0.003602913,1.315165,1.31459,1.31953,1.311025,0.000556988,0.000315935,0.000453714,0.000465757,1.30815
1/7/2013,1.3115,1.3073,1.3121,1.3017,0.003673376,0.001992795,0.00236822,0.001461763,1.31604,1.315445,1.320395,1.31171,0.000678757,0.000666211,0.000672326,0.000534963,1.3098
1/8/2013,1.308,1.3116,1.314,1.3056,-0.0026687,0.003289222,0.00144806,0.002996082,1.31642,1.31632,1.321015,1.31235,0.000298026,0.000679533,0.00048214,0.000498431,1.30695
1/9/2013,1.3063,1.3081,1.3097,1.3037,-0.001299694,-0.002668496,-0.003272451,-0.00145527,1.316375,1.3167,1.32101,1.31256,-2.84163E-05,0.000298832,3.52042E-06,0.000166541,1.316125
1/10/2013,1.3269,1.3064,1.3273,1.3039,0.015769731,-0.001299595,0.013438192,0.00015341,1.31734,1.31665,1.321865,1.31255,0.00074477,-3.143E-05,0.000660161,-2.78014E-06,1.330725
1/11/2013,1.3343,1.3272,1.3366,1.3248,0.005576909,0.015921617,0.007006705,0.016028837,1.31825,1.31762,1.322825,1.31346,0.000698593,0.000749353,0.000735729,0.00070281,1.336575
1/14/2013,1.3382,1.3341,1.3405,1.3335,0.002922881,0.005198915,0.002917851,0.006567029,1.319345,1.31838,1.32389,1.314415,0.000837139,0.000584922,0.000813305,0.000732677,1.33365
1/15/2013,1.3303,1.3383,1.3394,1.3266,-0.005903452,0.00314819,-0.000820589,-0.005174353,1.319715,1.31947,1.324665,1.31497,0.000291263,0.000833317,0.000594137,0.000432115,1.3294
1/16/2013,1.3289,1.3305,1.3325,1.3257,-0.001052394,-0.00582829,-0.00515156,-0.000678426,1.32003,1.319845,1.32475,1.31514,0.000249982,0.000295035,7.59653E-05,0.000139737,1.333
1/17/2013,1.3374,1.3289,1.3388,1.3269,0.006396268,-0.001202555,0.004727955,0.000905182,1.32069,1.32016,1.32521,1.315545,0.000509309,0.000250025,0.000357449,0.000317341,1.334425
1/18/2013,1.3317,1.3377,1.3403,1.328,-0.004262001,0.006622018,0.001120406,0.000829,1.32135,1.320825,1.32596,1.316155,0.000511433,0.000513078,0.000575172,0.000472531,1.331625
1/21/2013,1.3312,1.3321,1.3333,1.3299,-0.00037546,-0.00418629,-0.005222711,0.001430723,1.32198,1.32149,1.326455,1.31681,0.000488868,0.00051518,0.000385718,0.000506067,1.33185
1/22/2013,1.332,1.3314,1.3373,1.3267,0.000600962,-0.000525486,0.003000075,-0.002406196,1.32267,1.322135,1.327275,1.31729,0.000534084,0.00050028,0.000630176,0.000374366,1.33145
1/23/2013,1.3316,1.3322,1.3356,1.3264,-0.0003003,0.000600871,-0.001271218,-0.000226125,1.323135,1.32283,1.32778,1.31776,0.000363553,0.000537908,0.000392491,0.000366856,1.334275
1/24/2013,1.3374,1.3318,1.3393,1.3286,0.004355662,-0.000300255,0.002770291,0.001658625,1.32383,1.3233,1.32832,1.318185,0.000535961,0.000367391,0.000417841,0.000332096,1.3417
1/25/2013,1.346,1.3378,1.348,1.335,0.006430387,0.004505181,0.006495931,0.004817101,1.32506,1.324005,1.32943,1.31911,0.000936816,0.000543497,0.000844256,0.000709304,1.345525
1/28/2013,1.3455,1.3464,1.3478,1.3424,-0.000371471,0.006428465,-0.000148368,0.005543071,1.326365,1.325255,1.330645,1.320375,0.000993919,0.000951798,0.000923577,0.00096367,1.346475
1/29/2013,1.3491,1.3455,1.3499,1.3414,0.002675585,-0.000668449,0.001558095,-0.000744934,1.3278,1.326555,1.33203,1.32154,0.001089803,0.000990269,0.001050594,0.000888461,1.3532
1/30/2013,1.3567,1.3491,1.3588,1.3482,0.005633385,0.002675585,0.006593081,0.005069331,1.329715,1.327985,1.33347,1.323165,0.001447206,0.001086156,0.001085285,0.001232968,1.357025
1/31/2013,1.3578,1.3568,1.3594,1.3541,0.000810791,0.005707509,0.000441566,0.004376205,1.332375,1.329895,1.33548,1.325645,0.002011108,0.001443473,0.001513379,0.001877407,1.36255
2/1/2013,1.3639,1.3578,1.3712,1.3573,0.004492561,0.000737028,0.0086803,0.002363193,1.335235,1.33255,1.33859,1.32852,0.002155251,0.002007399,0.002333992,0.002175712,1.358025
2/4/2013,1.3513,1.3643,1.366,1.3505,-0.009238214,0.004787156,-0.003792299,-0.005009946,1.337225,1.3354,1.341285,1.33096,0.001509672,0.002147117,0.002025966,0.001852127,1.353775
2/5/2013,1.3581,1.3514,1.3598,1.3458,0.005032191,-0.009455398,-0.004538799,-0.003480193,1.33973,1.33739,1.343575,1.33297,0.001894716,0.001509886,0.001726623,0.001528313,1.354875
2/6/2013,1.352,1.3584,1.3597,1.3494,-0.004491569,0.005179814,-7.35402E-05,0.002674989,1.342015,1.339905,1.346075,1.335255,0.001735123,0.001902301,0.001886568,0.001734826,1.3467
2/7/2013,1.3396,1.3523,1.3579,1.337,-0.009171598,-0.004490577,-0.001323821,-0.009189269,1.34265,1.3422,1.347605,1.33691,0.000488056,0.001742752,0.001148467,0.001267692,1.3386
2/8/2013,1.3363,1.3398,1.343,1.3353,-0.002463422,-0.009243511,-0.010972826,-0.001271503,1.34275,1.34283,1.347925,1.337435,8.60396E-05,0.000484496,0.000249491,0.000402675,1.337975
2/11/2013,1.3406,1.336,1.3428,1.3325,0.00321784,-0.002836244,-0.00014892,-0.002096907,1.34287,1.342925,1.34804,1.337385,0.000100788,8.2738E-05,9.61523E-05,-3.05217E-05,1.34255
2/12/2013,1.3453,1.3407,1.3477,1.3365,0.003505893,0.003517964,0.003649091,0.003001876,1.34362,1.343045,1.348455,1.33788,0.000571255,0.000101227,0.000319636,0.00037829,1.34635
2/13/2013,1.3453,1.3453,1.3522,1.3426,0,0.003431043,0.003339022,0.00456416,1.34444,1.343785,1.34944,1.338725,0.000623875,0.000564193,0.000744165,0.000640419,1.33955
2/14/2013,1.336,1.3452,1.3456,1.3314,-0.006912956,-7.43329E-05,-0.004880935,-0.008342023,1.34437,1.3446,1.34978,1.33895,-4.15866E-05,0.000620605,0.000263721,0.000178059,1.335625
2/15/2013,1.3362,1.3363,1.3394,1.3306,0.000149701,-0.006616117,-0.00460761,-0.000600871,1.344595,1.34453,1.349735,1.33908,0.000178998,-4.13022E-05,-2.26798E-05,0.000106565,1.33525
2/18/2013,1.3351,1.3359,1.3378,1.3322,-0.00082323,-0.000299334,-0.001194565,0.001202465,1.34479,1.34472,1.34996,1.339195,0.00015661,0.000153046,0.000178728,9.51524E-05,1.3366
2/19/2013,1.3386,1.3352,1.3397,1.3329,0.002621526,-0.000523991,0.001420242,0.000525447,1.34512,1.34491,1.35008,1.339505,0.000257638,0.00015312,9.97359E-05,0.000241735,1.334325
2/20/2013,1.328,1.3388,1.3434,1.3271,-0.007918721,0.002696225,0.002761812,-0.004351414,1.34494,1.34524,1.35047,1.33954,-0.000123283,0.000257888,0.000301387,3.54701E-05,1.3231
2/21/2013,1.3188,1.3284,1.3291,1.3161,-0.006927711,-0.007768151,-0.010644633,-0.00828875,1.34401,1.34507,1.34996,1.338915,-0.000687452,-0.000115507,-0.000369359,-0.000461899,1.319225
2/22/2013,1.3188,1.319,1.3246,1.3145,0,-0.007076182,-0.00338575,-0.001215713,1.34265,1.34413,1.34879,1.33789,-0.001008971,-0.000694575,-0.000863443,-0.000763539,1.3152
2/25/2013,1.3062,1.3178,1.332,1.3048,-0.00955414,-0.00090978,0.005586592,-0.007379232,1.340685,1.3427,1.348,1.33601,-0.001468104,-0.001061487,-0.000576695,-0.001409655,1.306625
2/26/2013,1.3061,1.3063,1.3123,1.3018,-7.6558E-05,-0.008726666,-0.01478979,-0.002299203,1.338535,1.34074,1.34612,1.33403,-0.001605711,-0.001464398,-0.001394089,-0.001487368,1.3097
2/27/2013,1.3138,1.3061,1.3148,1.3041,0.005895414,-0.000153104,0.001905052,0.001766784,1.33639,1.33859,1.34392,1.331825,-0.00159261,-0.001605832,-0.00162849,-0.001652495,1.310275
2/28/2013,1.3056,1.3139,1.3163,1.3053,-0.006241437,0.005971978,0.001140858,0.000920175,1.33378,1.336445,1.341765,1.329385,-0.001945221,-0.001592609,-0.001593526,-0.001825297,1.30365
3/1/2013,1.302,1.3057,1.3102,1.2967,-0.002757353,-0.006240962,-0.004634202,-0.006588524,1.330685,1.33384,1.338715,1.326355,-0.002307717,-0.001941509,-0.002259251,-0.002272883,1.30145
3/4/2013,1.3025,1.3019,1.3032,1.2982,0.000384025,-0.002910316,-0.005342696,0.001156783,1.328245,1.33072,1.335575,1.32374,-0.001826605,-0.002326382,-0.002336771,-0.001964546,1.304025
3/5/2013,1.305,1.3026,1.3076,1.3009,0.001919386,0.000537676,0.003376304,0.002079803,1.32559,1.32828,1.332965,1.321495,-0.001982246,-0.001826728,-0.001941016,-0.001686546,1.30125
3/6/2013,1.2965,1.3051,1.3071,1.2963,-0.00651341,0.001919238,-0.00038238,-0.003536014,1.322815,1.325615,1.330335,1.31884,-0.002083338,-0.001989757,-0.001956458,-0.001997097,1.303875
3/7/2013,1.3104,1.2967,1.3119,1.2965,0.010721172,-0.006436288,0.003672252,0.000154285,1.321355,1.322835,1.328035,1.316815,-0.001088699,-0.002087043,-0.001706654,-0.001529919,1.30505
3/8/2013,1.3004,1.3106,1.3136,1.2956,-0.007631258,0.010719519,0.00129583,-0.000694177,1.31956,1.321375,1.326565,1.31483,-0.001347091,-0.001088891,-0.001093221,-0.001501052,1.3019
3/11/2013,1.3043,1.2999,1.3055,1.2979,0.002999077,-0.0081642,-0.006166261,0.001775239,1.317745,1.31957,1.3247,1.3131,-0.001358029,-0.001355289,-0.001394088,-0.001307445,1.3036
3/12/2013,1.3032,1.3045,1.3076,1.2991,-0.000843364,0.003538734,0.001608579,0.00092457,1.31564,1.31776,1.322695,1.31123,-0.001575492,-0.001354251,-0.001496114,-0.00141131,1.299575
3/13/2013,1.296,1.3034,1.3066,1.2923,-0.005524862,-0.000843235,-0.00076476,-0.005234393,1.313175,1.315665,1.320415,1.308715,-0.001851735,-0.001567964,-0.001701303,-0.001901238,1.297725
3/14/2013,1.3004,1.2961,1.3033,1.2911,0.003395062,-0.005600737,-0.002525639,-0.000928577,1.311395,1.31321,1.3183,1.3067,-0.001336334,-0.001844285,-0.001583538,-0.001530566,1.30465
3/15/2013,1.3074,1.3005,1.3108,1.2999,0.005382959,0.0033948,0.005754623,0.006815893,1.309955,1.31142,1.31687,1.305165,-0.001074671,-0.001343739,-0.001065426,-0.001159728,1.29475
3/18/2013,1.2954,1.2959,1.2996,1.2881,-0.009178522,-0.003537101,-0.0085444,-0.009077621,1.30797,1.30942,1.31496,1.30296,-0.001492436,-0.001505627,-0.001432918,-0.001673732,1.2913
3/19/2013,1.2881,1.2957,1.297,1.2844,-0.005635325,-0.000154333,-0.002000616,-0.002872448,1.305445,1.307445,1.312825,1.300535,-0.001905278,-0.001487144,-0.001603961,-0.001843627,1.291275
3/20/2013,1.2932,1.2883,1.298,1.2856,0.00395932,-0.005711199,0.00077101,0.000934288,1.303705,1.30492,1.310555,1.29846,-0.001311376,-0.001907515,-0.001703501,-0.001579341,1.291675
3/21/2013,1.2897,1.2933,1.2957,1.288,-0.002706465,0.003881084,-0.001771957,0.001866833,1.30225,1.303165,1.308885,1.297055,-0.001100314,-0.001325054,-0.001259867,-0.001071562,1.2945
3/22/2013,1.2985,1.2898,1.3009,1.2888,0.006823292,-0.002706255,0.004013275,0.000621118,1.301235,1.301705,1.3077,1.29577,-0.000759149,-0.001106557,-0.000889916,-0.000979721,1.292575
3/25/2013,1.2851,1.2973,1.3049,1.283,-0.0103196,0.005814855,0.003074794,-0.00450031,1.30018,1.30068,1.306345,1.29468,-0.000797422,-0.000770326,-0.001015506,-0.000835775,1.285775
3/26/2013,1.286,1.2853,1.289,1.2828,0.000700335,-0.009249981,-0.012184842,-0.000155885,1.299175,1.29963,1.30518,1.29373,-0.000758578,-0.000796491,-0.000885259,-0.000728609,1.281525
3/27/2013,1.278,1.2862,1.2868,1.2751,-0.00622084,0.000700226,-0.001706749,-0.006002495,1.297385,1.298635,1.30378,1.29228,-0.00136439,-0.000753825,-0.001065849,-0.001117073,1.27985
3/28/2013,1.2814,1.278,1.2845,1.2755,0.002660407,-0.006375369,-0.00178738,0.000313701,1.296175,1.29684,1.30219,1.29079,-0.000919298,-0.001371192,-0.001212261,-0.001147396,1.281625
3/29/2013,1.2818,1.2816,1.2838,1.2793,0.000312159,0.002816901,-0.000544959,0.002979224,1.295165,1.295635,1.30087,1.28992,-0.000765823,-0.000918299,-0.001007799,-0.000669009,1.282525
4/1/2013,1.2847,1.2815,1.2868,1.2771,0.002262443,-7.80275E-05,0.002336813,-0.00171969,1.294275,1.294615,1.30005,1.288865,-0.000671902,-0.000776685,-0.000623823,-0.000812833,1.283825
4/2/2013,1.2818,1.2847,1.2879,1.2809,-0.002257336,0.002497074,0.000854834,0.002975491,1.293115,1.29372,1.299065,1.287865,-0.000880738,-0.000678715,-0.000749897,-0.000768048,1.28315
4/3/2013,1.285,1.2821,1.2865,1.279,0.002496489,-0.002023819,-0.001087041,-0.001483332,1.29254,1.29257,1.298035,1.287,-0.000430243,-0.000875868,-0.00078513,-0.000665414,1.28705
4/4/2013,1.2935,1.2851,1.295,1.2746,0.006614786,0.002339911,0.006607073,-0.003440188,1.291695,1.29199,1.29719,1.285905,-0.000635562,-0.000437058,-0.000638389,-0.000845138,1.296625
4/5/2013,1.2989,1.2936,1.304,1.29,0.00417472,0.006614271,0.006949807,0.012082222,1.29162,1.29114,1.29671,1.285625,-4.52632E-05,-0.00064232,-0.00035569,-0.000206318,1.299525
4/8/2013,1.3007,1.2974,1.3038,1.2962,0.001385788,0.002937539,-0.000153374,0.004806202,1.29144,1.291015,1.296625,1.28554,-0.000125928,-8.72331E-05,-5.50454E-05,-5.47698E-05,1.304975
4/9/2013,1.3081,1.3009,1.3104,1.3005,0.005689244,0.002697703,0.005062126,0.003317389,1.291685,1.290835,1.296765,1.28561,0.000200703,-0.000129285,0.000117632,6.48711E-05,1.3081
4/10/2013,1.3068,1.3082,1.3123,1.3051,-0.000993808,0.0056115,0.001449939,0.003537101,1.292225,1.291075,1.29705,1.28625,0.000427255,0.000193452,0.000228367,0.000503446,1.308875
4/11/2013,1.3102,1.307,1.314,1.3043,0.002601775,-0.000917291,0.001295435,-0.00061298,1.292715,1.29162,1.297585,1.28691,0.000387591,0.000427624,0.000419421,0.000519226,1.30935
4/12/2013,1.3111,1.3099,1.3127,1.3037,0.000686918,0.002218822,-0.000989346,-0.000460017,1.2929,1.29209,1.29768,1.2871,0.000152789,0.000368825,8.22221E-05,0.00015543,1.3081
4/15/2013,1.3034,1.3134,1.3135,1.3021,-0.005872931,0.00267196,0.000609431,-0.001227276,1.2933,1.292965,1.298375,1.2878,0.000318069,0.000679279,0.000539914,0.000547947,1.311025
4/16/2013,1.3176,1.3034,1.3203,1.3028,0.010894583,-0.007613827,0.005177008,0.000537593,1.294775,1.29335,1.29954,1.28872,0.001144564,0.000306304,0.000898795,0.000718449,1.310225
4/17/2013,1.3028,1.3178,1.3202,1.3001,-0.011232544,0.011048028,-7.57404E-05,-0.002072459,1.295255,1.294825,1.30065,1.289445,0.000384971,0.001144265,0.000856457,0.000568112,1.30495
4/18/2013,1.305,1.303,1.3097,1.3021,0.001688671,-0.011230839,-0.00795334,0.001538343,1.29602,1.29531,1.30135,1.29015,0.000604728,0.000388669,0.000547388,0.000551688,1.30695
4/19/2013,1.3051,1.3051,1.3129,1.3047,7.66284E-05,0.001611665,0.002443308,0.001996774,1.29635,1.296075,1.30195,1.290945,0.000267394,0.000604565,0.00046889,0.00062047,1.3064
4/22/2013,1.3066,1.308,1.3095,1.3015,0.001149337,0.002222052,-0.002589687,-0.002452671,1.297425,1.29661,1.30218,1.29187,0.000840841,0.000424925,0.000185666,0.000722852,1.303025
4/23/2013,1.2998,1.3066,1.3085,1.2972,-0.005204347,-0.001070336,-0.00076365,-0.00330388,1.298115,1.297675,1.303155,1.29259,0.000545607,0.000833907,0.000756725,0.000565453,1.30015
4/24/2013,1.3015,1.3,1.3035,1.2956,0.001307894,-0.005051278,-0.003821169,-0.001233426,1.29929,1.298365,1.30399,1.293615,0.000922044,0.000546332,0.000651004,0.000803906,1.30275
4/25/2013,1.3012,1.3014,1.3095,1.2989,-0.000230503,0.001076923,0.004602992,0.002547082,1.30028,1.299535,1.30524,1.294785,0.000777498,0.000918947,0.000970523,0.000915575,1.3019
4/26/2013,1.3026,1.3011,1.3048,1.2991,0.00107593,-0.000230521,-0.003589156,0.000153976,1.30132,1.30051,1.30629,1.295775,0.000815687,0.000766575,0.000818313,0.000774313,1.3068
4/29/2013,1.3097,1.3031,1.3116,1.3028,0.005450637,0.001537161,0.005211527,0.002848126,1.30257,1.30159,1.30753,1.29706,0.000975097,0.000847335,0.000962049,0.001002704,1.312675
4/30/2013,1.3166,1.3099,1.3186,1.3056,0.005268382,0.005218326,0.005336993,0.002149217,1.30431,1.30285,1.309065,1.298295,0.001351382,0.000983397,0.001186157,0.00096139,1.3187
5/1/2013,1.3177,1.3168,1.3243,1.316,0.000835485,0.005267578,0.004322767,0.007965686,1.305945,1.304585,1.310955,1.300145,0.001268332,0.001347967,0.001456647,0.001433841,1.312425
5/2/2013,1.3063,1.318,1.3217,1.3037,-0.008651438,0.0009113,-0.001963301,-0.009346505,1.306585,1.30623,1.31229,1.3016,0.000505021,0.001276537,0.001028128,0.001138525,1.3093
5/3/2013,1.3113,1.3066,1.3159,1.3034,0.003827605,-0.008649469,-0.004388288,-0.000230114,1.307205,1.30688,1.312885,1.30227,0.000487665,0.00051335,0.000461224,0.000522908,1.3096
5/6/2013,1.3074,1.3115,1.3142,1.3053,-0.002974148,0.003750191,-0.001291891,0.001457726,1.30754,1.307585,1.313405,1.302725,0.000269669,0.000553982,0.000404298,0.000355484,1.30885
5/7/2013,1.3077,1.3076,1.3133,1.3068,0.000229463,-0.002973694,-0.000684827,0.001149161,1.30752,1.30792,1.31355,1.30304,-3.32053E-06,0.000270412,0.00011695,0.000247073,1.312425
5/8/2013,1.3151,1.3079,1.3195,1.3072,0.00565879,0.000229428,0.004720932,0.000306091,1.307935,1.307905,1.31391,1.303145,0.000329309,1.3089E-06,0.0002805,8.55224E-05,1.309525
5/9/2013,1.3041,1.3152,1.3178,1.301,-0.008364383,0.005581466,-0.001288367,-0.004742962,1.30763,1.308315,1.3141,1.30298,-0.000218999,0.000326247,0.00015131,-0.000120977,1.30055
5/10/2013,1.2992,1.3043,1.3051,1.2936,-0.003757381,-0.008287713,-0.009637274,-0.005687932,1.307035,1.308035,1.31372,1.302475,-0.000441213,-0.00019908,-0.000281087,-0.000382372,1.2978
5/13/2013,1.2975,1.2959,1.3036,1.2942,-0.001308498,-0.006440236,-0.001149337,0.000463822,1.30674,1.30716,1.313225,1.30208,-0.000212992,-0.00065469,-0.000369025,-0.000297818,1.295925
5/14/2013,1.2918,1.2975,1.3029,1.2915,-0.004393064,0.001234663,-0.000536975,-0.002086231,1.30545,1.306865,1.312355,1.301515,-0.000977374,-0.000212265,-0.000654724,-0.000429009,1.2898
5/15/2013,1.2886,1.292,1.2943,1.2843,-0.002477164,-0.004238921,-0.00660066,-0.005574913,1.30474,1.305575,1.31106,1.300725,-0.000539605,-0.000976613,-0.00098097,-0.000604131,1.2886
5/16/2013,1.2881,1.2887,1.293,1.2846,-0.000388018,-0.00255418,-0.001004404,0.00023359,1.303895,1.30486,1.310225,1.29985,-0.00064344,-0.00054278,-0.000633523,-0.000669369,1.28515
5/17/2013,1.2838,1.2881,1.2891,1.2796,-0.00333825,-0.000465585,-0.003016241,-0.003892262,1.30283,1.30401,1.309035,1.298595,-0.000814183,-0.000646642,-0.000906501,-0.000963821,1.285325
5/20/2013,1.2882,1.2818,1.2902,1.2811,0.003427325,-0.004890925,0.000853309,0.001172241,1.30191,1.3027,1.30807,1.297575,-0.000700284,-0.001002291,-0.000734351,-0.000782575,1.289075
5/21/2013,1.2905,1.2883,1.2934,1.2841,0.001785437,0.005070994,0.002480236,0.002341738,1.301445,1.301785,1.307315,1.29692,-0.000350795,-0.000695225,-0.000572157,-0.000500294,1.28985
5/22/2013,1.2856,1.2906,1.2999,1.2833,-0.003796978,0.001785298,0.005025514,-0.000623004,1.30065,1.301315,1.307135,1.296305,-0.000606038,-0.000353396,-0.000129823,-0.000469773,1.289275
5/23/2013,1.2935,1.2858,1.2957,1.2821,0.006144991,-0.0037192,-0.003231018,-0.000935089,1.300265,1.300535,1.306445,1.295465,-0.000287264,-0.000593202,-0.000521523,-0.000643882,1.294125
5/24/2013,1.2929,1.2936,1.2996,1.2904,-0.000463858,0.006066262,0.003009956,0.006473754,1.29978,1.30016,1.306185,1.29503,-0.000364253,-0.000278363,-0.000191568,-0.000327893,1.29315
5/27/2013,1.2929,1.2932,1.295,1.2915,0,-0.000309215,-0.003539551,0.000852449,1.29894,1.299665,1.305355,1.294465,-0.000636785,-0.000370682,-0.000629121,-0.000427677,1.2896
5/28/2013,1.2854,1.2931,1.295,1.2849,-0.005800913,-7.73276E-05,0,-0.005110337,1.29738,1.298825,1.304175,1.29343,-0.00119025,-0.000635464,-0.000895971,-0.000790655,1.2903
5/29/2013,1.2938,1.2856,1.2979,1.2839,0.006534931,-0.005800015,0.002239382,-0.000778271,1.296185,1.297265,1.302855,1.291825,-0.000905277,-0.001188844,-0.00100014,-0.001227852,1.2996
5/30/2013,1.3048,1.2941,1.3062,1.2933,0.008502087,0.006611699,0.006394946,0.007321442,1.29611,1.29607,1.30208,1.291305,-4.76012E-05,-0.000903824,-0.000582228,-0.000394455,1.30125
5/31/2013,1.2995,1.305,1.3061,1.2944,-0.004061925,0.008422842,-7.6558E-05,0.000850537,1.29552,1.29599,1.30159,1.290855,-0.000442078,-5.02084E-05,-0.000366641,-0.000340422,1.300275
6/3/2013,1.3075,1.2921,1.3108,1.2907,0.006156214,-0.009885057,0.003598499,-0.002858467,1.295525,1.29502,1.30142,1.290125,1.44404E-05,-0.000731971,-0.000122122,-0.000556232,1.30745
6/4/2013,1.3078,1.3076,1.3102,1.3042,0.000229446,0.011995976,-0.000457736,0.010459441,1.29553,1.29502,1.301265,1.289995,1.44395E-05,1.65127E-05,-0.000110767,-9.07182E-05,1.308575
6/5/2013,1.3093,1.3081,1.3116,1.3053,0.001146964,0.00038238,0.001068539,0.000843429,1.29524,1.29503,1.30087,1.2899,-0.000211152,2.41603E-05,-0.000293387,-6.38513E-05,1.318
6/6/2013,1.3245,1.3094,1.3306,1.3075,0.011609257,0.000993808,0.014486124,0.001685436,1.29626,1.29474,1.30151,1.290225,0.00078753,-0.000205223,0.000495338,0.000257569,1.32365
6/7/2013,1.3222,1.3247,1.3285,1.3192,-0.001736504,0.011684741,-0.001578235,0.008948375,1.29741,1.29576,1.30268,1.291505,0.000888574,0.0007934,0.00089829,0.000989384,1.322775
6/10/2013,1.3256,1.3208,1.327,1.3177,0.002571472,-0.002944063,-0.001129093,-0.001137053,1.298815,1.297005,1.30385,1.29268,0.001082572,0.000968209,0.000899302,0.00090934,1.32805
6/11/2013,1.3314,1.3257,1.3319,1.3232,0.004375377,0.003709873,0.00369254,0.004173939,1.300795,1.298415,1.3053,1.294265,0.001520995,0.001091969,0.001110777,0.001222349,1.3319
6/12/2013,1.3336,1.3314,1.336,1.3266,0.001652396,0.004299615,0.003078309,0.002569528,1.303045,1.300385,1.307385,1.29638,0.001727473,0.001518896,0.001594726,0.001629571,1.334575
6/13/2013,1.3374,1.3338,1.3392,1.3279,0.00284943,0.001802614,0.00239521,0.000979949,1.30551,1.30264,1.309695,1.298545,0.001889345,0.001736736,0.001764707,0.001666889,1.334825
6/14/2013,1.3346,1.3375,1.3377,1.3295,-0.002093614,0.002774029,-0.001120072,0.00120491,1.30805,1.30511,1.312125,1.30104,0.001951577,0.001898716,0.001859515,0.001921747,1.3353
6/17/2013,1.3367,1.3344,1.3383,1.3318,0.001573505,-0.002317757,0.000448531,0.001729974,1.310475,1.30774,1.31453,1.303575,0.001858886,0.002027375,0.001839276,0.001949634,1.337575
6/18/2013,1.3393,1.3369,1.3416,1.3325,0.001945089,0.001873501,0.002465815,0.000525604,1.312915,1.31017,1.31694,1.305995,0.001866868,0.0018675,0.001838555,0.001858827,1.334125
6/19/2013,1.3294,1.3394,1.3415,1.3262,-0.007391921,0.001869998,-7.45379E-05,-0.004727955,1.315105,1.31261,1.31902,1.30814,0.001687121,0.001871735,0.001583553,0.00165358,1.32445
6/20/2013,1.3218,1.3295,1.3303,1.3162,-0.005716865,-0.007391369,-0.008348863,-0.007540341,1.31652,1.314795,1.32075,1.309845,0.001094028,0.001688127,0.00132766,0.001323317,1.317375
6/21/2013,1.3122,1.322,1.3254,1.3099,-0.007262823,-0.005641219,-0.00368338,-0.004786507,1.317485,1.316215,1.32204,1.31082,0.00075408,0.001102753,0.000992993,0.000760304,1.310975
6/24/2013,1.3117,1.3118,1.3145,1.3059,-0.000381039,-0.007715582,-0.008223932,-0.003053668,1.318425,1.317145,1.323015,1.31154,0.000735028,0.000732434,0.000758774,0.000564998,1.3105
6/25/2013,1.3084,1.312,1.3152,1.3064,-0.002515819,0.000152462,0.000532522,0.000382878,1.319575,1.31809,1.324025,1.312615,0.000899283,0.000743924,0.0007854,0.000839659,1.304125
6/26/2013,1.3011,1.3082,1.3088,1.2984,-0.005579334,-0.002896341,-0.00486618,-0.006123699,1.31994,1.31922,1.32457,1.31334,0.00029357,0.000889107,0.000430122,0.000572388,1.302575
6/27/2013,1.3035,1.3011,1.3057,1.3,0.001844593,-0.005427305,-0.002368582,0.001232286,1.319875,1.31957,1.324545,1.313675,-3.93051E-05,0.000287157,-8.05402E-06,0.00026793,1.303525
6/28/2013,1.3008,1.3038,1.3104,1.2991,-0.002071346,0.002075167,0.003599602,-0.000692308,1.31994,1.31951,1.32476,1.31391,6.02238E-05,-3.02265E-05,0.000175754,0.000190788,1.3036
7/1/2013,1.3063,1.301,1.3068,1.3003,0.004228167,-0.002147569,-0.002747253,0.000923716,1.31988,1.319955,1.32456,1.31439,-3.61785E-05,0.000356648,-0.000141534,0.000379897,1.302075
7/2/2013,1.2977,1.3064,1.3079,1.2963,-0.00658348,0.004150653,0.000841751,-0.003076213,1.319375,1.319895,1.324445,1.313995,-0.000376825,-3.56182E-05,-7.65593E-05,-0.000296886,1.29845
7/3/2013,1.3006,1.2978,1.3031,1.2923,0.002234723,-0.006582976,-0.003670005,-0.003085705,1.31894,1.31938,1.32402,1.313345,-0.000322437,-0.000383886,-0.000313487,-0.000493343,1.295725
7/4/2013,1.2913,1.3009,1.3024,1.2883,-0.007150546,0.002388658,-0.000537181,-0.003095257,1.31728,1.318955,1.32261,1.312385,-0.001260427,-0.000314143,-0.001064652,-0.000732377,1.2867
7/5/2013,1.283,1.2914,1.2918,1.2806,-0.006427631,-0.007302637,-0.008138821,-0.005976869,1.31532,1.31729,1.320775,1.310455,-0.001494983,-0.001263512,-0.001392681,-0.001478639,1.284725
7/8/2013,1.2869,1.2828,1.2883,1.2809,0.003039751,-0.006659439,-0.002709398,0.000234265,1.313385,1.31539,1.31884,1.308615,-0.001471569,-0.001449281,-0.001471696,-0.001410074,1.282625
7/9/2013,1.278,1.2871,1.2899,1.2755,-0.006915844,0.003352042,0.001241947,-0.004215786,1.310715,1.31346,1.31674,1.30623,-0.00203613,-0.001467173,-0.001594226,-0.00182956,1.287575
7/10/2013,1.2974,1.278,1.2984,1.2765,0.015179969,-0.007070158,0.006589658,0.000784006,1.308905,1.31079,1.31486,1.303725,-0.001359752,-0.002035661,-0.001418658,-0.001918836,1.305975
7/11/2013,1.3094,1.2978,1.3203,1.2964,0.009249268,0.015492958,0.016866913,0.015589503,1.307505,1.30899,1.313915,1.30215,-0.00103976,-0.001351144,-0.000695073,-0.001188358,1.3066
7/12/2013,1.3066,1.3097,1.3102,1.2999,-0.002138384,0.009169364,-0.007649777,0.002699784,1.306105,1.3076,1.31254,1.30067,-0.001041998,-0.001031377,-0.001021559,-0.001113615,1.3054
7/15/2013,1.3062,1.3073,1.3087,1.2994,-0.000306138,-0.001832481,-0.001144863,-0.000384645,1.30458,1.306245,1.31106,1.29905,-0.001135981,-0.001007114,-0.001101228,-0.001219345,1.311275
7/16/2013,1.3161,1.3062,1.3175,1.3053,0.007579237,-0.000841429,0.00672423,0.004540557,1.30342,1.30471,1.309855,1.29769,-0.000854273,-0.00114286,-0.000888307,-0.001018598,1.3137
7/17/2013,1.3124,1.3162,1.3178,1.3084,-0.002811337,0.007655795,0.000227704,0.002374933,1.30257,1.30355,1.30867,1.2968,-0.000625244,-0.00085357,-0.000873195,-0.000663453,1.310725
7/18/2013,1.3109,1.3125,1.3129,1.3066,-0.001142944,-0.002811123,-0.003718318,-0.001375726,1.302025,1.3027,1.3078,1.29632,-0.000396548,-0.000624558,-0.000641668,-0.000355223,1.312375
7/19/2013,1.3142,1.311,1.3154,1.3089,0.002517354,-0.001142857,0.001904182,0.001760294,1.302125,1.30215,1.3073,1.29627,9.2461E-05,-0.00039964,-0.00036229,-2.78827E-05,1.316975
7/22/2013,1.3183,1.3146,1.3219,1.3131,0.003119769,0.002745995,0.004941463,0.003208801,1.302455,1.30229,1.30767,1.29663,0.000267501,0.000123439,0.00029598,0.000285241,1.32025
7/23/2013,1.3221,1.3186,1.324,1.3163,0.0028825,0.003042751,0.001588622,0.002436981,1.30314,1.30262,1.30811,1.297125,0.000537417,0.000267953,0.000348785,0.000387946,1.321475
7/24/2013,1.32,1.3224,1.3258,1.3177,-0.001588382,0.002881844,0.001359517,0.001063587,1.304085,1.30333,1.30896,1.29809,0.000736965,0.000556863,0.00066007,0.00074731,1.32345
7/25/2013,1.3276,1.32,1.3297,1.3165,0.005757576,-0.001814882,0.00294162,-0.000910678,1.30529,1.304275,1.31016,1.298915,0.000932614,0.000737484,0.00092558,0.000640162,1.327625
7/26/2013,1.3278,1.3277,1.3298,1.3252,0.000150648,0.005833333,7.52049E-05,0.006608431,1.30664,1.30547,1.31113,1.30022,0.001043714,0.000925392,0.00074936,0.001005199,1.326925
7/29/2013,1.326,1.3281,1.3297,1.3239,-0.001355626,0.000301273,-7.51993E-05,-0.000980984,1.307625,1.306825,1.312275,1.3014,0.000764524,0.001047834,0.000882962,0.000909964,1.326525
7/30/2013,1.3262,1.3262,1.3303,1.3234,0.00015083,-0.001430615,0.00045123,-0.000377672,1.30905,1.307815,1.313395,1.302755,0.00110124,0.000768771,0.000863436,0.001044891,1.32805
7/31/2013,1.33,1.3263,1.3345,1.3214,0.00286533,7.54034E-05,0.003157183,-0.001511259,1.31052,1.30924,1.314965,1.30421,0.00113277,0.00110169,0.001204796,0.001123613,1.32545
8/1/2013,1.3206,1.3303,1.3312,1.3197,-0.007067669,0.003015909,-0.002472836,-0.001286514,1.311985,1.31071,1.316405,1.30578,0.001136914,0.001133052,0.001108013,0.001214051,1.32435
8/2/2013,1.3281,1.3207,1.3296,1.319,0.005679237,-0.007216417,-0.001201923,-0.000530424,1.31424,1.312175,1.318295,1.3077,0.001742257,0.001137363,0.001454858,0.001486373,1.32665
8/5/2013,1.3257,1.3276,1.3301,1.3232,-0.001807093,0.005224502,0.000376053,0.00318423,1.31618,1.314415,1.320385,1.309815,0.001499915,0.00173156,0.00160913,0.001633871,1.328325
8/6/2013,1.3305,1.3259,1.3324,1.3245,0.003620729,-0.001280506,0.001729193,0.000982467,1.318805,1.316355,1.32251,1.312265,0.002026744,0.001499933,0.001633493,0.001893784,1.331325
8/7/2013,1.3336,1.3306,1.3346,1.3265,0.002329951,0.003544762,0.001651156,0.001510004,1.320615,1.318985,1.32432,1.314765,0.001384243,0.002030679,0.001386568,0.001930084,1.336125
8/8/2013,1.3379,1.3338,1.3401,1.3327,0.003224355,0.00240493,0.004121085,0.004673954,1.32204,1.320785,1.32531,1.31658,0.001082997,0.001376278,0.000749276,0.001384306,1.336175
8/9/2013,1.3342,1.3381,1.3391,1.3333,-0.002765528,0.003223872,-0.000746213,0.000450214,1.32342,1.322205,1.326755,1.31825,0.00105164,0.001079003,0.001094454,0.001271828,1.331475
8/12/2013,1.3298,1.3339,1.3345,1.3277,-0.003297856,-0.003138779,-0.003435143,-0.004200105,1.3246,1.323535,1.328045,1.319665,0.000902054,0.001013688,0.00097994,0.001081055,1.3278
8/13/2013,1.3261,1.33,1.3318,1.3233,-0.002782373,-0.002923757,-0.00202323,-0.003314002,1.3251,1.324725,1.32876,1.320565,0.000383973,0.000909572,0.000542567,0.000688327,1.325925
8/14/2013,1.3255,1.3263,1.328,1.3239,-0.000452455,-0.002781955,-0.002853281,0.000453412,1.325755,1.32523,1.32927,1.32134,0.000501918,0.000387684,0.000388518,0.000592251,1.3293
8/15/2013,1.3346,1.3256,1.3364,1.3206,0.006865334,-0.000527784,0.006325301,-0.002492635,1.32694,1.325885,1.330445,1.32204,0.000902331,0.000501851,0.000890699,0.000536405,1.334225
8/16/2013,1.3329,1.3348,1.3381,1.3311,-0.00127379,0.006940253,0.001272074,0.007950931,1.327875,1.327075,1.33158,1.32315,0.000712774,0.000906007,0.000859094,0.000845937,1.333775
8/19/2013,1.3333,1.3328,1.3375,1.3315,0.000300098,-0.001498352,-0.000448397,0.000300503,1.328625,1.327985,1.33236,1.32407,0.000571791,0.000693789,0.000589601,0.000700522,1.338225
8/20/2013,1.3416,1.3337,1.3453,1.3323,0.006225156,0.00067527,0.005831776,0.000600826,1.3296,1.32874,1.333425,1.32487,0.000738923,0.000575415,0.000801758,0.000608714,1.3384
8/21/2013,1.3356,1.3417,1.3428,1.3335,-0.004472272,0.00599835,-0.001858322,0.000900698,1.33038,1.329705,1.334275,1.32566,0.000594729,0.000731241,0.000640867,0.00060057,1.334525
8/22/2013,1.3354,1.3355,1.3374,1.3298,-0.000149745,-0.004621003,-0.004021448,-0.002774653,1.33077,1.33048,1.33466,1.326325,0.000299363,0.000590934,0.000292713,0.000507371,1.337025
8/23/2013,1.3381,1.3356,1.3411,1.3333,0.002021866,7.48783E-05,0.002766562,0.002631975,1.331285,1.330875,1.335225,1.32673,0.000392924,0.000303012,0.000427281,0.000308548,1.337575
8/26/2013,1.3368,1.3383,1.3395,1.3357,-0.000971527,0.002021563,-0.00119305,0.001800045,1.331825,1.331385,1.335715,1.32732,0.000412129,0.000389026,0.000371388,0.0004476,1.33715
8/27/2013,1.3392,1.3369,1.3401,1.3324,0.001795332,-0.001046103,0.000447928,-0.002470615,1.332475,1.33192,1.336205,1.32777,0.000494354,0.000408252,0.000371223,0.000342953,1.335875
8/28/2013,1.3338,1.3393,1.3399,1.3305,-0.004032258,0.001795198,-0.000149243,-0.001425998,1.332665,1.33257,1.336475,1.328225,0.000149475,0.000494242,0.000205902,0.000347216,1.328575
8/29/2013,1.324,1.3339,1.3345,1.3219,-0.007347428,-0.004031957,-0.004030152,-0.006463735,1.332835,1.33275,1.33664,1.328335,0.000135487,0.000141848,0.000128036,8.83546E-05,1.322225
8/30/2013,1.322,1.3241,1.3255,1.3173,-0.001510574,-0.007346878,-0.006744099,-0.00347984,1.33253,1.33292,1.336435,1.32825,-0.000224004,0.000135325,-0.000149072,-5.91162E-05,1.321125
9/2/2013,1.319,1.3234,1.3237,1.3184,-0.002269289,-0.000528661,-0.001357978,0.000835041,1.332195,1.33271,1.336115,1.32801,-0.000247114,-0.000152333,-0.000235774,-0.000176576,1.317475
9/3/2013,1.3169,1.3192,1.3199,1.3139,-0.001592115,-0.003173644,-0.002870741,-0.003413228,1.331515,1.332375,1.33549,1.32748,-0.000507756,-0.00024699,-0.000465771,-0.00039636,1.318825
9/4/2013,1.3207,1.317,1.3219,1.3157,0.002885565,-0.001667677,0.001515266,0.001369967,1.33087,1.331695,1.334855,1.32694,-0.000479975,-0.000507612,-0.000472565,-0.000403362,1.3165
9/5/2013,1.3119,1.3207,1.3224,1.311,-0.006663133,0.002809415,0.000378243,-0.003572243,1.32957,1.33104,1.33397,1.325855,-0.00097435,-0.000487387,-0.000659707,-0.000815672,1.314825
9/6/2013,1.3179,1.312,1.319,1.3104,0.004573519,-0.006587416,-0.002571083,-0.000457666,1.328755,1.329735,1.332965,1.32471,-0.000607397,-0.000977952,-0.000750951,-0.000861066,1.32165
9/9/2013,1.3254,1.317,1.3282,1.316,0.005690872,0.003810976,0.006974981,0.004273504,1.328535,1.32889,1.33265,1.324125,-0.000157961,-0.000630464,-0.000230445,-0.000437386,1.325725
9/10/2013,1.3267,1.3255,1.3277,1.323,0.000980836,0.006454062,-0.000376449,0.005319149,1.328565,1.328665,1.332445,1.32411,3.01995E-05,-0.000161573,-0.000148106,-5.72805E-06,1.32865
9/11/2013,1.3309,1.3268,1.3325,1.3244,0.00316575,0.000980762,0.003615275,0.001058201,1.328835,1.32869,1.33267,1.324135,0.00021111,2.65627E-05,0.000175322,2.45114E-05,1.3298
9/12/2013,1.3297,1.331,1.3325,1.326,-0.000901646,0.003165511,0,0.001208094,1.32859,1.32896,1.332475,1.324405,-0.000177239,0.000211227,-0.000140943,0.000209548,1.3292
9/13/2013,1.3292,1.3299,1.3323,1.3254,-0.000376025,-0.000826446,-0.000150094,-0.000452489,1.328405,1.328715,1.332185,1.32412,-0.000132351,-0.000177108,-0.000212051,-0.000210623,1.3331
9/16/2013,1.3333,1.3307,1.3386,1.3298,0.003084562,0.000601549,0.004728665,0.003319753,1.328405,1.32861,1.33224,1.324035,6.87226E-06,-7.21125E-05,4.68019E-05,-5.96607E-05,1.334625
9/17/2013,1.3357,1.3333,1.337,1.3325,0.001800045,0.001953859,-0.001195279,0.002030381,1.32811,1.32859,1.331825,1.324045,-0.000214383,-8.18305E-06,-0.000304551,1.18171E-05,1.344025
9/18/2013,1.3521,1.3359,1.3543,1.3338,0.012278206,0.001950049,0.012939417,0.00097561,1.328935,1.3283,1.3324,1.32406,0.000623141,-0.000210598,0.000435336,1.55626E-05,1.353025
9/19/2013,1.3529,1.3522,1.3569,1.3501,0.000591672,0.012201512,0.001919811,0.012220723,1.32981,1.329135,1.333375,1.325075,0.000660212,0.000630528,0.000732399,0.000765331,1.352525
9/20/2013,1.3522,1.3531,1.355,1.3498,-0.000517407,0.000665582,-0.001400251,-0.000222206,1.330515,1.33001,1.33407,1.3259,0.000533248,0.000660063,0.000524058,0.000622622,1.35185
9/23/2013,1.3492,1.3546,1.3556,1.348,-0.002218607,0.001108566,0.000442804,-0.001333531,1.331135,1.330825,1.334875,1.326515,0.000470894,0.000614413,0.000605851,0.000465944,1.348725
9/24/2013,1.3472,1.3493,1.352,1.3464,-0.00148236,-0.003912594,-0.002655651,-0.001186944,1.331535,1.331445,1.33547,1.327215,0.000307009,0.000471088,0.000450672,0.000530127,1.349975
9/25/2013,1.3525,1.3473,1.3539,1.3462,0.003934086,-0.00148225,0.001405325,-0.000148544,1.33247,1.331845,1.33617,1.328,0.000705326,0.000307216,0.000528401,0.000594,1.350425
9/26/2013,1.3488,1.3526,1.3531,1.3472,-0.002735675,0.003933794,-0.000590886,0.000742832,1.33371,1.33278,1.3371,1.329265,0.000935914,0.000705504,0.000700364,0.000954328,1.3512
9/27/2013,1.3521,1.3488,1.3565,1.3474,0.002446619,-0.002809404,0.002512749,0.000148456,1.335215,1.334015,1.33865,1.33077,0.001133774,0.000932377,0.001163206,0.001135743,1.350675
9/30/2013,1.3524,1.3479,1.3556,1.3468,0.000221877,-0.00066726,-0.000663472,-0.000445302,1.336885,1.33524,1.340245,1.33219,0.001258332,0.000925447,0.001197932,0.001071726,1.3539
10/1/2013,1.3524,1.3527,1.3589,1.3516,0,0.003561095,0.002434346,0.003564004,1.33866,1.336915,1.342195,1.334075,0.001337938,0.001262184,0.001463186,0.001420587,1.3554
10/2/2013,1.3576,1.3526,1.3607,1.3507,0.003845016,-7.39262E-05,0.001324601,-0.000665877,1.340505,1.338695,1.344135,1.335825,0.00138591,0.001341872,0.001453653,0.001318795,1.360475
10/3/2013,1.3617,1.3578,1.3647,1.3577,0.003020035,0.003844448,0.002939663,0.005182498,1.342995,1.34055,1.34625,1.33816,0.001870069,0.001393623,0.001581724,0.001756532,1.358625
10/4/2013,1.3557,1.3618,1.3632,1.3538,-0.004406257,0.002945942,-0.001099143,-0.002872505,1.344885,1.34304,1.34846,1.34033,0.00142108,0.001870291,0.001655321,0.00163579,1.356775
10/7/2013,1.3581,1.3556,1.3592,1.3542,0.001770303,-0.004552798,-0.002934272,0.000295465,1.34652,1.34497,1.35001,1.34224,0.001225052,0.001452103,0.001159858,0.001436888,1.35795
10/8/2013,1.3571,1.3582,1.3608,1.3557,-0.000736323,0.00191797,0.001177163,0.001107665,1.34804,1.346605,1.351665,1.343875,0.001139194,0.001225298,0.001237539,0.001226314,1.3547
10/9/2013,1.3523,1.3573,1.3606,1.3486,-0.003536954,-0.000662642,-0.000146972,-0.005237147,1.34911,1.34813,1.35307,1.345085,0.000804059,0.001143128,0.001049426,0.000911547,1.3519
10/10/2013,1.3519,1.3524,1.3546,1.3487,-0.000295792,-0.003610108,-0.004409819,7.4151E-05,1.35022,1.3492,1.354175,1.34622,0.000834351,0.000804347,0.000828935,0.00085485,1.35405
10/11/2013,1.3541,1.352,1.3583,1.3518,0.001627339,-0.00029577,0.002731434,0.00229851,1.351465,1.350305,1.355475,1.34754,0.000934519,0.000830881,0.000973012,0.000992399,1.3562
10/14/2013,1.3561,1.3545,1.3598,1.3544,0.001476996,0.001849112,0.001104322,0.001923361,1.352605,1.351495,1.356535,1.34877,0.000854141,0.000893259,0.000791795,0.00092258,1.3534
10/15/2013,1.3523,1.3562,1.3572,1.3479,-0.002802153,0.001255076,-0.001912046,-0.004799173,1.353435,1.35264,1.357545,1.34954,0.000624031,0.00085832,0.000755956,0.000581102,1.352475
10/16/2013,1.3534,1.3523,1.3569,1.3473,0.000813429,-0.002875682,-0.000221043,-0.000445137,1.3535,1.35346,1.357675,1.350215,5.07923E-05,0.000617033,9.79332E-05,0.000510065,1.3602
10/17/2013,1.3675,1.3535,1.3683,1.3515,0.010418206,0.000887377,0.008401503,0.003117346,1.35423,1.353525,1.358245,1.350285,0.000542119,5.13263E-05,0.000422018,5.4896E-05,1.3681
10/18/2013,1.3684,1.3676,1.3705,1.3659,0.000658135,0.010417436,0.001607835,0.010654828,1.35504,1.35425,1.35902,1.35109,0.000600896,0.000538919,0.000572422,0.000598748,1.367775
10/21/2013,1.3681,1.3687,1.3693,1.365,-0.000219234,0.000804329,-0.000875593,-0.000658906,1.355985,1.354955,1.359705,1.35194,0.000700865,0.000523707,0.000506502,0.000632479,1.372925
10/22/2013,1.378,1.3683,1.3793,1.3661,0.007236313,-0.000292248,0.007303002,0.000805861,1.357525,1.355905,1.36107,1.352925,0.001136798,0.000704724,0.001004435,0.000732119,1.377275
10/23/2013,1.3774,1.3782,1.3794,1.3741,-0.000435414,0.007235255,7.25005E-05,0.005856087,1.35877,1.35745,1.362345,1.35432,0.000918323,0.0011406,0.000937794,0.001032351,1.37915
10/24/2013,1.3799,1.3777,1.3826,1.3764,0.001815014,-0.000362792,0.002319849,0.001673823,1.360325,1.358705,1.36382,1.35578,0.001145858,0.00092577,0.00108333,0.0010789,1.380325
10/25/2013,1.3804,1.3802,1.3833,1.3774,0.000362345,0.001814619,0.000506292,0.000726533,1.36174,1.360275,1.36516,1.35728,0.001041644,0.001156972,0.000983007,0.001107804,1.379525
10/28/2013,1.3784,1.3803,1.3819,1.3775,-0.001448855,7.24533E-05,-0.001012073,7.26006E-05,1.36304,1.361895,1.366475,1.358815,0.000958107,0.001193957,0.000965577,0.001133699,1.376975
10/29/2013,1.3745,1.3784,1.3814,1.3736,-0.002829367,-0.001376512,-0.000361821,-0.002831216,1.364145,1.36318,1.3676,1.359915,0.000816639,0.000947077,0.000825769,0.000813938,1.37405
10/30/2013,1.3735,1.3746,1.3785,1.3696,-0.000727537,-0.00275682,-0.00209932,-0.002912056,1.36494,1.36428,1.36849,1.36086,0.000588011,0.000812932,0.000654573,0.000701629,1.3658
10/31/2013,1.3582,1.3735,1.374,1.3575,-0.011139425,-0.000800233,-0.003264418,-0.008834696,1.364765,1.365065,1.368955,1.36085,-0.000119962,0.000580698,0.000344369,7.69663E-07,1.353475
11/1/2013,1.3485,1.3584,1.359,1.348,-0.007141805,-0.010993811,-0.010917031,-0.006998158,1.364405,1.364895,1.368745,1.36056,-0.000256739,-0.000116289,-0.000146525,-0.000205513,1.34925
11/4/2013,1.3513,1.3489,1.3526,1.3442,0.002076381,-0.006993522,-0.004709345,-0.002818991,1.364065,1.36456,1.368415,1.36006,-0.000241435,-0.000238326,-0.000235279,-0.000361236,1.349075
11/5/2013,1.3474,1.3516,1.3524,1.3449,-0.00288611,0.002001631,-0.000147863,0.000520756,1.36358,1.36423,1.367995,1.35952,-0.000348924,-0.000234143,-0.00030153,-0.000390581,1.349975
11/6/2013,1.351,1.3474,1.3548,1.3467,0.002671812,-0.003107428,0.001774623,0.001338389,1.363515,1.363735,1.367705,1.359425,-3.84861E-05,-0.000356382,-0.000205451,-6.18044E-05,1.3439
11/7/2013,1.3418,1.3512,1.3529,1.3297,-0.006809771,0.002820246,-0.001402421,-0.01262345,1.36301,1.363675,1.36762,1.358475,-0.000364185,-3.48642E-05,-5.50806E-05,-0.000696684,1.338675
11/8/2013,1.337,1.342,1.3439,1.3318,-0.003577284,-0.006808763,-0.006652376,0.001579304,1.362155,1.363175,1.3669,1.357475,-0.000624416,-0.000360514,-0.000524271,-0.000732645,1.33825
11/11/2013,1.3406,1.3362,1.3417,1.3345,0.002692595,-0.004321908,-0.001637027,0.002027331,1.36138,1.36226,1.365995,1.35648,-0.000563636,-0.000669065,-0.000661339,-0.000727446,1.34145
11/12/2013,1.3435,1.3407,1.3457,1.3359,0.002163211,0.003367759,0.002981292,0.001049082,1.36094,1.361485,1.36542,1.35588,-0.000315368,-0.000563431,-0.000416672,-0.000435034,1.34515
11/13/2013,1.3484,1.3436,1.3496,1.339,0.00364719,0.002163049,0.00289812,0.002320533,1.36069,1.36105,1.365055,1.355465,-0.00017368,-0.000311494,-0.000260713,-0.00029675,1.346525
11/14/2013,1.3457,1.3487,1.3499,1.3418,-0.002002373,0.003795773,0.000222288,0.002091113,1.3596,1.36081,1.364135,1.35498,-0.000794709,-0.000166074,-0.000669674,-0.000348062,1.3473
11/15/2013,1.3495,1.3459,1.3506,1.3432,0.002823809,-0.002076073,0.000518557,0.001043375,1.358655,1.359725,1.36314,1.353845,-0.000686425,-0.00079075,-0.000724138,-0.000828634,1.350575
11/18/2013,1.3503,1.3503,1.3543,1.3474,0.000592812,0.003269188,0.002739523,0.003126861,1.357765,1.358805,1.36239,1.352965,-0.000645823,-0.000667507,-0.000543382,-0.000639346,1.35195
11/19/2013,1.3538,1.3505,1.3548,1.3487,0.002592017,0.000148115,0.000369194,0.000964821,1.356555,1.357915,1.361165,1.352095,-0.000878038,-0.000645489,-0.000890073,-0.000631398,1.3493
11/20/2013,1.3438,1.354,1.3579,1.3415,-0.007386615,0.002591633,0.002288161,-0.005338474,1.354875,1.356705,1.36009,1.350465,-0.001225598,-0.00087767,-0.00077929,-0.001191126,1.3452
11/21/2013,1.3481,1.3441,1.3487,1.3399,0.003199881,-0.007311669,-0.006775168,-0.001192695,1.353285,1.355025,1.358395,1.34864,-0.001156354,-0.001225114,-0.001234041,-0.001334452,1.351525
11/22/2013,1.3558,1.3482,1.3559,1.3462,0.005711742,0.003050368,0.005338474,0.004701843,1.352055,1.353425,1.357025,1.34708,-0.000888885,-0.001163326,-0.000992431,-0.001135686,1.3529
11/25/2013,1.3515,1.355,1.3561,1.349,-0.003171559,0.005043762,0.000147504,0.002079929,1.35071,1.35216,1.355735,1.345655,-0.00097502,-0.000914761,-0.000934453,-0.00103532,1.3544
11/26/2013,1.3571,1.3516,1.3575,1.3514,0.004143544,-0.002509225,0.001032372,0.001779096,1.34984,1.35082,1.35454,1.344545,-0.000626374,-0.000971396,-0.000864743,-0.000804804,1.358
11/27/2013,1.3578,1.3572,1.3613,1.3557,0.000515806,0.004143238,0.002799263,0.003181885,1.349055,1.34995,1.35368,1.34385,-0.000564207,-0.000626393,-0.000619814,-0.000500107,1.359175
11/28/2013,1.3604,1.358,1.3619,1.3564,0.001914862,0.000589449,0.000440755,0.000516338,1.349165,1.349175,1.353075,1.343795,8.85073E-05,-0.000556909,-0.000434555,-3.25556E-05,1.359925
11/29/2013,1.3589,1.3605,1.3623,1.358,-0.001102617,0.001840943,0.000293707,0.001179593,1.349685,1.34928,1.35324,1.344295,0.000390467,8.48283E-05,0.000125982,0.000376332,1.356825
12/2/2013,1.354,1.359,1.3617,1.3526,-0.003605858,-0.001102536,-0.000440432,-0.003976436,1.34982,1.349785,1.353695,1.344715,0.000106355,0.000379378,0.000339427,0.00031846,1.35675
12/3/2013,1.3589,1.3542,1.3615,1.3524,0.003618907,-0.003532009,-0.000146875,-0.000147863,1.350395,1.349915,1.35415,1.34509,0.000431606,0.000102696,0.000339477,0.000285029,1.3579
12/4/2013,1.3593,1.359,1.3605,1.3528,0.000294356,0.003544528,-0.000734484,0.00029577,1.35081,1.350495,1.354435,1.345395,0.000312733,0.000435293,0.000214021,0.000232898,1.362075
12/5/2013,1.3667,1.3594,1.3679,1.3543,0.005443979,0.000294334,0.005439177,0.001108811,1.352055,1.350905,1.355185,1.346625,0.00092542,0.000308998,0.000556101,0.000919511,1.367675
12/6/2013,1.3703,1.3668,1.3708,1.3628,0.002634082,0.005443578,0.002120038,0.006276305,1.35372,1.352145,1.35653,1.348175,0.001235989,0.000921615,0.000994722,0.001154361,1.37255
12/9/2013,1.3737,1.3725,1.3747,1.3693,0.002481208,0.004170325,0.002845054,0.004769592,1.355375,1.35396,1.35818,1.349915,0.001225419,0.001346226,0.001218826,0.001291474,1.375675
12/10/2013,1.3759,1.3739,1.3796,1.3733,0.001601514,0.001020036,0.003564414,0.002921201,1.356995,1.35562,1.359875,1.351785,0.001197334,0.00122884,0.001247982,0.00138508,1.377425
12/11/2013,1.3785,1.3761,1.3811,1.374,0.001889672,0.001601281,0.001087272,0.000509721,1.3585,1.357245,1.36145,1.353535,0.001109458,0.001200752,0.00115744,0.001294539,1.37705
12/12/2013,1.3754,1.3787,1.3804,1.3737,-0.002248821,0.001889398,-0.000506842,-0.000218341,1.359985,1.358745,1.362975,1.35513,0.001097136,0.001105433,0.001120983,0.001179067,1.374375
12/13/2013,1.3741,1.3755,1.377,1.3709,-0.00094518,-0.002321027,-0.002463054,-0.002038291,1.361215,1.360225,1.364295,1.356515,0.000908687,0.001093185,0.000971903,0.001024983,1.375625
12/16/2013,1.376,1.3741,1.3799,1.3725,0.001382723,-0.001017812,0.002106028,0.001167116,1.3625,1.361415,1.365575,1.35777,0.000948182,0.000878835,0.000940228,0.000926996,1.37585
12/17/2013,1.3766,1.3761,1.3784,1.3723,0.000436047,0.001455498,-0.001087035,-0.000145719,1.36364,1.362695,1.366755,1.35895,0.000840384,0.000944205,0.000867416,0.000871469,1.373475
12/18/2013,1.3683,1.3769,1.3813,1.3674,-0.006029348,0.000581353,0.002103889,-0.003570648,1.364865,1.36384,1.367925,1.360245,0.000908247,0.000843691,0.000858203,0.00095986,1.367275
12/19/2013,1.3662,1.3685,1.3695,1.3649,-0.001534751,-0.006100661,-0.008542677,-0.001828287,1.36577,1.36506,1.368965,1.361495,0.000671515,0.000904241,0.000769827,0.000928081,1.366725
12/20/2013,1.3671,1.3663,1.371,1.3625,0.000658762,-0.0016076,0.00109529,-0.001758371,1.366335,1.365965,1.36972,1.36231,0.000418866,0.000671343,0.000557668,0.00060507,1.368775
12/23/2013,1.3695,1.3672,1.3717,1.3667,0.001755541,0.000658713,0.000510576,0.003082569,1.367235,1.366575,1.3705,1.363195,0.000665221,0.00045209,0.000575822,0.000655202,1.368425
12/24/2013,1.3682,1.3696,1.3704,1.3655,-0.000949252,0.001755413,-0.000947729,-0.000878027,1.36779,1.367475,1.371145,1.3639,0.000410582,0.000665322,0.000476817,0.000522346,1.368325
12/25/2013,1.3678,1.3684,1.371,1.3661,-0.000292355,-0.000876168,0.000437828,0.000439399,1.36829,1.368035,1.37163,1.36442,0.000370174,0.000414352,0.000358745,0.000385222,1.36845
12/26/2013,1.3691,1.3681,1.3703,1.3663,0.000950431,-0.000219234,-0.000510576,0.000146402,1.368725,1.36854,1.37205,1.364915,0.000321952,0.000373918,0.000311178,0.000366725,1.3753
12/27/2013,1.3741,1.3691,1.3893,1.3687,0.003652034,0.000730941,0.013865577,0.001756569,1.369485,1.36897,1.3734,1.36545,0.000559685,0.000318418,0.000989772,0.000395574,1.3774
12/30/2013,1.3803,1.3744,1.382,1.3729,0.004512044,0.003871156,-0.005254445,0.003068605,1.3708,1.36974,1.374415,1.366465,0.00096558,0.000567102,0.000749071,0.000747826,1.377575
12/31/2013,1.3745,1.3803,1.3813,1.3742,-0.004201985,0.004292782,-0.000506512,0.000946901,1.37158,1.371045,1.375405,1.367555,0.000574535,0.000958342,0.000731089,0.000802564,1.37515
1/1/2014,1.3752,1.3743,1.3769,1.3742,0.000509276,-0.004346881,-0.003185405,0,1.372375,1.37181,1.376225,1.368625,0.000585281,0.000563771,0.000608543,0.000787775,1.3708
1/2/2014,1.367,1.3756,1.3776,1.363,-0.005962769,0.000945936,0.000508388,-0.008150196,1.37239,1.37262,1.37671,1.36906,1.49437E-05,0.000596351,0.000362004,0.000324825,1.36285
1/3/2014,1.3587,1.3671,1.3674,1.3582,-0.00607169,-0.006179122,-0.007404181,-0.003521643,1.37181,1.372635,1.37654,1.36883,-0.000420345,1.52164E-05,-0.000114207,-0.000165072,1.36105
1/6/2014,1.3627,1.359,1.3654,1.3571,0.002943991,-0.005924951,-0.00146263,-0.000809895,1.37126,1.37196,1.376075,1.36822,-0.000397206,-0.000489547,-0.000329591,-0.000444047,1.3624
1/7/2014,1.3615,1.3628,1.3657,1.3596,-0.000880605,0.002796174,0.000219716,0.001842163,1.37054,1.371405,1.37538,1.367535,-0.000521312,-0.000400741,-0.000496826,-0.000497999,1.3595
1/8/2014,1.3574,1.3616,1.3636,1.3554,-0.003011385,-0.00088054,-0.001537673,-0.003089144,1.369485,1.37068,1.374505,1.366605,-0.000766365,-0.000524832,-0.000628073,-0.000677942,1.359075
1/9/2014,1.3606,1.3575,1.3634,1.3548,0.002357448,-0.003011163,-0.000146671,-0.000442674,1.368745,1.36962,1.373655,1.36566,-0.000536051,-0.00076986,-0.000610065,-0.000689159,1.363475
1/10/2014,1.3667,1.3609,1.3688,1.3575,0.004483316,0.002504604,0.003960687,0.001992914,1.368375,1.36889,1.373245,1.36499,-0.000264626,-0.000528578,-0.000288878,-0.000487598,1.3666
1/13/2014,1.3671,1.367,1.3686,1.3637,0.000292676,0.004482328,-0.000146113,0.004567219,1.36793,1.368535,1.37268,1.36455,-0.000319129,-0.000253571,-0.000401485,-0.000317593,1.367475
1/14/2014,1.3679,1.3671,1.37,1.3649,0.00058518,7.31529E-05,0.001022943,0.000879959,1.367495,1.368085,1.37226,1.36418,-0.000311672,-0.000322688,-0.000295986,-0.000266309,1.363725
1/15/2014,1.3603,1.3681,1.3684,1.3581,-0.005555962,0.000731475,-0.001167883,-0.00498205,1.367095,1.367645,1.371615,1.363715,-0.000288003,-0.000315182,-0.000459575,-0.000336879,1.36145
1/16/2014,1.3619,1.3605,1.3651,1.3583,0.001176211,-0.005555149,-0.002411576,0.000147265,1.36688,1.367245,1.371395,1.363385,-0.000152455,-0.000287907,-0.000153019,-0.000238102,1.35745
1/17/2014,1.3539,1.362,1.3623,1.3516,-0.005874146,0.001102536,-0.002051132,-0.004932636,1.36622,1.36703,1.37096,1.36284,-0.0004791,-0.0001524,-0.000310341,-0.000396815,1.35425
1/20/2014,1.355,1.3543,1.3569,1.3508,0.000812468,-0.005653451,-0.003963885,-0.000591891,1.365495,1.366385,1.37022,1.362045,-0.000526254,-0.000468008,-0.000534064,-0.000580538,1.354925
1/21/2014,1.3559,1.3552,1.357,1.3516,0.000664207,0.00066455,7.36974E-05,0.000592242,1.36488,1.365665,1.36955,1.36135,-0.000445581,-0.000522551,-0.000482992,-0.000507025,1.35565
1/22/2014,1.3546,1.3561,1.3584,1.3535,-0.000958773,0.000664109,0.001031688,0.001405741,1.36422,1.36505,1.36892,1.36072,-0.000478902,-0.000445537,-0.000453299,-0.000458708,1.3618
1/23/2014,1.3694,1.3548,1.37,1.353,0.010925735,-0.000958631,0.008539458,-0.000369413,1.364235,1.364385,1.368905,1.360055,1.98636E-05,-0.000482507,-7.97561E-07,-0.000484498,1.369325
1/24/2014,1.3675,1.3695,1.374,1.3663,-0.001387469,0.01085031,0.002919708,0.009830007,1.363905,1.364405,1.36814,1.359935,-0.000232112,2.34612E-05,-0.000548091,-8.08263E-05,1.3679
1/27/2014,1.367,1.3676,1.3717,1.3653,-0.000365631,-0.001387368,-0.001673945,-0.000731904,1.36324,1.364065,1.367625,1.359555,-0.000475995,-0.000239465,-0.000369066,-0.000270852,1.3665
1/28/2014,1.3668,1.3674,1.3689,1.3629,-0.000146306,-0.000146242,-0.002041263,-0.001757855,1.362855,1.36342,1.367005,1.35899,-0.000273211,-0.000461416,-0.000445804,-0.00040609,1.3655
1/29/2014,1.3662,1.3669,1.3686,1.3603,-0.000438982,-0.000365657,-0.000219154,-0.001907697,1.362405,1.36305,1.36659,1.358295,-0.000320624,-0.000262355,-0.000297491,-0.000501474,1.3607
1/30/2014,1.3555,1.3663,1.3667,1.3543,-0.007831943,-0.000438949,-0.00138828,-0.004410792,1.36183,1.362585,1.366045,1.35786,-0.000414083,-0.000331599,-0.000392324,-0.000314504,1.352225
1/31/2014,1.3485,1.3556,1.3569,1.3479,-0.005164146,-0.007831369,-0.007170557,-0.004725689,1.36132,1.36201,1.36552,1.357345,-0.000368706,-0.000414212,-0.000380643,-0.000374706,1.350775
2/3/2014,1.3524,1.3493,1.3537,1.3477,0.002892102,-0.004647389,-0.002358317,-0.000148379,1.360805,1.361525,1.364935,1.356875,-0.0003713,-0.000350334,-0.000425428,-0.000341631,1.351875
2/4/2014,1.3518,1.3525,1.3539,1.3493,-0.000443656,0.0023716,0.000147743,0.001187208,1.36032,1.36101,1.364345,1.35636,-0.000349453,-0.000371562,-0.000429026,-0.000374378,1.352675
2/5/2014,1.3532,1.352,1.3556,1.3499,0.001035656,-0.000369686,0.001255632,0.000444675,1.36011,1.36053,1.363945,1.356085,-0.000147101,-0.00034602,-0.000289361,-0.000197687,1.355675
2/6/2014,1.3588,1.3533,1.3621,1.3485,0.004138339,0.000961538,0.004794925,-0.001037114,1.36002,1.36032,1.36388,1.35577,-5.80561E-05,-0.000147384,-4.22811E-05,-0.000227409,1.360425
2/7/2014,1.3633,1.359,1.3642,1.3552,0.003311746,0.004211926,0.001541737,0.004968484,1.35985,1.360225,1.36365,1.355655,-0.000116635,-6.20183E-05,-0.000163229,-7.8631E-05,1.36345
2/10/2014,1.3644,1.3632,1.3653,1.3609,0.000806866,0.003090508,0.000806333,0.004206021,1.359715,1.360035,1.363485,1.355515,-9.09252E-05,-0.000131609,-0.000115606,-9.66909E-05,1.3649
2/11/2014,1.3636,1.3647,1.3684,1.3629,-0.000586338,0.001100352,0.002270563,0.001469616,1.3595,1.359915,1.363405,1.355415,-0.000149501,-8.02493E-05,-5.32253E-05,-6.7208E-05,1.361125
2/12/2014,1.3592,1.3638,1.3653,1.3562,-0.003226753,-0.000659486,-0.002265419,-0.004915988,1.359445,1.3597,1.36325,1.35532,-3.30407E-05,-0.000149797,-0.000108102,-6.39049E-05,1.363775
2/13/2014,1.3679,1.3594,1.3693,1.3585,0.006400824,-0.00322628,0.002929759,0.001695915,1.359745,1.359645,1.36346,1.35533,0.00022819,-3.33539E-05,0.000158965,1.35276E-05,1.369
2/14/2014,1.369,1.3681,1.3716,1.3673,0.000804152,0.006399882,0.00167969,0.006477733,1.3605,1.35995,1.363925,1.356115,0.000562105,0.000231513,0.000345506,0.000584046,1.370125
2/17/2014,1.3706,1.3687,1.3725,1.3687,0.001168736,0.000438564,0.000656168,0.001023916,1.36128,1.36067,1.364705,1.35701,0.000579918,0.000536114,0.000576508,0.000664836,1.373225
2/18/2014,1.3757,1.3707,1.3771,1.3694,0.003720998,0.001461241,0.003351548,0.000511434,1.36227,1.361445,1.36571,1.3579,0.000732758,0.000575949,0.000740401,0.000660796,1.374725
2/19/2014,1.3732,1.3759,1.3774,1.3724,-0.001817257,0.003793682,0.000217849,0.00219074,1.3632,1.362435,1.36666,1.358845,0.000689834,0.000732427,0.000699709,0.000700046,1.372525
2/20/2014,1.3718,1.3733,1.3763,1.3687,-0.001019516,-0.001889672,-0.000798606,-0.002696007,1.36332,1.36336,1.366975,1.35963,9.25712E-05,0.000685875,0.000232806,0.000583716,1.3729
2/21/2014,1.3737,1.3718,1.3759,1.3702,0.001385042,-0.00109226,-0.000290634,0.00109593,1.36363,1.363475,1.36707,1.359825,0.000231197,8.87469E-05,7.22887E-05,0.000147012,1.37375
2/24/2014,1.3734,1.3737,1.3771,1.3708,-0.000218388,0.001385042,0.000872156,0.000437892,1.36395,1.36378,1.36734,1.3601,0.000238559,0.000227367,0.000199594,0.000205502,1.374075
2/25/2014,1.3745,1.3735,1.3768,1.3715,0.000800932,-0.000145592,-0.000217849,0.000510651,1.364335,1.364085,1.367735,1.36053,0.000285921,0.0002274,0.000290764,0.000318928,1.371275
2/26/2014,1.3687,1.3745,1.3758,1.3661,-0.004219716,0.000728067,-0.000726322,-0.003937295,1.36446,1.364465,1.368095,1.36082,9.6884E-05,0.000282086,0.000265406,0.000217448,1.36915
2/27/2014,1.3708,1.3688,1.3727,1.3643,0.001534303,-0.004146963,-0.002253234,-0.00131762,1.365225,1.36459,1.368395,1.36132,0.000565196,9.66854E-05,0.000222158,0.000372106,1.3757
2/28/2014,1.3802,1.3708,1.3825,1.3693,0.00685731,0.001461134,0.007139215,0.003664883,1.36681,1.36535,1.369675,1.36239,0.001166269,0.000561311,0.000937647,0.000791635,1.376
3/3/2014,1.3734,1.3786,1.3794,1.3726,-0.004926822,0.005690108,-0.002242315,0.002409991,1.36786,1.366815,1.37096,1.363635,0.000775323,0.001078185,0.000943447,0.000919553,1.374525
3/4/2014,1.3742,1.3735,1.3783,1.3721,0.000582496,-0.003699405,-0.000797448,-0.000364272,1.36898,1.367865,1.37218,1.364775,0.00082663,0.000774635,0.000896187,0.000841979,1.373275
3/5/2014,1.3732,1.3744,1.3748,1.3707,-0.000727696,0.00065526,-0.00253936,-0.001020334,1.36998,1.368985,1.37314,1.365815,0.000738463,0.000825882,0.000706438,0.000768729,1.3796
3/6/2014,1.3858,1.3733,1.3872,1.3721,0.009175648,-0.000800349,0.009019494,0.001021376,1.37133,1.369985,1.374395,1.366995,0.000990328,0.000737788,0.000917666,0.000871653,1.38765
3/7/2014,1.3876,1.3861,1.3916,1.3853,0.001298889,0.009320615,0.003171857,0.00962029,1.372545,1.37134,1.375765,1.3685,0.000889685,0.000993222,0.000999172,0.001104244,1.387775
3/10/2014,1.3876,1.3876,1.3898,1.3861,0,0.001082173,-0.001293475,0.000577492,1.373705,1.37256,1.37699,1.36976,0.000849342,0.000892806,0.000894182,0.000922817,1.386225
3/11/2014,1.3859,1.3876,1.3881,1.3833,-0.001225137,0,-0.001223198,-0.002020056,1.37482,1.373705,1.377975,1.37078,0.000817402,0.000837788,0.000719494,0.000748334,1.388
3/12/2014,1.3903,1.3859,1.3915,1.3843,0.003174832,-0.001225137,0.002449391,0.000722909,1.376375,1.37481,1.379285,1.372185,0.001137481,0.000809506,0.000955234,0.001030278,1.389625
3/13/2014,1.3868,1.3904,1.3968,1.3845,-0.002517442,0.003246988,0.003808839,0.000144477,1.37732,1.37636,1.38066,1.373485,0.000691568,0.001133169,0.000999188,0.000952707,1.389175
3/14/2014,1.3914,1.3869,1.3937,1.3847,0.003316989,-0.002517261,-0.002219359,0.000144456,1.37844,1.3773,1.381765,1.374355,0.00081721,0.000687312,0.000804236,0.000636043,1.391425
3/17/2014,1.392,1.391,1.3949,1.3878,0.00043122,0.002956233,0.000861017,0.002238752,1.37951,1.378415,1.382885,1.37531,0.000780334,0.000813195,0.000814478,0.000696785,1.391975
3/18/2014,1.3933,1.3923,1.3943,1.388,0.000933908,0.000934579,-0.000430138,0.000144113,1.38039,1.379495,1.383745,1.37624,0.00064098,0.000786862,0.000625394,0.000678418,1.387725
3/19/2014,1.3832,1.3933,1.3935,1.3809,-0.007248977,0.000718236,-0.000573765,-0.005115274,1.38089,1.380365,1.38455,1.376665,0.000369394,0.00063309,0.000585813,0.000313118,1.38015
3/20/2014,1.3778,1.3833,1.3846,1.3749,-0.003903991,-0.007177205,-0.006386796,-0.004344992,1.38119,1.380865,1.384965,1.376975,0.00022517,0.000368713,0.000306404,0.000230669,1.3787
3/21/2014,1.3791,1.3779,1.3813,1.3765,0.000943533,-0.003903709,-0.00238336,0.001163721,1.38146,1.38117,1.385235,1.37729,0.000203094,0.000228141,0.000201768,0.000234058,1.38165
3/24/2014,1.3838,1.3792,1.3876,1.376,0.00340802,0.000943465,0.004560921,-0.00036324,1.38198,1.381445,1.38576,1.37755,0.000384415,0.000206062,0.000386206,0.000194001,1.3815
3/25/2014,1.3825,1.3838,1.3848,1.3749,-0.000939442,0.003335267,-0.002017873,-0.000799419,1.38238,1.38196,1.38616,1.37772,0.000297396,0.000380105,0.000296205,0.000128498,1.380325
3/26/2014,1.3781,1.3827,1.3829,1.3776,-0.00318264,-0.000794913,-0.001372039,0.001963779,1.38285,1.38237,1.386515,1.378295,0.00034925,0.000303956,0.000263919,0.000423552,1.376225
3/27/2014,1.3739,1.3783,1.3798,1.3729,-0.003047674,-0.00318218,-0.002241666,-0.003411731,1.383005,1.382845,1.38687,1.378725,0.000120151,0.000352195,0.000264497,0.000318846,1.3743
3/28/2014,1.3752,1.3741,1.3773,1.3706,0.000946212,-0.003047232,-0.001811857,-0.001675286,1.382755,1.38301,1.38661,1.37879,-0.000175404,0.000126777,-0.000183056,5.18377E-05,1.376725
3/31/2014,1.377,1.3756,1.3808,1.3735,0.001308901,0.001091624,0.002541204,0.002115862,1.382935,1.38286,1.38668,1.378835,0.000136382,-0.000103148,5.61195E-05,3.71312E-05,1.37865
4/1/2014,1.3792,1.3769,1.3817,1.3768,0.001597676,0.000945042,0.000651796,0.002402621,1.383185,1.38303,1.38685,1.37907,0.000187141,0.000129075,0.000128582,0.000175476,1.3783
4/2/2014,1.3766,1.3793,1.3821,1.3752,-0.001885151,0.001743046,0.000289498,-0.001162115,1.383355,1.383275,1.387215,1.379295,0.000129269,0.000183464,0.000270025,0.000168387,1.374775
4/3/2014,1.3718,1.3768,1.3807,1.3698,-0.003486852,-0.001812514,-0.001012951,-0.003926702,1.382655,1.38345,1.38689,1.37918,-0.000503856,0.000132856,-0.000231598,-7.90171E-05,1.370675
4/4/2014,1.3702,1.372,1.3733,1.3672,-0.001166351,-0.003486345,-0.0053596,-0.001898087,1.381785,1.382745,1.385975,1.378275,-0.000627118,-0.000507492,-0.00065817,-0.000654936,1.3719
4/7/2014,1.374,1.3697,1.375,1.3689,0.002773318,-0.001676385,0.001237894,0.001243417,1.381105,1.38185,1.385235,1.377415,-0.000488452,-0.00064542,-0.000531602,-0.00062164,1.377125
4/8/2014,1.3794,1.3742,1.3812,1.3737,0.003930131,0.003285391,0.004509091,0.003506465,1.38078,1.38118,1.38489,1.376935,-0.000230689,-0.00048115,-0.000244988,-0.000345314,1.382325
4/9/2014,1.3855,1.3796,1.3863,1.3779,0.004422213,0.003929559,0.003692441,0.003057436,1.38054,1.380865,1.38463,1.376615,-0.00016832,-0.000223416,-0.000182835,-0.000228587,1.38695
4/10/2014,1.3887,1.3855,1.39,1.3836,0.002309636,0.004276602,0.002668975,0.00413673,1.380635,1.38062,1.38429,1.37657,7.30339E-05,-0.000171935,-0.000239828,-2.89746E-05,1.388475
4/11/2014,1.3883,1.3887,1.3906,1.3863,-0.000288039,0.002309636,0.000431655,0.001951431,1.38048,1.38071,1.384135,1.37665,-0.000107218,6.94099E-05,-0.000107278,6.13741E-05,1.3832
4/14/2014,1.3818,1.3837,1.3865,1.3808,-0.004681985,-0.00360049,-0.002948368,-0.003967395,1.37997,1.380345,1.383715,1.3763,-0.000362878,-0.000258426,-0.000297747,-0.000248933,1.381425
4/15/2014,1.3812,1.3821,1.3834,1.379,-0.000434216,-0.00115632,-0.002235846,-0.001303592,1.379365,1.379835,1.38317,1.37585,-0.000431284,-0.000362971,-0.000388032,-0.000321319,1.382025
4/16/2014,1.3814,1.3813,1.3851,1.3803,0.000144802,-0.000578829,0.001228856,0.000942712,1.379275,1.379235,1.38275,1.37582,-6.15951E-05,-0.000427825,-0.000297901,-1.84192E-05,1.382625
4/17/2014,1.3814,1.3815,1.3866,1.381,0,0.000144791,0.001082954,0.000507136,1.379455,1.379145,1.38285,1.376125,0.000133604,-6.17247E-05,7.55863E-05,0.000224187,1.38145
4/18/2014,1.3813,1.3814,1.3824,1.3807,-7.23903E-05,-7.23851E-05,-0.003028992,-0.000217234,1.379565,1.37932,1.382905,1.376335,8.28083E-05,0.000129841,4.33047E-05,0.000155139,1.3806
4/21/2014,1.3791,1.3814,1.3832,1.3787,-0.001592703,0,0.000578704,-0.001448541,1.37933,1.37943,1.382685,1.37647,-0.000167228,8.26682E-05,-0.000155806,0.000100874,1.38015
4/22/2014,1.3803,1.3792,1.3826,1.3785,0.000870133,-0.001592587,-0.000433777,-0.000145064,1.37922,1.3792,1.382575,1.37665,-7.67491E-05,-0.000163724,-7.66013E-05,0.000133592,1.3819
4/23/2014,1.3816,1.3805,1.3855,1.38,0.000941824,0.000942575,0.002097497,0.001088139,1.379395,1.37909,1.382705,1.37677,0.000129474,-7.68501E-05,9.68755E-05,8.98102E-05,1.382025
4/24/2014,1.383,1.3817,1.3843,1.3791,0.001013318,0.00086925,-0.000866113,-0.000652174,1.37985,1.37926,1.38293,1.37708,0.000332524,0.000125721,0.000165653,0.000227788,1.383425
4/25/2014,1.3831,1.3832,1.3849,1.3825,7.23066E-05,0.001085619,0.000433432,0.002465376,1.380245,1.379715,1.38331,1.377675,0.000288828,0.000332364,0.000277918,0.000434821,1.384525
4/28/2014,1.3849,1.3837,1.3881,1.3814,0.001301424,0.000361481,0.002310636,-0.00079566,1.38064,1.38012,1.383675,1.37807,0.000288455,0.000295857,0.000266389,0.000289245,1.383625
4/29/2014,1.3811,1.3849,1.388,1.3805,-0.00274388,0.00086724,-7.20409E-05,-0.000651513,1.380735,1.38052,1.38399,1.378255,7.13769E-05,0.000291967,0.000230197,0.000136538,1.383325
4/30/2014,1.3866,1.3813,1.3877,1.3777,0.003982333,-0.002599466,-0.000216138,-0.002028251,1.381235,1.38062,1.38427,1.37838,0.000364751,7.48412E-05,0.000204916,9.32315E-05,1.3872
5/1/2014,1.3869,1.3867,1.389,1.3862,0.000216357,0.003909361,0.000936802,0.006169703,1.38199,1.381115,1.384685,1.3792,0.000549911,0.000360935,0.000302403,0.000598052,1.38585
5/2/2014,1.387,1.387,1.3883,1.3811,7.21033E-05,0.000216341,-0.00050396,-0.003679123,1.38283,1.381865,1.385435,1.379895,0.000611834,0.000546069,0.000545185,0.000509,1.387575
5/5/2014,1.3874,1.3871,1.3894,1.3864,0.000288392,7.20981E-05,0.000792336,0.003837521,1.3835,1.382735,1.386155,1.38077,0.000487588,0.000633493,0.000522907,0.000638705,1.390625
5/6/2014,1.3927,1.3876,1.3952,1.387,0.003820095,0.000360464,0.004174464,0.000432776,1.384165,1.383405,1.386855,1.381435,0.000482086,0.000487247,0.000506176,0.000485021,1.392175
5/7/2014,1.391,1.3928,1.3939,1.391,-0.001220651,0.003747478,-0.000931766,0.002883922,1.38444,1.384065,1.387235,1.38209,0.000199943,0.000478143,0.000274966,0.000476345,1.38945
5/8/2014,1.384,1.3912,1.3994,1.3832,-0.005032351,-0.001148765,0.003945764,-0.005607477,1.384205,1.38435,1.387705,1.38207,-0.000167156,0.000206875,0.000338805,-1.08653E-05,1.379675
5/9/2014,1.3757,1.3839,1.3846,1.3745,-0.00599711,-0.005247269,-0.010575961,-0.006289763,1.383575,1.38411,1.387405,1.38148,-0.00045261,-0.000170971,-0.000211576,-0.000422925,1.375825
5/12/2014,1.3756,1.3754,1.3775,1.3748,-7.26903E-05,-0.006142062,-0.005127835,0.000218261,1.383265,1.383695,1.386955,1.38118,-0.000222145,-0.000298049,-0.000320549,-0.000213642,1.37305
5/13/2014,1.3702,1.3758,1.3773,1.3689,-0.00392556,0.000290824,-0.000145191,-0.004291533,1.382715,1.38338,1.38665,1.380675,-0.000396712,-0.000225692,-0.000216016,-0.000363039,1.371175
5/14/2014,1.3714,1.3704,1.3732,1.3697,0.000875785,-0.003924989,-0.002976839,0.000584411,1.382215,1.382835,1.386055,1.380145,-0.000360163,-0.000393,-0.000426301,-0.000380954,1.37015
5/15/2014,1.371,1.3715,1.3733,1.3648,-0.000291673,0.000802685,7.28226E-05,-0.003577426,1.381695,1.382335,1.38539,1.379335,-0.000374747,-0.000360105,-0.000476808,-0.000585182,1.370375
5/16/2014,1.3692,1.371,1.3728,1.3685,-0.00131291,-0.000364564,-0.000364087,0.00271102,1.38109,1.381815,1.38491,1.378725,-0.000436773,-0.000374714,-0.000343562,-0.00043877,1.37085
5/19/2014,1.3707,1.3703,1.3735,1.3689,0.00109553,-0.000510576,0.000509907,0.000292291,1.38067,1.38126,1.384425,1.378235,-0.000302361,-0.000400243,-0.000347002,-0.000351728,1.370075
5/20/2014,1.3702,1.3709,1.3714,1.3678,-0.000364777,0.00043786,-0.001528941,-0.000803565,1.380165,1.380845,1.383865,1.3777,-0.000364107,-0.000298721,-0.000401761,-0.000384653,1.3687
5/21/2014,1.3686,1.3703,1.3724,1.3635,-0.001167713,-0.000437669,0.000729182,-0.003143734,1.379515,1.380335,1.38321,1.376875,-0.000469584,-0.000367733,-0.000470176,-0.000596247,1.36685
5/22/2014,1.3654,1.3686,1.3689,1.3645,-0.002338156,-0.001240604,-0.002550277,0.000733407,1.378635,1.37968,1.38244,1.376145,-0.000637157,-0.000473226,-0.000554384,-0.000526968,1.3641
5/23/2014,1.3633,1.3655,1.3661,1.3615,-0.001538011,-0.002265088,-0.002045438,-0.002198608,1.377645,1.378795,1.3815,1.375095,-0.000717673,-0.000640761,-0.000678328,-0.000760167,1.36355
5/26/2014,1.3645,1.3627,1.3655,1.3615,0.000880217,-0.002050531,-0.000439207,0,1.376625,1.377745,1.38037,1.3741,-0.000738733,-0.000761362,-0.00081582,-0.000720384,1.364
5/27/2014,1.3632,1.3646,1.367,1.3612,-0.00095273,0.001394291,0.001098499,-0.000220345,1.37573,1.37673,1.37932,1.373135,-0.000649176,-0.000735009,-0.000757293,-0.000698826,1.36125
5/28/2014,1.3589,1.3634,1.3639,1.3588,-0.003154343,-0.000879379,-0.00226774,-0.00176315,1.374345,1.375835,1.37813,1.37219,-0.00100601,-0.000649005,-0.000859873,-0.000685571,1.360075
5/29/2014,1.3601,1.359,1.3626,1.3586,0.000883067,-0.003227226,-0.000953149,-0.000147189,1.373005,1.37445,1.37681,1.37081,-0.000972674,-0.001005834,-0.000954371,-0.001001415,1.362025
5/30/2014,1.363,1.3602,1.3651,1.3598,0.002132196,0.000883002,0.001834728,0.000883262,1.371805,1.37311,1.37565,1.369745,-0.00086967,-0.000972501,-0.000837436,-0.000773296,1.3616
6/2/2014,1.3594,1.3635,1.3647,1.3588,-0.002641233,0.002426114,-0.000293019,-0.000735402,1.370405,1.37193,1.374415,1.368365,-0.001016151,-0.0008548,-0.000891704,-0.001001942,1.361475
6/3/2014,1.3627,1.3598,1.3648,1.3586,0.002427542,-0.002713605,7.32762E-05,-0.000147189,1.368905,1.37054,1.372895,1.366945,-0.001085778,-0.001008504,-0.001096763,-0.00103094,1.36155
6/4/2014,1.3598,1.3628,1.364,1.3596,-0.002128128,0.002206207,-0.000586166,0.000736052,1.367345,1.36904,1.3714,1.365375,-0.001131152,-0.001085567,-0.001079484,-0.001138334,1.36075
6/5/2014,1.3658,1.3599,1.367,1.3503,0.004412414,-0.002127972,0.002199413,-0.006840247,1.366435,1.367475,1.36978,1.36373,-0.000658914,-0.001134528,-0.001166801,-0.001199972,1.365025
6/6/2014,1.3641,1.3661,1.3678,1.3621,-0.001244692,0.004559159,0.000585223,0.008738799,1.365855,1.366585,1.36894,1.36311,-0.000421293,-0.000644206,-0.000608742,-0.000448544,1.362225
6/9/2014,1.3592,1.3645,1.367,1.3582,-0.003592112,-0.001171217,-0.000584881,-0.002863226,1.365035,1.36604,1.368415,1.36228,-0.000597264,-0.000395664,-0.000381594,-0.000602619,1.356925
6/10/2014,1.3547,1.3594,1.3603,1.3533,-0.003310771,-0.003737633,-0.004901244,-0.003607716,1.36426,1.36522,1.367565,1.3615,-0.000566525,-0.000597087,-0.000619397,-0.000568428,1.353975
6/11/2014,1.3532,1.3548,1.3558,1.3521,-0.001107256,-0.003383846,-0.003308094,-0.000886721,1.36335,1.36444,1.366695,1.36062,-0.000665677,-0.00057003,-0.00063596,-0.000641984,1.354225
6/12/2014,1.3551,1.3533,1.3573,1.3512,0.001404079,-0.001107174,0.001106358,-0.000665631,1.362555,1.36353,1.365895,1.35994,-0.000580889,-0.000665523,-0.000584283,-0.000496395,1.354875
6/13/2014,1.3542,1.3552,1.358,1.3521,-0.000664158,0.001403975,0.00051573,0.000666075,1.361805,1.36274,1.365155,1.35912,-0.000548452,-0.000577096,-0.000540292,-0.000598642,1.3551
6/16/2014,1.3573,1.3537,1.3581,1.3513,0.002289174,-0.001106848,7.36377E-05,-0.000591672,1.361135,1.36191,1.364385,1.35824,-0.000488769,-0.000606909,-0.000562105,-0.00064284,1.356075
6/17/2014,1.3545,1.3574,1.3588,1.3536,-0.002062919,0.00273325,0.000515426,0.001702065,1.36035,1.361235,1.363755,1.35753,-0.000573677,-0.00049214,-0.000459887,-0.000517559,1.3571
6/18/2014,1.3595,1.3548,1.36,1.3541,0.003691399,-0.001915427,0.000883132,0.000369385,1.359895,1.36046,1.363135,1.35706,-0.000330721,-0.000566028,-0.00045219,-0.000341903,1.3608
6/19/2014,1.3608,1.3596,1.3644,1.3584,0.000956234,0.003542958,0.003235294,0.003175541,1.359665,1.36001,1.36291,1.356755,-0.000166001,-0.000326849,-0.000162911,-0.000219796,1.36015
6/20/2014,1.3599,1.3609,1.3634,1.3564,-0.000661376,0.000956164,-0.000732923,-0.00147232,1.359495,1.35978,1.362775,1.3565,-0.00012217,-0.000165787,-9.72852E-05,-0.000183482,1.35965
6/23/2014,1.3603,1.3595,1.3615,1.3573,0.000294139,-0.001028731,-0.001393575,0.000663521,1.359285,1.35962,1.362575,1.35629,-0.000151474,-0.000114697,-0.000145004,-0.000150305,1.360575
6/24/2014,1.3605,1.3606,1.3629,1.3583,0.000147026,0.000809121,0.001028278,0.000736757,1.35915,1.35942,1.36237,1.356145,-9.64858E-05,-0.000143955,-0.000148515,-0.00010245,1.3622
6/25/2014,1.3629,1.3607,1.3652,1.36,0.001764057,7.3497E-05,0.001687578,0.001251564,1.35935,1.359285,1.362435,1.356205,0.000149434,-9.63116E-05,4.92512E-05,4.82853E-05,1.36145
6/26/2014,1.3611,1.3629,1.3643,1.3575,-0.001320713,0.001616815,-0.000659244,-0.001838235,1.3594,1.35948,1.36252,1.35615,3.92452E-05,0.00014589,6.39464E-05,-3.6267E-05,1.36295
6/27/2014,1.3647,1.3611,1.3651,1.3609,0.00264492,-0.001320713,0.000586381,0.002504604,1.359485,1.359525,1.36252,1.356205,6.48814E-05,3.57047E-05,1.52909E-06,4.48001E-05,1.3669
6/30/2014,1.3691,1.3647,1.3698,1.364,0.003224152,0.00264492,0.003442971,0.002277904,1.35997,1.359585,1.362775,1.356465,0.000358151,4.6645E-05,0.000188329,0.000195465,1.368675
7/1/2014,1.3679,1.3692,1.3701,1.3675,-0.000876488,0.003297428,0.00021901,0.002565982,1.36023,1.360055,1.36304,1.35691,0.000192949,0.000347197,0.000195615,0.000331124,1.3666
7/2/2014,1.3659,1.3679,1.3684,1.3642,-0.001462095,-0.00094946,-0.001240785,-0.002413163,1.360535,1.36031,1.36326,1.35714,0.000226251,0.000189413,0.000162884,0.000173663,1.3633
7/3/2014,1.361,1.366,1.3666,1.3596,-0.003587378,-0.00138899,-0.001315405,-0.00337194,1.360295,1.360615,1.36324,1.357605,-0.000173739,0.000226362,-1.28566E-05,0.000347079,1.36005
7/4/2014,1.3593,1.3611,1.3613,1.3585,-0.001249082,-0.003587116,-0.003878238,-0.000809061,1.360055,1.360365,1.362915,1.357425,-0.000173958,-0.000180951,-0.00023603,-0.000130314,1.3597
7/7/2014,1.3604,1.3598,1.3611,1.3575,0.00080924,-0.00095511,-0.000146918,-0.000736106,1.360115,1.36013,1.36262,1.35739,4.61093E-05,-0.000170146,-0.000214132,-2.39584E-05,1.3606
7/8/2014,1.3611,1.3606,1.3619,1.3588,0.000514555,0.000588322,0.00058776,0.000957643,1.360435,1.36019,1.3627,1.357665,0.000237376,4.61518E-05,6.03187E-05,0.00020431,1.3627
7/9/2014,1.3644,1.3613,1.3649,1.3602,0.00242451,0.000514479,0.002202805,0.001030321,1.360995,1.360515,1.363155,1.35807,0.000413964,0.000241068,0.000335864,0.000300162,1.36235
7/10/2014,1.3609,1.3645,1.3651,1.3589,-0.00256523,0.002350694,0.000146531,-0.000955742,1.361285,1.361075,1.363545,1.358455,0.000215498,0.000413961,0.000287872,0.000285656,1.360875
7/11/2014,1.3608,1.3609,1.3626,1.3592,-7.34808E-05,-0.002638329,-0.001831368,0.000220767,1.361615,1.36136,1.363775,1.35881,0.000245032,0.000211846,0.000170517,0.000263391,1.361525
7/14/2014,1.3619,1.3604,1.3641,1.3597,0.000808348,-0.000367404,0.001100837,0.000367863,1.361845,1.361695,1.364075,1.35923,0.000170991,0.000248818,0.000221877,0.000311368,1.359525
7/15/2014,1.3571,1.362,1.3628,1.3562,-0.003524488,0.001176125,-0.000953009,-0.002574097,1.361975,1.361925,1.364275,1.35936,9.79124E-05,0.000170962,0.000148456,9.75594E-05,1.35475
7/16/2014,1.3525,1.3569,1.3575,1.3521,-0.003389581,-0.003744493,-0.003889052,-0.003023153,1.361625,1.36203,1.36415,1.35926,-0.000256137,7.95088E-05,-9.01536E-05,-7.20675E-05,1.352725
7/17/2014,1.3526,1.3525,1.3542,1.3516,7.39372E-05,-0.003242686,-0.002430939,-0.000369795,1.361215,1.361675,1.36364,1.35892,-0.000300251,-0.000259773,-0.000373465,-0.000249334,1.351975
7/18/2014,1.3524,1.3527,1.3537,1.3491,-0.000147863,0.000147874,-0.000369222,-0.00184966,1.36084,1.361265,1.363155,1.358555,-0.000274576,-0.000300188,-0.00035528,-0.000268201,1.352825
7/21/2014,1.3523,1.3528,1.355,1.3512,-7.39426E-05,7.39262E-05,0.000960331,0.001556593,1.36044,1.36093,1.36283,1.35825,-0.00029298,-0.000245055,-0.000237585,-0.000223548,1.349425
7/22/2014,1.3464,1.3524,1.353,1.3459,-0.004362937,-0.000295683,-0.001476015,-0.003922439,1.359735,1.36052,1.362335,1.35763,-0.000518478,-0.000300295,-0.0003628,-0.000456507,1.3465
7/23/2014,1.3464,1.3466,1.3475,1.3455,0,-0.004288672,-0.004065041,-0.000297199,1.35891,1.359815,1.36145,1.356905,-0.000606681,-0.000518404,-0.000650431,-0.000533946,1.346275
7/24/2014,1.3463,1.3464,1.3486,1.3438,-7.42721E-05,-0.000148522,0.000816327,-0.001263471,1.35817,1.35899,1.360665,1.35622,-0.000544359,-0.000606671,-0.000576652,-0.000505207,1.344775
7/25/2014,1.3429,1.3464,1.3477,1.3421,-0.00252544,0,-0.000667359,-0.001265069,1.35708,1.358255,1.359795,1.35528,-0.000802877,-0.000540635,-0.000639339,-0.000693691,1.34355
7/28/2014,1.3439,1.3432,1.3445,1.3426,0.000744657,-0.002376708,-0.002374416,0.00037255,1.35582,1.35718,1.35853,1.35421,-0.000926852,-0.000791716,-0.000930208,-0.000788959,1.342475
7/29/2014,1.3409,1.344,1.3446,1.3404,-0.002232309,0.000595593,7.43771E-05,-0.001638612,1.35447,1.35592,1.357255,1.352855,-0.000994643,-0.000926808,-0.00093744,-0.000999188,1.339725
7/30/2014,1.3396,1.3409,1.3417,1.3367,-0.000969498,-0.002306548,-0.002156775,-0.00276037,1.353155,1.35457,1.35592,1.35148,-0.000970013,-0.000994662,-0.000983239,-0.001016549,1.33895
7/31/2014,1.3388,1.3397,1.3402,1.3371,-0.000597193,-0.000894921,-0.001117985,0.000299244,1.352045,1.353255,1.3546,1.350355,-0.000820504,-0.000969959,-0.000973368,-0.00083299,1.341075
8/1/2014,1.3429,1.339,1.3446,1.3378,0.003062444,-0.000522505,0.003283092,0.000523521,1.351225,1.35215,1.353765,1.34932,-0.000604927,-0.000816728,-0.000615302,-0.00076636,1.3423
8/4/2014,1.3421,1.3428,1.3434,1.3409,-0.000595726,0.002837939,-0.000892459,0.002317237,1.35031,1.3513,1.35288,1.34849,-0.000675176,-0.000627076,-0.000652579,-0.000613693,1.339525
8/5/2014,1.3375,1.3422,1.3426,1.3358,-0.003427464,-0.000446828,-0.000595504,-0.003803416,1.34913,1.35038,1.351915,1.34734,-0.000872276,-0.000678833,-0.000711742,-0.000851746,1.336975
8/6/2014,1.3381,1.3377,1.3388,1.3333,0.000448598,-0.003352705,-0.002830329,-0.001871538,1.347815,1.3492,1.35061,1.345995,-0.000971072,-0.000872193,-0.000963399,-0.000996839,1.3369
8/7/2014,1.3362,1.3383,1.3394,1.3337,-0.001419924,0.000448531,0.000448163,0.000300008,1.34658,1.34789,1.349325,1.344735,-0.000913807,-0.000967301,-0.000948317,-0.000934052,1.33875
8/8/2014,1.341,1.3364,1.3433,1.3343,0.003592277,-0.001419712,0.002911752,0.000449876,1.34559,1.346665,1.34836,1.34349,-0.000730519,-0.00090637,-0.000711161,-0.000922596,1.339525
8/11/2014,1.3385,1.3401,1.3415,1.338,-0.00186428,0.002768632,-0.001339984,0.00277299,1.34442,1.34565,1.34723,1.342405,-0.00086415,-0.000749568,-0.000833202,-0.00080234,1.336975
8/12/2014,1.3369,1.3386,1.3388,1.3336,-0.001195368,-0.001119319,-0.002012672,-0.00328849,1.34341,1.34448,1.34603,1.341275,-0.000747694,-0.00086434,-0.000886185,-0.00083806,1.337275
8/13/2014,1.3364,1.3369,1.3416,1.3342,-0.000374,-0.001269984,0.002091425,0.00044991,1.342605,1.34348,1.345235,1.34038,-0.000596915,-0.000740615,-0.000587162,-0.000664406,1.337075
8/14/2014,1.3362,1.3364,1.3409,1.3348,-0.000149656,-0.000374,-0.000521765,0.000449708,1.341785,1.342675,1.34457,1.33954,-0.000608095,-0.000597181,-0.000491703,-0.000623431,1.338375
8/15/2014,1.3398,1.3366,1.3413,1.3358,0.002694207,0.000149656,0.000298307,0.000749176,1.341155,1.34187,1.34395,1.338875,-0.000465991,-0.000597091,-0.000458326,-0.00049349,1.33765
8/18/2014,1.3362,1.3392,1.34,1.3352,-0.002686968,0.001945234,-0.000969209,-0.000449169,1.34035,1.34119,1.3432,1.338075,-0.000596643,-0.000503526,-0.000554803,-0.000593778,1.334025
8/19/2014,1.3319,1.3363,1.3367,1.3312,-0.003218081,-0.002165472,-0.002462687,-0.002995806,1.339625,1.340385,1.342385,1.33734,-0.0005394,-0.000597015,-0.000604137,-0.000547446,1.328925
8/20/2014,1.3258,1.3319,1.3325,1.3255,-0.004579923,-0.003292674,-0.003142066,-0.004281851,1.338595,1.33965,1.341635,1.33634,-0.000768396,-0.000547216,-0.000557988,-0.000746679,1.3268
8/21/2014,1.3281,1.326,1.3289,1.3242,0.001734802,-0.004429762,-0.002701689,-0.000980762,1.337685,1.33863,1.34065,1.33536,-0.000677942,-0.000761278,-0.000733889,-0.000732543,1.326075
8/22/2014,1.3242,1.3282,1.3299,1.322,-0.002936526,0.001659125,0.000752502,-0.00166138,1.33675,1.33772,1.33976,1.334355,-0.000698497,-0.000678321,-0.000662896,-0.000752359,1.3203
8/25/2014,1.3191,1.3219,1.3219,1.3183,-0.003851382,-0.004743262,-0.00601549,-0.00279879,1.33551,1.336655,1.33863,1.33314,-0.000928299,-0.000796649,-0.00084495,-0.000910926,1.318475
8/26/2014,1.3167,1.3192,1.3216,1.3164,-0.001819422,-0.002042515,-0.000226946,-0.00144125,1.3343,1.335415,1.33748,1.33194,-0.000907654,-0.000928554,-0.000860016,-0.000901058,1.3181
8/27/2014,1.3192,1.3169,1.3211,1.3152,0.001898686,-0.001743481,-0.000378329,-0.000911577,1.33328,1.334215,1.33645,1.330865,-0.000764245,-0.000900401,-0.000771094,-0.000808618,1.3189
8/28/2014,1.3182,1.3193,1.3222,1.3159,-0.000758035,0.001822462,0.000832639,0.000532238,1.33225,1.333195,1.33555,1.329805,-0.000772287,-0.000764532,-0.000673562,-0.000796968,1.316
8/29/2014,1.3132,1.3179,1.3198,1.3131,-0.003793051,-0.001061169,-0.001815157,-0.002127821,1.330765,1.33214,1.33431,1.32857,-0.001115062,-0.000791465,-0.000928475,-0.000929535,1.31325
9/1/2014,1.3127,1.3138,1.3146,1.3119,-0.000380749,-0.00311101,-0.003939991,-0.000913868,1.329295,1.33069,1.33287,1.32712,-0.001104313,-0.001088912,-0.001080851,-0.001091091,1.3127
9/2/2014,1.3131,1.3129,1.3138,1.311,0.000304715,-0.000685036,-0.00060855,-0.000686028,1.328075,1.329225,1.33143,1.32588,-0.000917704,-0.001100823,-0.001081504,-0.000935221,1.3141
9/3/2014,1.315,1.3131,1.3161,1.3122,0.001446958,0.000152335,0.001750647,0.000915332,1.32692,1.327995,1.330295,1.324825,-0.000867786,-0.000925571,-0.000852455,-0.000795878,1.30415
9/4/2014,1.2944,1.3147,1.3155,1.292,-0.015665399,0.001218491,-0.000455892,-0.015393995,1.32483,1.326815,1.3291,1.32274,-0.00158006,-0.000887073,-0.000897658,-0.001580578,1.295075
9/5/2014,1.295,1.2944,1.2987,1.2922,0.000463535,-0.015440785,-0.01277081,0.000154799,1.32253,1.324715,1.32687,1.320635,-0.001736497,-0.001588127,-0.001681786,-0.001595332,1.292075
9/8/2014,1.2896,1.2943,1.2963,1.2881,-0.004169884,-7.72559E-05,-0.001848002,-0.003172883,1.320085,1.322425,1.32461,1.31814,-0.001851777,-0.001730421,-0.001707187,-0.001892625,1.291275
9/9/2014,1.2935,1.2898,1.2959,1.2859,0.003024194,-0.003476783,-0.000308571,-0.001707942,1.317915,1.319985,1.322465,1.315755,-0.001640799,-0.001848294,-0.001621982,-0.001813598,1.2925
9/10/2014,1.2916,1.2938,1.2963,1.2883,-0.001468883,0.003101256,0.000308666,0.001866397,1.315675,1.31783,1.3202,1.31346,-0.001695543,-0.001629732,-0.00171112,-0.001742774,1.292325
9/11/2014,1.2925,1.2918,1.2953,1.2897,0.00069681,-0.001545834,-0.000771426,0.001086703,1.31349,1.3156,1.31792,1.311205,-0.00165322,-0.001688324,-0.001723603,-0.001710924,1.29445
9/12/2014,1.2964,1.2925,1.298,1.2909,0.003017408,0.00054188,0.002084459,0.000930449,1.31132,1.313395,1.315755,1.30896,-0.00163706,-0.001668713,-0.001634295,-0.00170186,1.29515
9/15/2014,1.294,1.2976,1.2982,1.2908,-0.00185128,0.003945841,0.000154083,-7.74653E-05,1.30921,1.311315,1.313665,1.30674,-0.001595275,-0.001568682,-0.00157813,-0.001683275,1.295425
9/16/2014,1.2959,1.294,1.2996,1.2922,0.001468315,-0.002774353,0.001078416,0.001084599,1.30741,1.3092,1.31181,1.30479,-0.001360956,-0.001599126,-0.001401075,-0.001479255,1.291475
9/17/2014,1.2865,1.296,1.2982,1.2852,-0.007253646,0.001545595,-0.001077255,-0.005417118,1.305445,1.307405,1.310095,1.302775,-0.001494642,-0.001357213,-0.001297835,-0.001536018,1.28885
9/18/2014,1.2922,1.2866,1.2931,1.2835,0.004430626,-0.007253086,-0.003928516,-0.001322751,1.30365,1.305435,1.308305,1.30074,-0.001359851,-0.001498379,-0.001359176,-0.001553118,1.287725
9/19/2014,1.2828,1.2923,1.293,1.2828,-0.007274416,0.004430281,-7.73335E-05,-0.000545384,1.30158,1.30364,1.30646,1.29878,-0.001576745,-0.001359821,-0.001400668,-0.001497318,1.284
9/22/2014,1.2849,1.2827,1.2868,1.2816,0.001637044,-0.007428616,-0.00479505,-0.000935454,1.29987,1.30168,1.304705,1.296945,-0.001302324,-0.001494089,-0.001339646,-0.001404151,1.285925
9/23/2014,1.2845,1.2849,1.2902,1.2841,-0.000311308,0.001715132,0.002642213,0.001950687,1.29826,1.299965,1.303135,1.29533,-0.001226918,-0.001306207,-0.001196188,-0.001234554,1.2816
9/24/2014,1.2779,1.2847,1.2864,1.2774,-0.005138186,-0.000155654,-0.00294528,-0.005217662,1.296195,1.298355,1.3014,1.29344,-0.001578762,-0.001226815,-0.001324535,-0.001449858,1.275275
9/25/2014,1.2749,1.278,1.2784,1.2698,-0.002347602,-0.005215225,-0.006218905,-0.005949585,1.29403,1.29629,1.29921,1.291135,-0.00165824,-0.0015787,-0.001677113,-0.00177395,1.2718
9/26/2014,1.2683,1.2751,1.2761,1.2677,-0.005176877,-0.002269171,-0.001799124,-0.001653804,1.291785,1.29415,1.297025,1.288865,-0.001727431,-0.0016391,-0.001676311,-0.001750249,1.26875
9/29/2014,1.2684,1.2685,1.2717,1.2664,7.88457E-05,-0.005176065,-0.003448006,-0.001025479,1.28957,1.291885,1.29488,1.28659,-0.001704452,-0.001742353,-0.001651712,-0.001755829,1.26475
9/30/2014,1.2631,1.2685,1.2703,1.2571,-0.004178493,0,-0.001100889,-0.007343651,1.28707,1.289665,1.292705,1.283895,-0.001928612,-0.001708101,-0.001676329,-0.00208871,1.262
10/1/2014,1.2623,1.2632,1.2641,1.2584,-0.000633362,-0.004178163,-0.004880737,0.001034126,1.284435,1.28717,1.290105,1.281205,-0.002032628,-0.001924626,-0.002007898,-0.002082771,1.2651
10/2/2014,1.2668,1.2622,1.27,1.2614,0.003564921,-0.00079164,0.004667352,0.00238398,1.283055,1.284545,1.28783,1.279675,-0.001071112,-0.002025132,-0.001751736,-0.001193872,1.259025
10/3/2014,1.2516,1.2668,1.2677,1.25,-0.011998737,0.00364443,-0.001811024,-0.009037577,1.280885,1.283165,1.28628,1.277565,-0.001694226,-0.001070871,-0.001203746,-0.001653491,1.258475
10/6/2014,1.2652,1.2509,1.2675,1.2503,0.010866091,-0.01255131,-0.000157766,0.00024,1.279665,1.280995,1.28484,1.275675,-0.000942427,-0.001694574,-0.001119235,-0.001482847,1.264775
10/7/2014,1.2668,1.2656,1.2683,1.2584,0.001264622,0.011751539,0.000631164,0.006478445,1.27833,1.279785,1.28346,1.2743,-0.001030405,-0.000933158,-0.001072248,-0.001073527,1.269375
10/8/2014,1.2733,1.267,1.275,1.2622,0.005131039,0.001106195,0.005282662,0.003019708,1.277415,1.278445,1.282395,1.272995,-0.000700409,-0.001032911,-0.000823548,-0.001015862,1.272
10/9/2014,1.269,1.2734,1.2792,1.2664,-0.003377052,0.005051302,0.003294118,0.003327523,1.27624,1.277525,1.28159,1.27183,-0.000904102,-0.000703054,-0.000620271,-0.000903821,1.266
10/10/2014,1.2627,1.2691,1.2717,1.2605,-0.004964539,-0.003376787,-0.005863039,-0.004658876,1.274555,1.276355,1.280275,1.27031,-0.0013032,-0.000898988,-0.001017646,-0.001183287,1.269275
10/13/2014,1.2752,1.2637,1.2762,1.262,0.009899422,-0.004254984,0.00353857,0.001190004,1.273615,1.27466,1.279175,1.26887,-0.000715665,-0.001309029,-0.000848421,-0.001119913,1.2705
10/14/2014,1.2658,1.2753,1.2769,1.264,-0.007371393,0.009179394,0.000548503,0.001584786,1.27211,1.273725,1.27804,1.26746,-0.00115765,-0.000711342,-0.000874917,-0.001094904,1.27515
10/15/2014,1.2836,1.2659,1.2887,1.2624,0.014062253,-0.007370815,0.009241131,-0.001265823,1.271965,1.27222,1.277565,1.26632,-9.1855E-05,-0.001157162,-0.000358998,-0.000887339,1.279875
10/16/2014,1.2807,1.2837,1.2845,1.2706,-0.002259271,0.014061142,-0.003259098,0.006495564,1.27139,1.272075,1.277135,1.265675,-0.00042635,-9.14507E-05,-0.000325527,-0.000496424,1.2788
10/17/2014,1.2761,1.2809,1.2838,1.2744,-0.003591786,-0.002181195,-0.000544959,0.002990713,1.271055,1.271505,1.276675,1.265255,-0.000242218,-0.000422024,-0.000348908,-0.000319619,1.277675
10/20/2014,1.2798,1.276,1.2818,1.2731,0.002899459,-0.003825435,-0.001557875,-0.001020088,1.2708,1.27117,1.276425,1.26483,-0.000179098,-0.000241865,-0.000187049,-0.00032385,1.27675
10/21/2014,1.2714,1.2801,1.2841,1.2714,-0.006563526,0.003213166,0.001794352,-0.001335323,1.270145,1.27093,1.27612,1.264195,-0.000491708,-0.000166964,-0.000229442,-0.000488151,1.268525
10/22/2014,1.2648,1.2716,1.274,1.2637,-0.005191128,-0.006640106,-0.007865431,-0.006056316,1.26949,1.270275,1.2755,1.26351,-0.000494355,-0.000491186,-0.00047545,-0.000530084,1.264625
10/23/2014,1.2644,1.2649,1.2678,1.2614,-0.000316256,-0.005268953,-0.004866562,-0.001820052,1.268965,1.26962,1.27497,1.26309,-0.000392788,-0.000493873,-0.000407833,-0.000323607,1.266225
10/24/2014,1.267,1.2647,1.2697,1.2635,0.002056311,-0.000158115,0.001498659,0.001664817,1.2689,1.2691,1.27465,1.26288,-3.11288E-05,-0.00038832,-0.000242944,-0.000157676,1.269225
10/27/2014,1.2697,1.2682,1.2725,1.2665,0.002131018,0.002767455,0.002205245,0.002374357,1.268965,1.269085,1.27469,1.262885,7.14798E-05,8.856E-06,3.97188E-05,1.23158E-05,1.272075
10/28/2014,1.2734,1.2699,1.2765,1.2685,0.002914074,0.001340483,0.003143418,0.001579155,1.26948,1.269155,1.275,1.263455,0.000426108,7.58801E-05,0.000251934,0.000458456,1.2692
10/29/2014,1.2631,1.2735,1.2771,1.2631,-0.008088582,0.002834869,0.000470035,-0.004256996,1.26952,1.26967,1.27565,1.26369,5.33472E-05,0.000426532,0.000519473,0.0001939,1.260825
10/30/2014,1.2612,1.2633,1.2641,1.2547,-0.001504236,-0.008009423,-0.010179313,-0.006650305,1.26924,1.269725,1.275355,1.263355,-0.000200111,6.56426E-05,-0.00022286,-0.000257814,1.256025
10/31/2014,1.2524,1.2613,1.2619,1.2485,-0.006977482,-0.001583155,-0.001740369,-0.00494142,1.26928,1.26945,1.275065,1.26328,5.09521E-05,-0.000195737,-0.000219328,-5.30063E-05,1.24905
11/3/2014,1.2482,1.2518,1.2519,1.2443,-0.003353561,-0.007531912,-0.007924558,-0.003364037,1.26843,1.269495,1.274285,1.26298,-0.000660031,5.52333E-05,-0.000607667,-0.000233208,1.252125
11/4/2014,1.2544,1.2482,1.2578,1.2481,0.004967153,-0.002875859,0.004712836,0.003053926,1.26781,1.268625,1.27376,1.262465,-0.000474904,-0.000676137,-0.000403584,-0.000404434,1.2514
11/5/2014,1.2485,1.2546,1.2568,1.2457,-0.004703444,0.005127383,-0.000795039,-0.001922923,1.26657,1.268005,1.27285,1.26164,-0.000966628,-0.000475077,-0.000707469,-0.000651566,1.243975
11/6/2014,1.2373,1.2486,1.2535,1.2365,-0.008970765,-0.004782401,-0.002625716,-0.007385406,1.264985,1.266765,1.271565,1.260145,-0.001246314,-0.000966762,-0.00100346,-0.001187212,1.2414
11/7/2014,1.2452,1.2375,1.2471,1.2358,0.00638487,-0.008889957,-0.005105704,-0.000566114,1.26411,1.265185,1.270335,1.25891,-0.000678843,-0.001242421,-0.000965594,-0.000982574,1.245
11/10/2014,1.242,1.2452,1.251,1.2418,-0.002569868,0.006222222,0.003127255,0.004855155,1.26245,1.26426,1.269075,1.2579,-0.001302308,-0.000718561,-0.000986159,-0.000799317,1.244725
11/11/2014,1.2474,1.2421,1.25,1.2394,0.004347826,-0.00248956,-0.000799361,-0.001932678,1.26153,1.2626,1.26773,1.25667,-0.000716347,-0.001302008,-0.001053553,-0.00097519,1.245775
11/12/2014,1.2438,1.2476,1.2499,1.2418,-0.002886003,0.004427985,-8E-05,0.001936421,1.25954,1.261685,1.26579,1.25564,-0.00156376,-0.000712068,-0.001519609,-0.000815078,1.245825
11/13/2014,1.2475,1.2439,1.2493,1.2426,0.002974755,-0.002965694,-0.000480038,0.000644226,1.25788,1.259695,1.26403,1.25424,-0.001302058,-0.00156341,-0.001380656,-0.001107644,1.24855
11/14/2014,1.2521,1.2476,1.2547,1.2398,0.003687375,0.002974516,0.004322421,-0.00225334,1.25668,1.25803,1.262575,1.25251,-0.0009381,-0.001305625,-0.001137287,-0.001369847,1.249975
11/17/2014,1.2449,1.2527,1.2578,1.2445,-0.005750339,0.004087849,0.00247071,0.003790934,1.254935,1.256865,1.261375,1.25108,-0.00137059,-0.00090996,-0.000935858,-0.001129296,1.249375
11/18/2014,1.2536,1.245,1.2546,1.2443,0.006988513,-0.006146723,-0.002544125,-0.000160707,1.254045,1.25511,1.2599,1.249725,-0.000692988,-0.001377955,-0.001152782,-0.001070565,1.25505
11/19/2014,1.2553,1.2537,1.26,1.2512,0.001356094,0.006987952,0.004304161,0.005545287,1.25357,1.254215,1.2592,1.2491,-0.000365627,-0.000696552,-0.000544302,-0.000490485,1.2543
11/20/2014,1.2538,1.2554,1.2576,1.2504,-0.001194933,0.001355986,-0.001904762,-0.000639386,1.25304,1.25374,1.25869,1.24855,-0.000409561,-0.000365305,-0.000396212,-0.000431452,1.24675
11/21/2014,1.2388,1.2539,1.2569,1.2374,-0.011963631,-0.001194838,-0.000556616,-0.010396673,1.25163,1.2532,1.25805,1.247245,-0.001110558,-0.000417141,-0.000498976,-0.001034526,1.2406
11/24/2014,1.2442,1.2378,1.2445,1.2359,0.004359057,-0.012839939,-0.009865542,-0.001212219,1.250355,1.25168,1.25665,1.245715,-0.000999156,-0.001197511,-0.001102515,-0.001213855,1.245125
11/25/2014,1.2474,1.2443,1.2487,1.2401,0.002571934,0.005251252,0.003374849,0.003398333,1.249055,1.2504,1.25526,1.244295,-0.001016263,-0.001001972,-0.001090944,-0.001122896,1.2489
11/26/2014,1.2505,1.2475,1.2533,1.2443,0.002485169,0.002571727,0.003683831,0.003386824,1.248425,1.2491,1.25407,1.243355,-0.000487576,-0.001015129,-0.000930254,-0.000740705,1.24905
11/27/2014,1.2466,1.2507,1.2525,1.2464,-0.003118752,0.00256513,-0.000638315,0.001687696,1.247695,1.24847,1.25349,1.24294,-0.000568302,-0.000486402,-0.000453204,-0.000323805,1.24585
11/28/2014,1.245,1.2467,1.2491,1.2426,-0.001283491,-0.003198209,-0.002714571,-0.00304878,1.247325,1.24774,1.25285,1.242645,-0.000283602,-0.000567154,-0.000501914,-0.000229173,1.246325
12/1/2014,1.2469,1.2457,1.2508,1.2419,0.001526104,-0.000802118,0.00136098,-0.000563335,1.24726,1.247435,1.252795,1.242525,-3.96188E-05,-0.000230665,-3.76372E-05,-8.91381E-05,1.24265
12/2/2014,1.2381,1.247,1.2478,1.2377,-0.007057503,0.00104359,-0.002398465,-0.003381915,1.246445,1.247375,1.252295,1.242005,-0.000640852,-3.46923E-05,-0.000393202,-0.00041093,1.234625
12/3/2014,1.231,1.2383,1.2392,1.23,-0.005734593,-0.006976744,-0.00689213,-0.006221217,1.24557,1.24656,1.251415,1.24122,-0.000692409,-0.000639899,-0.000698057,-0.000625845,1.2357
12/4/2014,1.2377,1.2312,1.2457,1.2282,0.005442729,-0.005733667,0.00524532,-0.001463415,1.24559,1.24569,1.251025,1.240805,2.82657E-05,-0.000687462,-0.000304505,-0.000329745,1.233275
12/5/2014,1.2285,1.238,1.2394,1.2272,-0.007433142,0.005523067,-0.005057397,-0.0008142,1.244755,1.245715,1.25064,1.240375,-0.000662635,3.31892E-05,-0.00030209,-0.00034215,1.229625
12/8/2014,1.2316,1.2279,1.2344,1.2246,0.002523403,-0.00815832,-0.00403421,-0.002118644,1.244235,1.24485,1.24981,1.239515,-0.000407971,-0.000685838,-0.000660163,-0.000690839,1.2358
12/9/2014,1.2374,1.2317,1.2449,1.2292,0.004709321,0.003094715,0.008506157,0.003756329,1.243735,1.24433,1.249555,1.239005,-0.000389897,-0.000406624,-0.000194887,-0.000406389,1.2408
12/10/2014,1.2447,1.2374,1.245,1.2361,0.005899467,0.00462775,8.03277E-05,0.005613407,1.24378,1.24382,1.24931,1.23872,4.93768E-05,-0.000396636,-0.000186871,-0.00022254,1.24305
12/11/2014,1.2409,1.2448,1.2496,1.2369,-0.003052944,0.005980281,0.003694779,0.000647197,1.24345,1.243865,1.249325,1.238435,-0.000252008,5.06628E-05,2.18701E-05,-0.000222391,1.24355
12/12/2014,1.246,1.2412,1.2486,1.2384,0.00410992,-0.002892031,-0.000800256,0.001212709,1.243145,1.243545,1.24902,1.238365,-0.000230881,-0.000242665,-0.000234264,-4.90888E-05,1.24495
12/15/2014,1.2436,1.2463,1.2485,1.2414,-0.001926164,0.004108927,-8.00897E-05,0.002422481,1.24308,1.243225,1.248555,1.23821,-3.96721E-05,-0.000241611,-0.000361804,-0.000117511,1.248725
12/16/2014,1.251,1.2437,1.257,1.2432,0.005950466,-0.002086175,0.00680817,0.001449976,1.24295,1.24316,1.248675,1.238155,-9.15744E-05,-3.85832E-05,0.000105811,-3.69773E-05,1.242275
12/17/2014,1.2341,1.2512,1.2517,1.2321,-0.013509193,0.006030393,-0.004216388,-0.008928571,1.24189,1.243035,1.24826,1.2372,-0.000834839,-8.64611E-05,-0.000320216,-0.00076067,1.23115
12/18/2014,1.2285,1.2342,1.2354,1.2265,-0.00453772,-0.013586957,-0.01302229,-0.004545086,1.240625,1.241975,1.24715,1.236005,-0.001001978,-0.000833608,-0.000876093,-0.000955955,1.225875
12/19/2014,1.2226,1.2286,1.2303,1.222,-0.004802605,-0.004537352,-0.004128218,-0.003668977,1.239815,1.24071,1.24582,1.235235,-0.000643927,-0.001000734,-0.001054673,-0.00061957,1.2236
12/22/2014,1.2229,1.2226,1.2273,1.2216,0.000245379,-0.004883607,-0.00243843,-0.000327332,1.23875,1.23995,1.24496,1.23452,-0.000849611,-0.000602917,-0.000683317,-0.000575326,1.220325
12/23/2014,1.2171,1.223,1.2247,1.2165,-0.004742824,0.000327172,-0.002118471,-0.004174853,1.237235,1.238885,1.24376,1.23334,-0.001215349,-0.000849121,-0.000957983,-0.000953985,1.218875
12/24/2014,1.2193,1.2172,1.2221,1.2169,0.001807575,-0.004742437,-0.002122969,0.000328812,1.235675,1.23737,1.2422,1.23197,-0.001249228,-0.00121483,-0.001248323,-0.001106886,1.221375
12/25/2014,1.2221,1.2195,1.2255,1.2184,0.0022964,0.001889583,0.002782096,0.00123264,1.23445,1.23581,1.24085,1.23057,-0.000978471,-0.001248607,-0.001077303,-0.001129639,1.21985
12/26/2014,1.2175,1.2222,1.2229,1.2168,-0.003764013,0.002214022,-0.002121583,-0.001313198,1.233075,1.234585,1.23954,1.22928,-0.001102497,-0.000977995,-0.001047653,-0.00104286,1.217425
12/29/2014,1.2151,1.2182,1.2222,1.2142,-0.001971253,-0.003272787,-0.00057241,-0.002136752,1.231485,1.23321,1.23811,1.227895,-0.001277365,-0.001101529,-0.001144323,-0.00112153,1.2155
12/30/2014,1.2156,1.2152,1.2189,1.2123,0.000411489,-0.00246265,-0.002700049,-0.001564816,1.23036,1.23162,1.236665,1.226625,-0.000903915,-0.001276841,-0.001159402,-0.001030675,1.212975
12/31/2014,1.2097,1.2155,1.2171,1.2096,-0.00485357,0.000246873,-0.001476741,-0.002227171,1.229295,1.23048,1.23556,1.225605,-0.000859864,-0.00091566,-0.000888633,-0.000830973,1.210025
1/1/2015,1.2102,1.2098,1.2107,1.2094,0.000413326,-0.004689428,-0.005258401,-0.000165344,1.22792,1.22941,1.23381,1.224665,-0.001111334,-0.000863448,-0.001413819,-0.00076607,1.205375
1/2/2015,1.2,1.2104,1.211,1.2001,-0.008428359,0.00049595,0.000247791,-0.007689764,1.226495,1.22803,1.23239,1.22331,-0.001161095,-0.001114804,-0.001148559,-0.001109848,1.195575
1/5/2015,1.1931,1.2003,1.2008,1.1881,-0.00575,-0.008344349,-0.008422791,-0.009999167,1.22457,1.22665,1.23071,1.221485,-0.001574765,-0.001124105,-0.001367988,-0.001503874,1.191875
1/6/2015,1.1888,1.1933,1.197,1.1884,-0.003604057,-0.005831875,-0.003164557,0.000252504,1.22214,1.22473,1.228315,1.219445,-0.001990434,-0.001570435,-0.001951524,-0.001679065,1.18565
1/7/2015,1.1837,1.189,1.1898,1.1801,-0.00429004,-0.003603453,-0.006015038,-0.00698418,1.21909,1.22231,1.225555,1.216645,-0.002499909,-0.001981995,-0.002256292,-0.002308945,1.18085
1/8/2015,1.1792,1.1839,1.1849,1.1754,-0.003801639,-0.004289319,-0.004118339,-0.003982713,1.216005,1.219265,1.22232,1.21357,-0.002537344,-0.002495475,-0.002646948,-0.00254044,1.181025
1/9/2015,1.1839,1.1793,1.1847,1.1762,0.003985753,-0.003885463,-0.000168791,0.000680619,1.2129,1.21617,1.219125,1.21046,-0.002543552,-0.002545147,-0.002615375,-0.002567045,1.183225
1/12/2015,1.1833,1.1838,1.1872,1.1786,-0.0005068,0.003815823,0.002110239,0.002040469,1.209885,1.213045,1.21606,1.20732,-0.002472584,-0.002559802,-0.002505858,-0.002586145,1.18045
1/13/2015,1.1772,1.1833,1.186,1.1753,-0.005155075,-0.000422369,-0.001010782,-0.002799932,1.206195,1.210025,1.21251,1.203925,-0.003027861,-0.002476611,-0.002896806,-0.002798641,1.178425
1/14/2015,1.1789,1.1773,1.1847,1.1728,0.001444105,-0.005070565,-0.001096121,-0.002127116,1.203435,1.20633,1.20916,1.20096,-0.002280196,-0.003031659,-0.002740793,-0.002458568,1.1695
1/15/2015,1.1628,1.1789,1.1795,1.1568,-0.013656799,0.001359042,-0.004389297,-0.013642565,1.20015,1.203565,1.206365,1.197475,-0.00273615,-0.00228436,-0.002309143,-0.002913442,1.15775
1/16/2015,1.1567,1.1633,1.165,1.146,-0.005245958,-0.013232675,-0.012293345,-0.0093361,1.196855,1.2003,1.2031,1.193675,-0.002758318,-0.002719126,-0.002717399,-0.003196798,1.158475
1/19/2015,1.1604,1.155,1.164,1.1545,0.003198755,-0.007134875,-0.000858369,0.007417103,1.19373,1.19692,1.199935,1.19032,-0.002610649,-0.002831689,-0.002638396,-0.002809576,1.157775
1/20/2015,1.1549,1.1606,1.1616,1.154,-0.004739745,0.004848485,-0.002061856,-0.000433088,1.19062,1.1938,1.19678,1.187195,-0.002610495,-0.002605623,-0.002635566,-0.002622488,1.159375
1/21/2015,1.1608,1.1551,1.1675,1.1541,0.005108667,-0.004738928,0.005079201,8.66551E-05,1.187695,1.190695,1.19405,1.184055,-0.002445441,-0.002605448,-0.002275457,-0.002634596,1.148525
1/22/2015,1.1365,1.1611,1.1648,1.1317,-0.020933839,0.005194355,-0.002312634,-0.019409063,1.183415,1.187775,1.191015,1.17972,-0.003606953,-0.002440209,-0.002530194,-0.003666681,1.1266
1/23/2015,1.1207,1.1367,1.1375,1.1115,-0.013902332,-0.021014555,-0.0234375,-0.017849253,1.178575,1.1835,1.186745,1.174455,-0.004113868,-0.003601638,-0.003595989,-0.004493484,1.120475
1/26/2015,1.1237,1.1187,1.1296,1.1099,0.002676898,-0.015835313,-0.006945055,-0.001439496,1.174005,1.178525,1.182115,1.16924,-0.003881461,-0.004229764,-0.003914622,-0.004458621,1.1317
1/27/2015,1.1381,1.1239,1.1424,1.1224,0.012814808,0.004648252,0.011331445,0.011262276,1.17013,1.17396,1.17829,1.164745,-0.003261295,-0.003874219,-0.003213047,-0.003817266,1.13315
1/28/2015,1.1286,1.138,1.1385,1.1275,-0.008347245,0.0125456,-0.003413866,0.004543835,1.166075,1.170085,1.17436,1.16064,-0.003435979,-0.003259283,-0.003309903,-0.003478716,1.13095
1/29/2015,1.1319,1.1288,1.1369,1.1262,0.002923977,-0.008084359,-0.001405358,-0.001152993,1.16216,1.166035,1.17067,1.15648,-0.003310446,-0.003429029,-0.003117251,-0.003528098,1.1312
1/30/2015,1.1286,1.132,1.1364,1.1278,-0.002915452,0.002834869,-0.000439792,0.001420707,1.15859,1.162115,1.16694,1.152865,-0.003034801,-0.003312084,-0.00315163,-0.003072575,1.1317
2/2/2015,1.134,1.1285,1.1363,1.128,0.004784689,-0.003091873,-8.79972E-05,0.000177336,1.155635,1.158525,1.163715,1.14986,-0.002508066,-0.00304946,-0.002734891,-0.00256375,1.1417
2/3/2015,1.1479,1.1343,1.1534,1.1312,0.012257496,0.005139566,0.015048843,0.002836879,1.15359,1.155575,1.161535,1.147,-0.001714989,-0.002500888,-0.001824221,-0.002434531,1.140675
2/4/2015,1.1344,1.1481,1.1486,1.1316,-0.011760606,0.012166094,-0.004161609,0.000353607,1.151125,1.15353,1.159475,1.144575,-0.002088517,-0.00171241,-0.001731549,-0.002067642,1.140625
2/5/2015,1.1475,1.1346,1.15,1.1304,0.011547955,-0.011758558,0.001218875,-0.001060445,1.14954,1.151065,1.15773,1.142325,-0.001321037,-0.002085872,-0.001464688,-0.001921528,1.139725
2/6/2015,1.1313,1.1477,1.1488,1.1311,-0.014117647,0.011545919,-0.001043478,0.00061925,1.14691,1.149485,1.155935,1.14007,-0.002226207,-0.001314303,-0.001508423,-0.001924597,1.131725
2/9/2015,1.1323,1.1316,1.136,1.127,0.000883939,-0.014028056,-0.011142061,-0.00362479,1.14436,1.146875,1.153375,1.13749,-0.00215667,-0.002206497,-0.002171038,-0.00220786,1.131625
2/10/2015,1.1319,1.1326,1.1347,1.1273,-0.000353263,0.000883704,-0.001144366,0.000266193,1.142095,1.14434,1.15081,1.13509,-0.00191658,-0.002141193,-0.002177717,-0.002054553,1.132
2/11/2015,1.1331,1.1321,1.1349,1.1279,0.001060164,-0.000441462,0.000176258,0.000532245,1.139805,1.14208,1.14832,1.132845,-0.001935777,-0.001909738,-0.002114098,-0.001921585,1.13655
2/12/2015,1.1402,1.1334,1.1424,1.1302,0.006265996,0.001148308,0.006608512,0.002039188,1.138675,1.139805,1.146465,1.131515,-0.000939637,-0.001920275,-0.001564208,-0.001137498,1.1402
2/13/2015,1.1383,1.1403,1.1443,1.1379,-0.001666374,0.006087877,0.001663165,0.006812953,1.137755,1.138655,1.14543,1.13111,-0.000760658,-0.000954247,-0.000866382,-0.000330045,1.137175
2/16/2015,1.1352,1.1387,1.143,1.1318,-0.002723359,-0.00140314,-0.001136066,-0.005360752,1.136495,1.13784,1.14438,1.129975,-0.001056764,-0.000667661,-0.000880267,-0.000968938,1.138375
2/17/2015,1.141,1.1355,1.1449,1.1321,0.005109232,-0.002810222,0.001662292,0.000265064,1.1358,1.136585,1.143545,1.12888,-0.000564315,-0.001050596,-0.00069406,-0.00093403,1.138875
2/18/2015,1.1395,1.141,1.1416,1.1334,-0.001314636,0.004843681,-0.002882348,0.001148308,1.134735,1.13588,1.14225,1.127845,-0.00088548,-0.000571465,-0.001092137,-0.000880948,1.139225
2/19/2015,1.1366,1.1397,1.1451,1.1355,-0.002544976,-0.001139351,0.003065872,0.001852832,1.13474,1.13481,1.141265,1.128035,3.39631E-05,-0.000888151,-0.000823212,0.000182147,1.136375
2/20/2015,1.1378,1.1368,1.143,1.1279,0.00105578,-0.002544529,-0.001833901,-0.006693087,1.135595,1.134815,1.14154,1.128855,0.000781869,3.53505E-05,0.000256968,0.000739956,1.135525
2/23/2015,1.133,1.1383,1.1414,1.1294,-0.004218668,0.001319493,-0.001399825,0.001329905,1.13606,1.135795,1.14213,1.12983,0.00043709,0.000893091,0.00053423,0.000878426,1.133025
2/24/2015,1.1339,1.1334,1.136,1.1288,0.000794351,-0.004304665,-0.004731032,-0.000531256,1.13585,1.13627,1.14181,1.13015,-0.000163932,0.000445445,-0.000268894,0.000288749,1.135625
2/25/2015,1.1361,1.134,1.1389,1.1335,0.001940206,0.000529381,0.002552817,0.004163714,1.136225,1.13607,1.14183,1.13045,0.00035044,-0.000155366,2.944E-05,0.000269743,1.128025
2/26/2015,1.1196,1.1361,1.1381,1.1183,-0.014523369,0.001851852,-0.000702432,-0.013409793,1.13561,1.136435,1.14189,1.130055,-0.000521927,0.000341444,6.45863E-05,-0.000343097,1.120325
2/27/2015,1.1193,1.1198,1.1246,1.1176,-0.000267953,-0.014347329,-0.011861875,-0.00062595,1.135145,1.135825,1.1413,1.129545,-0.000389552,-0.000517665,-0.000506518,-0.00044543,1.1193
3/2/2015,1.1183,1.1188,1.1241,1.116,-0.000893416,-0.000893017,-0.000444603,-0.001431639,1.13436,1.13534,1.14069,1.128945,-0.000673457,-0.000407723,-0.000524348,-0.000525879,1.11825
3/3/2015,1.1174,1.1183,1.1219,1.1154,-0.000804793,-0.000446907,-0.001957121,-0.000537634,1.132835,1.13454,1.139115,1.128155,-0.001326572,-0.000687046,-0.001374646,-0.000694604,1.1126
3/4/2015,1.1077,1.1178,1.1187,1.1062,-0.008680866,-0.000447107,-0.002852304,-0.008248162,1.1315,1.133025,1.13762,1.126885,-0.001172585,-0.001317706,-0.001309181,-0.001124693,1.105225
3/5/2015,1.1028,1.1079,1.1115,1.0987,-0.00442358,-0.008856683,-0.006436042,-0.006779967,1.129265,1.13169,1.135695,1.1253,-0.001971162,-0.001172613,-0.001691927,-0.001410669,1.093825
3/6/2015,1.0843,1.1033,1.1035,1.0842,-0.016775481,-0.004151999,-0.007197481,-0.013197415,1.126915,1.12947,1.13343,1.122955,-0.002104053,-0.001957509,-0.001999627,-0.002101502,1.085325
3/9/2015,1.085,1.0833,1.0907,1.0823,0.000645578,-0.018127436,-0.011599456,-0.001752444,1.12455,1.127055,1.131165,1.12072,-0.002115971,-0.002162478,-0.002022497,-0.002007885,1.077475
3/10/2015,1.0697,1.0852,1.0858,1.0692,-0.014101382,0.0017539,-0.004492528,-0.012103853,1.12144,1.124685,1.12872,1.117815,-0.002803377,-0.002118968,-0.002189905,-0.002626387,1.0618
3/11/2015,1.0545,1.0698,1.0718,1.0511,-0.014209591,-0.014190933,-0.012893719,-0.016928545,1.11751,1.12157,1.125565,1.113975,-0.003566865,-0.002806441,-0.002843404,-0.003499427,1.059025
3/12/2015,1.0635,1.0547,1.0684,1.0495,0.008534851,-0.014114788,-0.003172234,-0.001522215,1.113675,1.117635,1.121865,1.10994,-0.003453422,-0.003569596,-0.003332441,-0.003677497,1.05575
3/13/2015,1.0493,1.0636,1.0639,1.0462,-0.013352139,0.008438419,-0.004211906,-0.003144354,1.109225,1.1138,1.117845,1.105355,-0.004037711,-0.003452069,-0.003626195,-0.004175362,1.05345
3/16/2015,1.0566,1.0494,1.0621,1.0457,0.006957019,-0.013350884,-0.001691888,-0.00047792,1.105295,1.109335,1.1138,1.10105,-0.003553692,-0.004049456,-0.003653986,-0.003931221,1.0592
3/17/2015,1.0597,1.0568,1.0652,1.0551,0.002933939,0.007051649,0.002918746,0.008989194,1.10123,1.1054,1.109815,1.0972,-0.003662456,-0.003556363,-0.003591163,-0.003495014,1.075875
3/18/2015,1.0865,1.0597,1.0993,1.058,0.025290176,0.002744133,0.032012768,0.002748555,1.09858,1.101335,1.1077,1.09343,-0.002332216,-0.00366134,-0.001846407,-0.003415002,1.07635
3/19/2015,1.0659,1.0867,1.0915,1.0613,-0.018959963,0.025478909,-0.007095424,0.003119093,1.095045,1.098685,1.10502,1.08972,-0.003152965,-0.002330427,-0.002354472,-0.003351689,1.0753
3/20/2015,1.082,1.066,1.0882,1.065,0.015104606,-0.019048495,-0.003023362,0.00348629,1.092255,1.095145,1.10228,1.086575,-0.002450524,-0.003155625,-0.002413945,-0.00284272,1.0881
3/23/2015,1.0945,1.0839,1.0972,1.0768,0.01155268,0.016791745,0.008270539,0.011079812,1.09033,1.092425,1.10007,1.083945,-0.001661956,-0.002382013,-0.001930427,-0.002355225,1.09475
3/24/2015,1.0924,1.0946,1.103,1.089,-0.001918684,0.009871759,0.005286183,0.011329866,1.088255,1.090485,1.09842,1.081955,-0.001797608,-0.001673192,-0.001429566,-0.001762168,1.09525
3/25/2015,1.0969,1.0925,1.1016,1.09,0.00411937,-0.001918509,-0.001269266,0.000918274,1.086295,1.08841,1.096555,1.07978,-0.00168865,-0.001795586,-0.00162067,-0.00192444,1.094025
3/26/2015,1.0883,1.097,1.1052,1.0856,-0.007840277,0.004118993,0.003267974,-0.004036697,1.08473,1.086455,1.09491,1.078145,-0.001354495,-0.001682229,-0.00142215,-0.001455786,1.088075
3/27/2015,1.0887,1.0886,1.0949,1.0801,0.000367546,-0.007657247,-0.00931958,-0.005066323,1.0832,1.084895,1.093425,1.07627,-0.00132272,-0.001347725,-0.001295035,-0.001677804,1.0857
3/30/2015,1.0832,1.089,1.0896,1.081,-0.005051897,0.000367444,-0.004840625,0.000833256,1.081445,1.083405,1.0917,1.07452,-0.001530644,-0.001284702,-0.001514836,-0.00156456,1.07805
3/31/2015,1.073,1.0833,1.0846,1.0713,-0.009416544,-0.00523416,-0.00458884,-0.008973173,1.079225,1.081655,1.089835,1.072315,-0.001961232,-0.001524064,-0.001646422,-0.001986336,1.07545
4/1/2015,1.0762,1.0736,1.0801,1.0719,0.002982293,-0.008954122,-0.004148995,0.000560067,1.07765,1.079445,1.087905,1.0706,-0.001378074,-0.001949415,-0.001711257,-0.001545925,1.082525
4/2/2015,1.0881,1.0764,1.0905,1.0751,0.011057424,0.002608048,0.009628738,0.002985353,1.076915,1.07787,1.086855,1.06942,-0.000604024,-0.001376179,-0.000908018,-0.001057659,1.09375
4/3/2015,1.0976,1.0884,1.1027,1.0863,0.008730815,0.011148272,0.011187529,0.010417636,1.07758,1.077125,1.086815,1.069525,0.000671291,-0.000611165,1.12326E-05,0.000123094,1.0965
4/6/2015,1.0921,1.0991,1.1037,1.0911,-0.005010933,0.009830945,0.000906865,0.004418669,1.077935,1.077915,1.087465,1.069965,0.000388465,0.000786754,0.000636549,0.000431649,1.0873
4/7/2015,1.0813,1.0921,1.0955,1.0803,-0.009889204,-0.006368847,-0.007429555,-0.009898268,1.078515,1.07826,1.08795,1.07052,0.000599074,0.000380617,0.000489697,0.000541928,1.081125
4/8/2015,1.0779,1.0814,1.0888,1.0764,-0.003144363,-0.009797638,-0.006115929,-0.003610108,1.079685,1.07884,1.0888,1.071785,0.001152336,0.000600281,0.000828587,0.00120785,1.071625
4/9/2015,1.0658,1.0781,1.0789,1.0637,-0.011225531,-0.0030516,-0.009092579,-0.011798588,1.0798,1.08001,1.089325,1.072495,0.000164317,0.001153441,0.00053257,0.000694032,1.06285
4/10/2015,1.0602,1.066,1.0684,1.0568,-0.005254269,-0.011223449,-0.009732135,-0.006486791,1.080345,1.08013,1.08955,1.073025,0.00056921,0.000170347,0.000256558,0.00052691,1.057725
4/13/2015,1.0566,1.0603,1.062,1.052,-0.003395586,-0.005347092,-0.005990266,-0.004542014,1.080345,1.080675,1.089545,1.07334,5.15799E-05,0.000570537,4.16393E-05,0.000323705,1.061425
4/14/2015,1.0652,1.0567,1.0708,1.053,0.008139315,-0.003395265,0.008286252,0.00095057,1.08062,1.08067,1.089825,1.073235,0.000311849,4.81912E-05,0.000310015,-7.8226E-05,1.06525
4/15/2015,1.0684,1.0654,1.0702,1.057,0.003004131,0.008233179,-0.000560329,0.00379867,1.079715,1.080955,1.08837,1.073185,-0.000802454,0.000322644,-0.00131864,-2.57203E-05,1.072225
4/16/2015,1.076,1.0685,1.0819,1.0625,0.007113441,0.002909705,0.010932536,0.005203406,1.08022,1.080045,1.08789,1.073245,0.000501217,-0.000805817,-0.000417242,7.84954E-05,1.0788
4/17/2015,1.0805,1.0762,1.0849,1.0736,0.004182156,0.007206364,0.0027729,0.010447059,1.080145,1.080555,1.087725,1.073675,-4.49059E-05,0.000506926,-0.000127429,0.000426534,1.077425
4/20/2015,1.0736,1.0823,1.0825,1.0713,-0.006385932,0.005668091,-0.002212185,-0.002142325,1.0791,1.080475,1.08699,1.0734,-0.000941837,-4.92564E-05,-0.000651565,-0.000234573,1.072875
4/21/2015,1.0733,1.074,1.0782,1.066,-0.000279434,-0.007668853,-0.003972286,-0.00494726,1.078145,1.079445,1.08575,1.07225,-0.000859874,-0.000926287,-0.001114489,-0.001048429,1.0743
4/22/2015,1.0725,1.0737,1.0802,1.0708,-0.000745365,-0.00027933,0.001854943,0.004502814,1.076925,1.078505,1.08468,1.07129,-0.001103111,-0.000844328,-0.000958278,-0.000869202,1.0765
4/23/2015,1.0824,1.0724,1.0846,1.0666,0.009230769,-0.001210767,0.00407332,-0.003922301,1.07663,1.077275,1.08365,1.07034,-0.000249558,-0.001110816,-0.000918011,-0.000863483,1.08455
4/24/2015,1.0872,1.0825,1.0901,1.0784,0.00443459,0.009418128,0.005070994,0.011063191,1.076555,1.07697,1.08341,1.070255,-4.62062E-05,-0.000257047,-0.000198482,-5.70068E-05,1.087575
4/27/2015,1.0886,1.0872,1.0926,1.0819,0.001287712,0.004341801,0.002293368,0.003245549,1.076825,1.07688,1.08356,1.0703,0.000270774,-5.83294E-05,0.000158217,6.36078E-05,1.093125
4/28/2015,1.098,1.0894,1.0991,1.086,0.008634944,0.002023547,0.005949112,0.003789629,1.078075,1.077185,1.084285,1.071035,0.001173349,0.000304556,0.000685115,0.000701748,1.10645
4/29/2015,1.1129,1.0982,1.1188,1.0959,0.013570128,0.008077841,0.017923756,0.009116022,1.07991,1.078415,1.08622,1.072235,0.00170274,0.001156154,0.001788752,0.001129546,1.117225
4/30/2015,1.1222,1.1129,1.1267,1.1071,0.008356546,0.01338554,0.007061137,0.010219911,1.081615,1.08024,1.08803,1.073835,0.001567696,0.001695029,0.001660372,0.001491274,1.122225
5/1/2015,1.12,1.1224,1.129,1.1175,-0.001960435,0.008536257,0.00204136,0.009393912,1.082735,1.08194,1.089345,1.075395,0.001033134,0.001564428,0.001203064,0.001440087,1.117325
5/4/2015,1.1144,1.1202,1.1225,1.1122,-0.005,-0.001960086,-0.005757307,-0.004742729,1.08385,1.082995,1.090285,1.07645,0.001033681,0.000974876,0.000869855,0.000982017,1.11545
5/5/2015,1.1184,1.1146,1.1222,1.1066,0.003589375,-0.004999107,-0.000267261,-0.005035066,1.085705,1.08412,1.09162,1.077765,0.00170761,0.001043363,0.00122797,0.001225178,1.1271
5/6/2015,1.1351,1.1186,1.1372,1.1175,0.014932046,0.003588731,0.013366601,0.009849991,1.088565,1.08598,1.09404,1.07982,0.00261143,0.001712682,0.002202097,0.001898183,1.13105
5/7/2015,1.1265,1.1348,1.1392,1.1237,-0.007576425,0.014482389,0.001758706,0.005548098,1.0916,1.088815,1.097055,1.08282,0.002793885,0.002589381,0.002744661,0.002765517,1.12345
5/8/2015,1.1203,1.1267,1.1289,1.1179,-0.005503773,-0.007137822,-0.009041433,-0.00516152,1.094605,1.09185,1.10008,1.085875,0.00278141,0.002793663,0.002779196,0.00283178,1.117225
5/11/2015,1.1154,1.1197,1.1208,1.113,-0.004373828,-0.006212834,-0.007175126,-0.004383219,1.097545,1.09482,1.10302,1.088925,0.002732498,0.002750375,0.002719953,0.00283972,1.119525
5/12/2015,1.1213,1.1155,1.1279,1.1134,0.005289582,-0.003751005,0.006334761,0.000359389,1.10035,1.09776,1.105875,1.091945,0.002590011,0.002732589,0.002622378,0.002810161,1.1289
5/13/2015,1.1355,1.1214,1.1384,1.1203,0.012663872,0.005289108,0.009309336,0.006197234,1.103705,1.10056,1.109285,1.09511,0.003072998,0.002585385,0.003115862,0.002930089,1.1388
5/14/2015,1.1408,1.1358,1.1446,1.134,0.004667547,0.012841091,0.00544624,0.012228867,1.106945,1.103925,1.11242,1.098685,0.002950704,0.003081954,0.002841547,0.003281362,1.141325
5/15/2015,1.1451,1.141,1.1468,1.1324,0.003769285,0.004578271,0.001922069,-0.001410935,1.110175,1.107165,1.115515,1.101625,0.00293006,0.00295055,0.002799005,0.002688463,1.13765
5/18/2015,1.1314,1.1443,1.1451,1.1298,-0.011964021,0.0028922,-0.001482386,-0.002296008,1.113065,1.110265,1.118645,1.10455,0.002651156,0.002811755,0.002835495,0.002680779,1.122725
5/19/2015,1.1147,1.1315,1.1328,1.1119,-0.014760474,-0.011185878,-0.01074142,-0.015843512,1.115135,1.11314,1.121375,1.106845,0.001927104,0.002635904,0.002497038,0.002135966,1.111425
5/20/2015,1.1091,1.1149,1.1155,1.1062,-0.005023773,-0.014670791,-0.015271893,-0.00512636,1.116965,1.1152,1.12314,1.108615,0.001713183,0.001916331,0.001640697,0.001654507,1.111725
5/21/2015,1.1112,1.1094,1.1183,1.108,0.001893427,-0.004933178,0.002510085,0.001627192,1.118405,1.11705,1.124825,1.110685,0.001346316,0.00173021,0.001562535,0.001931982,1.108475
5/22/2015,1.1015,1.1113,1.1209,1.1002,-0.008729302,0.001712637,0.002324958,-0.007039711,1.11912,1.11849,1.126365,1.111775,0.000688122,0.001344936,0.001425233,0.001026837,1.098725
5/25/2015,1.0975,1.1005,1.101,1.0959,-0.003631412,-0.009718348,-0.017753591,-0.00390838,1.119565,1.119155,1.126785,1.112475,0.000442166,0.000641928,0.000422885,0.00066914,1.092525
5/26/2015,1.0873,1.0978,1.0987,1.0863,-0.00929385,-0.00245343,-0.00208901,-0.008759923,1.11903,1.119575,1.126765,1.11249,-0.000454274,0.000418079,2.09791E-05,4.16626E-05,1.088125
5/27/2015,1.0903,1.0873,1.093,1.0819,0.002759128,-0.009564584,-0.005187949,-0.004050446,1.1179,1.11903,1.125475,1.11179,-0.000994824,-0.000464042,-0.001134606,-0.000616661,1.092
5/28/2015,1.0946,1.0905,1.096,1.0869,0.003943869,0.00294307,0.002744739,0.004621499,1.11652,1.11791,1.12394,1.11078,-0.001215458,-0.000986165,-0.001350426,-0.000896581,1.0967
5/29/2015,1.0987,1.0949,1.1006,1.0926,0.003745661,0.004034846,0.00419708,0.005244273,1.115455,1.116535,1.12252,1.109535,-0.000930153,-0.001211236,-0.00124264,-0.001104063,1.0947
6/1/2015,1.0925,1.0987,1.099,1.0886,-0.005643033,0.003470637,-0.001453752,-0.003660992,1.11436,1.11546,1.121345,1.108355,-0.000962305,-0.0009397,-0.001027462,-0.001049976,1.1046
6/2/2015,1.1152,1.0926,1.1191,1.0915,0.020778032,-0.005552016,0.018289354,0.002663972,1.1142,1.11436,1.12119,1.1076,-0.000102872,-0.000967345,-9.96315E-05,-0.000665025,1.11975
6/3/2015,1.1274,1.1151,1.1286,1.1079,0.010939742,0.020593081,0.008488964,0.015025195,1.113815,1.114185,1.12076,1.10712,-0.000302487,-0.000117128,-0.000343513,-0.000406264,1.12795
6/4/2015,1.1237,1.1275,1.138,1.1226,-0.003281888,0.011120079,0.008328903,0.013268346,1.113675,1.11382,1.1207,1.107065,-8.77604E-05,-0.000285243,-1.50035E-05,-2.02521E-05,1.116975
6/5/2015,1.1111,1.1238,1.1281,1.1049,-0.011212957,-0.003281596,-0.008699473,-0.01576697,1.113215,1.113675,1.12066,1.106415,-0.00037322,-9.2432E-05,2.09447E-06,-0.000550525,1.119875
6/8/2015,1.1291,1.1113,1.1309,1.1082,0.016200162,-0.011122976,0.002482049,0.002986696,1.1139,1.113255,1.121165,1.106175,0.00065548,-0.000337939,0.000484953,-0.000182029,1.128375
6/9/2015,1.1283,1.1292,1.1346,1.1214,-0.000708529,0.016107262,0.00327173,0.011911207,1.11425,1.11394,1.1215,1.106575,0.000355574,0.000654974,0.000331802,0.000395562,1.13135
6/10/2015,1.1324,1.1284,1.1386,1.126,0.003633785,-0.000708466,0.003525472,0.004102015,1.114095,1.11429,1.12151,1.10686,-9.593E-05,0.000355096,4.26085E-05,0.000290801,1.127475
6/11/2015,1.1257,1.1325,1.1334,1.1183,-0.005916637,0.003633463,-0.004567012,-0.006838366,1.11334,1.114125,1.12095,1.106075,-0.000625139,-0.000105286,-0.000458054,-0.00066256,1.12435
6/12/2015,1.1268,1.1258,1.1297,1.1151,0.00097717,-0.005916115,-0.003264514,-0.002861486,1.112425,1.113365,1.120095,1.10521,-0.000764745,-0.000630005,-0.000717383,-0.000735088,1.12485
6/15/2015,1.1283,1.1226,1.1296,1.1189,0.001331203,-0.002842423,-8.85191E-05,0.003407766,1.11227,1.11228,1.11932,1.104665,-9.99837E-05,-0.000916736,-0.00064769,-0.000449899,1.126625
6/16/2015,1.1246,1.1284,1.133,1.1205,-0.00327927,0.005166578,0.003009915,0.001429976,1.112765,1.112125,1.11933,1.105095,0.000474076,-9.91135E-05,3.98768E-05,0.000413775,1.1289
6/17/2015,1.1335,1.1248,1.136,1.1213,0.007913925,-0.003190358,0.002647838,0.000713967,1.113985,1.11262,1.120355,1.10585,0.001120961,0.000474908,0.000935863,0.000705791,1.136525
6/18/2015,1.1358,1.1336,1.1437,1.133,0.002029113,0.007823613,0.006778169,0.010434317,1.115215,1.11383,1.121625,1.1071,0.001127746,0.001112748,0.001149268,0.001146148,1.1349
6/19/2015,1.1352,1.1359,1.1393,1.1292,-0.000528262,0.002028934,-0.003847163,-0.003353928,1.1169,1.11506,1.122545,1.10855,0.001537798,0.001128563,0.000840662,0.001330437,1.135675
6/22/2015,1.134,1.1364,1.1411,1.1312,-0.001057082,0.00044018,0.001579917,0.001771165,1.118725,1.116855,1.12455,1.110315,0.001666514,0.001636489,0.001807337,0.001614414,1.124825
6/23/2015,1.1169,1.1341,1.1349,1.1134,-0.015079365,-0.002023935,-0.005433354,-0.015735502,1.120205,1.11867,1.12636,1.11167,0.001377238,0.001657964,0.00164012,0.001265635,1.11915
6/24/2015,1.1205,1.117,1.1236,1.1155,0.003223207,-0.015078035,-0.009956824,0.001886115,1.121715,1.120155,1.12789,1.11335,0.001400442,0.001382291,0.001401676,0.001562463,1.11975
6/25/2015,1.1204,1.1204,1.1229,1.1153,-8.92459E-05,0.003043868,-0.000622998,-0.000179292,1.123005,1.12165,1.129235,1.11477,0.001198787,0.001387331,0.001233289,0.001322424,1.118025
6/26/2015,1.1164,1.1206,1.1221,1.113,-0.003570154,0.000178508,-0.000712441,-0.002062225,1.12389,1.122935,1.13031,1.11579,0.000832996,0.001194514,0.000987813,0.000957099,1.1126
6/29/2015,1.1235,1.1035,1.1279,1.0955,0.006359728,-0.015259682,0.00516888,-0.01572327,1.12544,1.123175,1.131755,1.116135,0.001433134,0.000257998,0.001318945,0.000353985,1.1182
6/30/2015,1.1135,1.1236,1.1245,1.1112,-0.008900757,0.018214771,-0.003014452,0.014331356,1.125355,1.124725,1.132025,1.11712,-5.08055E-05,0.001446337,0.000253754,0.000937354,1.110175
7/1/2015,1.1052,1.1141,1.1172,1.1042,-0.007453974,-0.008454966,-0.006491774,-0.006299496,1.124245,1.124675,1.131455,1.116935,-0.000970491,-6.06492E-06,-0.000495282,-0.00012888,1.1073
7/2/2015,1.1083,1.1054,1.1124,1.1031,0.002804922,-0.007808994,-0.004296455,-0.000996196,1.123475,1.12357,1.130175,1.11596,-0.000666151,-0.000952519,-0.00112655,-0.000842108,1.109525
7/3/2015,1.1112,1.1085,1.1119,1.1065,0.00261662,0.002804415,-0.000449479,0.003082223,1.12348,1.122805,1.129365,1.11604,2.5328E-05,-0.000648218,-0.000714051,0.000100352,1.1029
7/6/2015,1.1055,1.0997,1.1096,1.0968,-0.00512959,-0.007938656,-0.002068531,-0.00876638,1.1223,1.122225,1.1283,1.11547,-0.00104116,-0.000489002,-0.00094158,-0.000487302,1.1011
7/7/2015,1.101,1.1057,1.1061,1.0916,-0.004070556,0.005456033,-0.00315429,-0.004741065,1.120935,1.12105,1.126875,1.11398,-0.001209261,-0.001021563,-0.001262881,-0.001319915,1.10385
7/8/2015,1.1075,1.1012,1.1093,1.0974,0.005903724,-0.00406982,0.002893048,0.005313302,1.11969,1.11969,1.12541,1.11255,-0.001095764,-0.001189631,-0.001294502,-0.001259351,1.105725
7/9/2015,1.1036,1.1077,1.1125,1.0991,-0.003521445,0.005902652,0.002884702,0.001549116,1.118585,1.11845,1.124365,1.11159,-0.000976004,-0.001076172,-0.000921916,-0.000839977,1.111175
7/10/2015,1.1162,1.1038,1.1216,1.1031,0.01141718,-0.003520809,0.008179775,0.003639341,1.118055,1.11735,1.12396,1.11099,-0.000454004,-0.000956406,-0.000349702,-0.000514936,1.107475
7/13/2015,1.1002,1.1105,1.1197,1.0995,-0.014334349,0.00606994,-0.001694009,-0.00326353,1.11665,1.116745,1.123465,1.11002,-0.001237281,-0.000510788,-0.000429976,-0.0008485,1.1015
7/14/2015,1.1009,1.1003,1.1082,1.0966,0.000636248,-0.009185052,-0.010270608,-0.002637563,1.115465,1.11534,1.122225,1.108825,-0.001041506,-0.00122837,-0.001094002,-0.001051877,1.098025
7/15/2015,1.0947,1.101,1.1035,1.0929,-0.005631756,0.00063619,-0.004241112,-0.003374065,1.113525,1.11415,1.1206,1.107405,-0.00171879,-0.001037042,-0.00143845,-0.001256279,1.09105
7/16/2015,1.0874,1.0948,1.0964,1.0856,-0.006668494,-0.005631244,-0.006434073,-0.006679477,1.111105,1.11221,1.118235,1.105035,-0.00215367,-0.001709785,-0.002099062,-0.002111969,1.085925
7/17/2015,1.0828,1.0875,1.0907,1.0827,-0.004230274,-0.006667885,-0.005198833,-0.002671334,1.108485,1.10979,1.115805,1.10271,-0.002338771,-0.002144626,-0.002166645,-0.002077839,1.08345
7/20/2015,1.0825,1.0833,1.0871,1.0809,-0.000277059,-0.003862069,-0.003300633,-0.00166251,1.10591,1.107135,1.113105,1.100195,-0.002299769,-0.002359739,-0.002410673,-0.002249523,1.088575
7/21/2015,1.0936,1.0825,1.097,1.0812,0.010254042,-0.000738484,0.009106798,0.000277546,1.104745,1.104555,1.11121,1.098585,-0.001033099,-0.002295466,-0.001683665,-0.00144887,1.092675
7/22/2015,1.0933,1.0937,1.0967,1.087,-0.000274323,0.01034642,-0.000273473,0.00536441,1.103385,1.10339,1.109865,1.09716,-0.001207976,-0.001024243,-0.001199498,-0.001274956,1.096275
7/23/2015,1.0981,1.0929,1.102,1.0921,0.004390378,-0.000731462,0.00483268,0.004691812,1.10227,1.102015,1.10882,1.096,-0.000983994,-0.00121301,-0.000926714,-0.0010314,1.097175
7/24/2015,1.0982,1.0983,1.0997,1.0925,9.10664E-05,0.004940983,-0.002087114,0.000366267,1.10136,1.1009,1.1077,1.094975,-0.000800933,-0.000974886,-0.000995448,-0.000909976,1.104075
7/27/2015,1.1091,1.0974,1.113,1.0968,0.009925332,-0.000819448,0.012094208,0.003935927,1.10064,1.100595,1.106955,1.09504,-0.000622653,-0.000252874,-0.000649181,7.29842E-05,1.106725
7/28/2015,1.1058,1.1088,1.1101,1.1022,-0.002975385,0.01038819,-0.002605571,0.004923414,1.100255,1.099855,1.106235,1.09459,-0.000326385,-0.000644203,-0.000628737,-0.000397413,1.102375
7/29/2015,1.0984,1.106,1.1085,1.0966,-0.006691988,-0.002525253,-0.001441312,-0.005080748,1.099915,1.09945,1.1058,1.09421,-0.000288285,-0.000347718,-0.000376214,-0.000336476,1.09505
7/30/2015,1.0931,1.0987,1.0991,1.0893,-0.0048252,-0.006600362,-0.008479928,-0.00665694,1.099155,1.099115,1.105135,1.09352,-0.000669791,-0.000287286,-0.000585388,-0.000619513,1.098925
7/31/2015,1.0987,1.0935,1.1114,1.0921,0.005123045,-0.004732866,0.011190974,0.002570458,1.09853,1.098365,1.10511,1.0928,-0.00054447,-0.00066415,-3.36505E-06,-0.000645101,1.096425
8/3/2015,1.0949,1.097,1.0997,1.0941,-0.003458633,0.003200732,-0.010527263,0.001831334,1.098,1.09823,1.104615,1.092665,-0.000460922,-0.000107181,-0.000426302,-0.000115215,1.0925
8/4/2015,1.088,1.0953,1.0989,1.0878,-0.006301945,-0.001549681,-0.000727471,-0.005758157,1.09735,1.09771,1.104255,1.092475,-0.000572492,-0.000457466,-0.000304961,-0.00016607,1.089275
8/5/2015,1.0904,1.0882,1.0937,1.0848,0.002205882,-0.006482242,-0.004732005,-0.00275786,1.096495,1.09706,1.103475,1.091845,-0.000757384,-0.000578087,-0.000686213,-0.000569628,1.09125
8/6/2015,1.0923,1.0909,1.0943,1.0875,0.00174248,0.002481162,0.000548597,0.002488938,1.09593,1.09622,1.102565,1.091265,-0.000494188,-0.000749162,-0.000803019,-0.000522637,1.0932
8/7/2015,1.0965,1.0928,1.0979,1.0856,0.003845098,0.001741681,0.003289774,-0.001747126,1.094945,1.09567,1.10138,1.09039,-0.000872792,-0.000486037,-0.001047519,-0.00079196,1.098825
8/10/2015,1.1016,1.0969,1.1043,1.0925,0.004651163,0.00375183,0.005829311,0.006355932,1.095015,1.09499,1.10061,1.09004,7.64837E-05,-0.000601943,-0.000671353,-0.000310987,1.102725
8/11/2015,1.104,1.102,1.1089,1.096,0.002178649,0.004649467,0.004165535,0.003203661,1.09517,1.095075,1.100645,1.09001,0.000153604,8.97829E-05,5.04545E-05,-1.89259E-05,1.1109
8/12/2015,1.1156,1.1041,1.1214,1.1025,0.010507246,0.001905626,0.011272432,0.005930657,1.096215,1.09523,1.10154,1.09049,0.000960554,0.000153255,0.000826132,0.00044631,1.11435
8/13/2015,1.1148,1.1157,1.1189,1.108,-0.000717103,0.010506295,-0.002229356,0.004988662,1.097585,1.096275,1.102665,1.09161,0.001258123,0.000960132,0.001036368,0.001029717,1.11355
8/14/2015,1.1106,1.1149,1.1189,1.1098,-0.003767492,-0.000717039,0,0.001624549,1.098975,1.097645,1.104075,1.092965,0.001281263,0.001257674,0.001296309,0.001244511,1.1093
8/17/2015,1.108,1.1107,1.1126,1.1059,-0.002341077,-0.003767154,-0.00563053,-0.003514147,1.10025,1.099015,1.10535,1.094215,0.001178062,0.00126242,0.001179814,0.001151929,1.10525
8/18/2015,1.1018,1.1081,1.1094,1.1017,-0.005595668,-0.002340866,-0.002876146,-0.003797812,1.10066,1.100295,1.10597,1.09524,0.000385576,0.001182301,0.000580667,0.000948162,1.107325
8/19/2015,1.1117,1.1022,1.1136,1.1018,0.008985297,-0.005324429,0.00378583,9.07688E-05,1.10158,1.10072,1.106815,1.09598,0.000848557,0.000398758,0.000783632,0.00068448,1.117825
8/20/2015,1.1241,1.1119,1.1247,1.1106,0.011154088,0.008800581,0.009967672,0.00798693,1.10288,1.10167,1.10795,1.096905,0.001186743,0.00087536,0.001040382,0.000849235,1.1313
8/21/2015,1.1387,1.1245,1.1393,1.1227,0.012988168,0.011331954,0.012981239,0.010895012,1.104905,1.10298,1.10993,1.098415,0.001831598,0.001194909,0.0017938,0.001375673,1.1514
8/24/2015,1.1618,1.1363,1.1712,1.1363,0.020286291,0.010493553,0.027999649,0.012113655,1.10754,1.104925,1.11284,1.10039,0.002349646,0.001760559,0.002589072,0.001784559,1.153875
8/25/2015,1.1514,1.162,1.1624,1.1397,-0.008951627,0.022617267,-0.007513661,0.002992168,1.10982,1.107585,1.115455,1.102265,0.002050834,0.002372013,0.002343667,0.001687997,1.1421
8/26/2015,1.1315,1.1517,1.1562,1.129,-0.017283307,-0.008864028,-0.005333792,-0.009388436,1.111475,1.10987,1.11784,1.103885,0.001521268,0.002055074,0.002149043,0.001472612,1.128125
8/27/2015,1.1243,1.1314,1.1365,1.1203,-0.006363235,-0.017626118,-0.017038575,-0.007705934,1.113035,1.111505,1.11971,1.105435,0.001444366,0.001503786,0.001721111,0.001420163,1.1223
8/28/2015,1.1179,1.1247,1.1311,1.1155,-0.005692431,-0.005921867,-0.00475143,-0.004284567,1.113995,1.113065,1.120695,1.106605,0.000903592,0.001444336,0.000923991,0.001077411,1.120275
8/31/2015,1.1211,1.1176,1.1263,1.1161,0.00286251,-0.006312795,-0.004243657,0.000537875,1.115305,1.114095,1.122025,1.107705,0.001219649,0.00096866,0.001238171,0.001012738,1.12665
9/1/2015,1.1317,1.1211,1.1333,1.1205,0.009455,0.003131711,0.00621504,0.003942299,1.11749,1.115385,1.123745,1.10934,0.002007497,0.001202729,0.001585296,0.001497761,1.126975
9/2/2015,1.1226,1.1315,1.1322,1.1216,-0.008041,0.009276603,-0.000970617,0.000981705,1.1191,1.11755,1.12567,1.11118,0.001495153,0.001990672,0.001773366,0.00168474,1.117
9/3/2015,1.1121,1.1227,1.1245,1.1087,-0.009353287,-0.007777287,-0.006800919,-0.011501427,1.12009,1.11914,1.12718,1.11224,0.000940364,0.001477749,0.00140589,0.000985221,1.11355
9/4/2015,1.1146,1.1124,1.1183,1.1089,0.002247999,-0.009174312,-0.005513562,0.000180391,1.120995,1.12012,1.1282,1.113405,0.000860509,0.00093195,0.000965723,0.001081597,1.115675
9/7/2015,1.1167,1.1159,1.1179,1.1122,0.001884084,0.00314635,-0.000357686,0.002975922,1.12175,1.12107,1.12888,1.11439,0.000722155,0.000901676,0.000656373,0.000912597,1.11875
9/8/2015,1.1199,1.117,1.1229,1.1152,0.002865586,0.000985751,0.004472672,0.002697357,1.122545,1.12182,1.12958,1.11535,0.000756502,0.00071849,0.00067173,0.000887281,1.118875
9/9/2015,1.1204,1.1203,1.1218,1.113,0.000446468,0.002954342,-0.000979606,-0.00197274,1.122785,1.12263,1.1296,1.115875,0.000253463,0.000770926,5.91284E-05,0.000492112,1.1238
9/10/2015,1.1276,1.1208,1.1296,1.1172,0.006426276,0.000446309,0.006953111,0.003773585,1.123425,1.122885,1.130135,1.116335,0.000610632,0.000267926,0.000518252,0.000431358,1.1306
9/11/2015,1.1339,1.128,1.1351,1.1254,0.005587088,0.006423983,0.00486898,0.007339778,1.12459,1.12354,1.130945,1.117115,0.001078361,0.000624977,0.000761701,0.000717119,1.13285
9/14/2015,1.1318,1.1339,1.1374,1.1283,-0.001852015,0.005230496,0.002026253,0.002576862,1.12578,1.1247,1.132185,1.118235,0.001102814,0.00107486,0.00114454,0.00102167,1.129175
9/15/2015,1.1266,1.1313,1.133,1.1258,-0.004594451,-0.002292971,-0.003868472,-0.002215723,1.12702,1.12586,1.133365,1.11944,0.001152875,0.001077255,0.001094924,0.001100774,1.127325
9/16/2015,1.1289,1.127,1.1321,1.1213,0.002041541,-0.003800937,-0.000794351,-0.003997158,1.12788,1.1271,1.13429,1.120415,0.000805687,0.001153429,0.000865915,0.000896378,1.1363
9/17/2015,1.1435,1.129,1.1443,1.1284,0.012932944,0.001774623,0.010776433,0.006331936,1.12885,1.127955,1.13527,1.121305,0.00089463,0.000802131,0.000906353,0.000813628,1.136775
9/18/2015,1.1305,1.1437,1.1461,1.1268,-0.011368605,0.013020372,0.001573014,-0.001417937,1.12844,1.128915,1.13561,1.12151,-0.000323209,0.000886552,0.000335941,0.000197981,1.12455
9/21/2015,1.1186,1.1285,1.133,1.1181,-0.010526316,-0.013290198,-0.011430067,-0.00772098,1.12628,1.128525,1.1337,1.1206,-0.001863839,-0.000302635,-0.001635544,-0.000793751,1.1157
9/22/2015,1.1118,1.1189,1.1208,1.1113,-0.006079027,-0.008506868,-0.010767873,-0.006081746,1.1243,1.12637,1.13162,1.11918,-0.001720209,-0.001858842,-0.001798255,-0.001247447,1.115625
9/23/2015,1.1185,1.1121,1.1214,1.1105,0.006026264,-0.006077397,0.000535332,-0.000719878,1.12365,1.12439,1.12988,1.118255,-0.00055473,-0.00171951,-0.001504799,-0.000814019,1.1219
9/24/2015,1.1229,1.1186,1.1296,1.1165,0.00393384,0.005844798,0.007312288,0.005402972,1.12358,1.12375,1.129535,1.118065,-3.98767E-05,-0.000545965,-0.000287256,-0.000158574,1.1193
9/25/2015,1.1194,1.123,1.1233,1.1115,-0.003116929,0.003933488,-0.005577195,-0.00447828,1.123655,1.123665,1.129145,1.117865,8.88984E-05,-5.31969E-05,-0.000328544,-0.000168259,1.12085
9/28/2015,1.1243,1.1195,1.1249,1.1147,0.004377345,-0.003116652,0.001424375,0.002878992,1.123815,1.12376,1.129075,1.117795,0.00016464,0.00010661,-4.51425E-05,-5.12035E-05,1.124175
9/29/2015,1.1245,1.1246,1.1283,1.1193,0.000177888,0.004555605,0.003022491,0.004126671,1.123455,1.123935,1.128825,1.117735,-0.000299215,0.000177805,-0.00020477,-4.19849E-05,1.1211
9/30/2015,1.1176,1.1248,1.1263,1.1157,-0.00613606,0.000177841,-0.001772578,-0.003216296,1.123205,1.1236,1.12853,1.11744,-0.000203968,-0.000277133,-0.000244868,-0.000251885,1.11785
10/1/2015,1.1194,1.1176,1.121,1.1134,0.001610594,-0.006401138,-0.004705673,-0.002061486,1.12357,1.123345,1.128355,1.117675,0.000344226,-0.000208326,-0.000140106,0.000220112,1.12185
10/2/2015,1.1209,1.1197,1.1319,1.1149,0.001340004,0.001879026,0.009723461,0.001347225,1.123885,1.12371,1.129035,1.117975,0.000298826,0.000344341,0.000621745,0.000278454,1.12175
10/5/2015,1.1185,1.1223,1.129,1.1172,-0.002141137,0.002322051,-0.002562064,0.002062965,1.123975,1.12403,1.12959,1.118225,9.75648E-05,0.000303126,0.000511526,0.000232806,1.122775
10/6/2015,1.1268,1.1191,1.1281,1.1171,0.007420653,-0.002851288,-0.000797166,-8.95095E-05,1.12432,1.124135,1.12985,1.11832,0.000325318,0.000111274,0.000248035,9.34626E-05,1.1251
10/7/2015,1.1235,1.1273,1.1285,1.1211,-0.002928647,0.007327317,0.000354578,0.0035807,1.124475,1.124485,1.130185,1.118725,0.000156562,0.000329923,0.000314744,0.000371135,1.126875
10/8/2015,1.1278,1.1238,1.1327,1.1232,0.003827325,-0.003104764,0.003721755,0.00187316,1.124485,1.124635,1.13034,1.119025,2.66148E-05,0.000152369,0.000153176,0.000276113,1.1322
10/9/2015,1.1354,1.1279,1.1388,1.1267,0.006738783,0.003648336,0.005385362,0.003116097,1.12456,1.12463,1.130525,1.11909,8.41996E-05,1.35871E-05,0.000178995,6.49294E-05,1.13655
10/12/2015,1.1355,1.1357,1.1397,1.1353,8.80747E-05,0.006915507,0.000790306,0.00763291,1.124745,1.12472,1.13064,1.11944,0.000181204,9.78376E-05,0.000117198,0.000317732,1.137175
10/13/2015,1.1376,1.1355,1.1412,1.1344,0.001849406,-0.000176103,0.001316136,-0.000792742,1.125295,1.12493,1.13105,1.11987,0.000503397,0.000203681,0.000376428,0.000388881,1.142925
10/14/2015,1.1473,1.1378,1.1491,1.1375,0.008526723,0.002025539,0.006922538,0.002732722,1.126215,1.12547,1.1319,1.12068,0.000827656,0.000495005,0.000762273,0.000725375,1.14285
10/15/2015,1.1382,1.1473,1.1496,1.1363,-0.007931666,0.008349446,0.000435123,-0.001054945,1.12595,1.126385,1.132165,1.121075,-0.000215574,0.000823746,0.000245207,0.000356031,1.13655
10/16/2015,1.1346,1.1383,1.1399,1.1334,-0.003162889,-0.007844504,-0.008437717,-0.002552143,1.126155,1.126115,1.131855,1.121405,0.000194711,-0.000219498,-0.000255329,0.00029932,1.134025
10/19/2015,1.1324,1.1351,1.138,1.1306,-0.001939009,-0.00281121,-0.001666813,-0.002470443,1.126845,1.126445,1.132105,1.12203,0.000624077,0.000304452,0.000232833,0.000561847,1.134575
10/20/2015,1.1344,1.1328,1.1388,1.1323,0.00176616,-0.002026253,0.000702988,0.001503626,1.127975,1.12714,1.133005,1.12308,0.001016336,0.000628482,0.000806376,0.000941116,1.13485
10/21/2015,1.1336,1.1347,1.1378,1.1333,-0.000705219,0.00167726,-0.000878117,0.000883158,1.12873,1.12827,1.133825,1.12422,0.000679762,0.001016215,0.000735704,0.001021268,1.122425
10/22/2015,1.1106,1.1339,1.1352,1.11,-0.020289344,-0.000705032,-0.002285112,-0.020559428,1.128115,1.129035,1.134105,1.123895,-0.000531397,0.000688724,0.000255834,-0.000276852,1.106425
10/23/2015,1.1014,1.1109,1.1141,1.0993,-0.008283811,-0.020283976,-0.018587033,-0.00963964,1.127215,1.12843,1.133645,1.123285,-0.000789741,-0.00052215,-0.000394658,-0.00053492,1.103075
10/26/2015,1.1056,1.1009,1.1069,1.0989,0.003813328,-0.00900171,-0.006462616,-0.000363868,1.12628,1.1275,1.132745,1.122495,-0.000817942,-0.000816402,-0.000789008,-0.000697063,1.1054
10/27/2015,1.1048,1.1059,1.108,1.1029,-0.000723589,0.004541739,0.000993766,0.003640004,1.125295,1.126565,1.13173,1.121675,-0.000863016,-0.000817096,-0.000890444,-0.000721397,1.09905
10/28/2015,1.092,1.1052,1.1096,1.0894,-0.011585807,-0.000632969,0.001444043,-0.012240457,1.124015,1.125585,1.130895,1.12036,-0.001135503,-0.000857636,-0.000729613,-0.001172605,1.094775
10/29/2015,1.0976,1.0925,1.0986,1.0904,0.005128205,-0.011491133,-0.009913482,0.000917936,1.122925,1.12433,1.129775,1.11921,-0.000959623,-0.001112136,-0.000990003,-0.001023634,1.10055
10/30/2015,1.1005,1.0978,1.1073,1.0966,0.002642128,0.004851259,0.00791917,0.005685987,1.121905,1.123235,1.128545,1.118295,-0.000894517,-0.000963524,-0.001080218,-0.000806695,1.102075
11/2/2015,1.1013,1.1016,1.1053,1.1001,0.000726942,0.003461468,-0.001806195,0.003191683,1.121045,1.1222,1.12736,1.11744,-0.000751113,-0.000906554,-0.001042424,-0.00075026,1.098725
11/3/2015,1.0966,1.1016,1.1031,1.0936,-0.004267684,0,-0.00199041,-0.005908554,1.119535,1.121325,1.12611,1.116265,-0.001335529,-0.000763989,-0.001102087,-0.001041212,1.091
11/4/2015,1.0862,1.0965,1.097,1.0843,-0.009483859,-0.00462963,-0.00552987,-0.008504023,1.11767,1.119785,1.124535,1.114425,-0.00166329,-0.001361836,-0.001396309,-0.001645448,1.08695
11/5/2015,1.0881,1.0866,1.0898,1.0833,0.001749217,-0.009028728,-0.006563355,-0.000922254,1.115685,1.117925,1.12239,1.11243,-0.001767195,-0.001658035,-0.001910564,-0.001785219,1.080575
11/6/2015,1.0738,1.0884,1.0894,1.0707,-0.013142174,0.001656543,-0.00036704,-0.011631127,1.112605,1.11595,1.11992,1.10963,-0.002761243,-0.001757624,-0.002198185,-0.00252258,1.074925
11/9/2015,1.0749,1.0738,1.0791,1.0719,0.001024399,-0.013414186,-0.009454746,0.001120762,1.109575,1.112855,1.11689,1.10646,-0.002714427,-0.002774109,-0.002710437,-0.002848187,1.072775
11/10/2015,1.0723,1.0751,1.0764,1.0673,-0.00241883,0.001210654,-0.002502085,-0.004291445,1.10631,1.109835,1.11365,1.103105,-0.002927839,-0.002704771,-0.002901348,-0.003023122,1.07365
11/11/2015,1.0743,1.0724,1.0774,1.0705,0.00186515,-0.002511394,0.000929023,0.00299822,1.10266,1.106565,1.110065,1.099755,-0.003260917,-0.002931618,-0.003201024,-0.003009848,1.077025
11/12/2015,1.0817,1.0744,1.083,1.069,0.006888206,0.001864976,0.005197698,-0.001401214,1.099835,1.10292,1.106735,1.09639,-0.002519924,-0.003255841,-0.002962895,-0.003027161,1.07805
11/13/2015,1.0777,1.0814,1.0818,1.0713,-0.003697883,0.006515264,-0.001108033,0.002151543,1.09699,1.100075,1.10383,1.093285,-0.002546674,-0.002537853,-0.002596411,-0.002791977,1.07225
11/16/2015,1.0684,1.0753,1.078,1.0673,-0.008629489,-0.005640836,-0.003512664,-0.003733781,1.09379,1.097085,1.10083,1.09012,-0.002881198,-0.002679334,-0.002688703,-0.002855144,1.06635
11/17/2015,1.0641,1.0689,1.0695,1.0629,-0.00402471,-0.005951827,-0.007884972,-0.004122552,1.090275,1.09389,1.097365,1.08665,-0.003170741,-0.002875613,-0.003118101,-0.003136453,1.0653
11/18/2015,1.0658,1.0643,1.0694,1.0617,0.001597594,-0.00430349,-9.35016E-05,-0.001128987,1.086885,1.09037,1.093945,1.08307,-0.0030556,-0.00317465,-0.003078871,-0.00323706,1.070225
11/19/2015,1.0732,1.0659,1.0764,1.0654,0.006943141,0.001503336,0.006545727,0.003484977,1.085015,1.08697,1.091005,1.08084,-0.001693976,-0.003064232,-0.002637329,-0.00203484,1.069025
11/20/2015,1.0643,1.0734,1.0745,1.0639,-0.008292956,0.007036307,-0.001765143,-0.001407922,1.08316,1.085095,1.089025,1.07907,-0.001694433,-0.001698218,-0.001796234,-0.001623254,1.063275
11/23/2015,1.0634,1.0646,1.0658,1.0593,-0.000845626,-0.008198249,-0.008096789,-0.004323715,1.08105,1.08328,1.08697,1.07709,-0.001927381,-0.001658045,-0.001877943,-0.001821246,1.064325
11/24/2015,1.064,1.0637,1.0675,1.0621,0.000564228,-0.000845388,0.001595046,0.002643255,1.07901,1.08117,1.084945,1.07505,-0.00186299,-0.001927401,-0.001847879,-0.001871083,1.06315
11/25/2015,1.0626,1.0644,1.069,1.0566,-0.001315789,0.00065808,0.001405152,-0.00517842,1.07754,1.07913,1.082915,1.07341,-0.001349489,-0.001862849,-0.001849824,-0.001517982,1.061725
11/26/2015,1.0609,1.0627,1.0634,1.0599,-0.001599849,-0.001597144,-0.005238541,0.003123225,1.075705,1.07764,1.081155,1.071885,-0.001685892,-0.001368149,-0.001616076,-0.001407717,1.060175
11/27/2015,1.059,1.061,1.0639,1.0568,-0.001790932,-0.001599699,0.00047019,-0.002924804,1.07363,1.0758,1.078985,1.069895,-0.001907545,-0.001690697,-0.001988525,-0.001838257,1.05775
11/30/2015,1.0563,1.0592,1.0598,1.0557,-0.002549575,-0.001696513,-0.003853746,-0.001040878,1.07138,1.07368,1.07671,1.067675,-0.002071371,-0.001948596,-0.002090903,-0.002049885,1.060025
12/1/2015,1.0631,1.0568,1.064,1.0562,0.006437565,-0.002265861,0.003963012,0.000473619,1.069705,1.07144,1.074755,1.065805,-0.001536109,-0.002061889,-0.001793232,-0.001730776,1.060925
12/2/2015,1.0611,1.0633,1.0642,1.0551,-0.001881291,0.006150643,0.00018797,-0.001041469,1.06845,1.06978,1.073115,1.064345,-0.00115598,-0.001522876,-0.00150734,-0.001357648,1.07685
12/3/2015,1.0938,1.0615,1.0982,1.0539,0.030817077,-0.001692843,0.031948882,-0.001137333,1.068735,1.068525,1.073535,1.062875,0.000297413,-0.001156081,0.000418272,-0.001368402,1.0904
12/4/2015,1.0884,1.094,1.0957,1.0835,-0.004936917,0.030617051,-0.002276452,0.028086156,1.069465,1.068805,1.07385,1.063515,0.000707676,0.000291944,0.000322801,0.000617462,1.0845
12/7/2015,1.0835,1.0862,1.0888,1.0795,-0.004502021,-0.007129799,-0.006297344,-0.00369174,1.069895,1.069425,1.074335,1.063895,0.000431355,0.000606163,0.000480671,0.000376837,1.086525
12/8/2015,1.0893,1.0838,1.0903,1.0827,0.005353023,-0.002209538,0.001377663,0.002964335,1.070745,1.06986,1.07503,1.064665,0.000819947,0.000435154,0.000674659,0.000739626,1.09595
12/9/2015,1.1025,1.0892,1.1043,1.0878,0.012117874,0.004982469,0.012840503,0.004710446,1.072155,1.0707,1.076375,1.06553,0.001332583,0.000809847,0.001270233,0.000825237,1.098075
12/10/2015,1.094,1.1028,1.103,1.0925,-0.007709751,0.012486228,-0.001177216,0.004320647,1.07277,1.07212,1.077375,1.066705,0.000602686,0.00134091,0.000951487,0.00111133,1.097175
12/11/2015,1.0987,1.0944,1.1031,1.0925,0.004296161,-0.007616975,9.06618E-05,0,1.07382,1.07277,1.07844,1.067765,0.001002388,0.000634298,0.001011422,0.001003753,1.099275
12/14/2015,1.099,1.0986,1.105,1.0945,0.00027305,0.003837719,0.001722419,0.001830664,1.07535,1.073935,1.07979,1.069125,0.001447515,0.001108225,0.001273176,0.001281975,1.0971
12/15/2015,1.0927,1.0992,1.1061,1.0904,-0.005732484,0.00054615,0.000995475,-0.003746003,1.07678,1.07545,1.08162,1.0705,0.001362126,0.001433124,0.001717198,0.001300803,1.093575
12/16/2015,1.0911,1.0935,1.1009,1.0888,-0.001464263,-0.00518559,-0.004701202,-0.001467351,1.078045,1.07691,1.083195,1.071855,0.001209033,0.001389019,0.001486813,0.001283884,1.08645
12/17/2015,1.0825,1.0915,1.0917,1.0801,-0.007881954,-0.001828989,-0.008356799,-0.007990448,1.07851,1.07819,1.08396,1.07259,0.000467778,0.001222403,0.000741687,0.000710113,1.0843
12/18/2015,1.0865,1.0827,1.0876,1.0804,0.00369515,-0.0080623,-0.003755611,0.000277752,1.07962,1.078655,1.084615,1.073415,0.001067184,0.000467473,0.000642164,0.000794397,1.0891
12/21/2015,1.0912,1.0864,1.094,1.0848,0.004325817,0.003417382,0.005884516,0.004072566,1.08101,1.079745,1.086025,1.07469,0.001325756,0.001048254,0.001341229,0.001214211,1.093975
12/22/2015,1.0954,1.0917,1.0986,1.0902,0.003848974,0.004878498,0.004204753,0.004977876,1.08258,1.081145,1.08758,1.076095,0.001489993,0.001334449,0.001471714,0.001330942,1.0924
12/23/2015,1.0909,1.0958,1.0959,1.087,-0.004108088,0.003755611,-0.002457673,-0.002935241,1.083995,1.082715,1.088925,1.077615,0.001350378,0.001489325,0.001278573,0.001443101,1.093875
12/24/2015,1.0969,1.0912,1.0974,1.09,0.005500046,-0.004197846,0.001368738,0.00275989,1.085795,1.08414,1.090625,1.07912,0.001705373,0.00135929,0.001608937,0.001424934,1.096625
12/25/2015,1.0973,1.0972,1.0978,1.0942,0.000364664,0.005498534,0.000364498,0.003853211,1.08771,1.08595,1.09232,1.08099,0.001813153,0.001714202,0.001603652,0.001763835,1.09685
12/28/2015,1.0965,1.0965,1.0993,1.0951,-0.000729062,-0.000637988,0.001366369,0.000822519,1.08972,1.087815,1.094295,1.08296,0.001904178,0.001767128,0.001864658,0.001857005,1.094425
12/29/2015,1.0917,1.0968,1.0993,1.0899,-0.004377565,0.000273598,0,-0.004748425,1.09115,1.089815,1.09606,1.084645,0.001363422,0.001894101,0.001666507,0.001595903,1.0924
12/30/2015,1.0929,1.092,1.0945,1.0902,0.001099203,-0.004376368,-0.004366415,0.000275255,1.09274,1.09125,1.097575,1.0864,0.001512447,0.00136775,0.001438788,0.001661739,1.089575
12/31/2015,1.086,1.0934,1.0939,1.085,-0.006313478,0.001282051,-0.000548196,-0.004769767,1.09235,1.092845,1.09736,1.087955,-0.000344081,0.001516495,-0.000186066,0.001480117,1.0858
1/1/2016,1.0858,1.0861,1.0869,1.0844,-0.000184162,-0.006676422,-0.006399122,-0.000552995,1.09222,1.09245,1.09692,1.088,-0.000106443,-0.000348179,-0.000392199,4.81595E-05,1.0854
1/4/2016,1.0829,1.0859,1.0947,1.0781,-0.002670842,-0.000184145,0.007176373,-0.005809664,1.09219,1.092435,1.097215,1.08793,-1.48844E-05,-8.96008E-07,0.000281487,-5.77368E-05,1.078175
1/5/2016,1.0746,1.0831,1.084,1.071,-0.007664604,-0.002578506,-0.009774367,-0.00658566,1.091455,1.0924,1.0969,1.087345,-0.000665766,-1.93444E-05,-0.000276115,-0.000535237,1.07615
1/6/2016,1.0778,1.0748,1.0801,1.0719,0.002977852,-0.007663189,-0.003597786,0.000840336,1.09022,1.09168,1.09569,1.08655,-0.001122767,-0.000651627,-0.001098029,-0.000728742,1.085675
1/7/2016,1.0934,1.0781,1.0942,1.077,0.014473928,0.003070339,0.013054347,0.004757907,1.09019,1.090445,1.09525,1.085775,-1.35829E-05,-0.001122422,-0.000386451,-0.000706879,1.090025
1/8/2016,1.0929,1.0933,1.0936,1.0803,-0.000457289,0.014098878,-0.000548346,0.003064067,1.0899,1.09039,1.094775,1.085165,-0.000251255,-3.66292E-05,-0.000418401,-0.000553676,1.09005
1/11/2016,1.0859,1.0925,1.097,1.0848,-0.006404978,-0.00073173,0.003108998,0.00416551,1.089245,1.090085,1.094375,1.08468,-0.000585157,-0.000265102,-0.000349072,-0.000436933,1.08585
1/12/2016,1.0854,1.0859,1.0902,1.0819,-0.000460448,-0.00604119,-0.006198724,-0.002673304,1.08888,1.08942,1.09358,1.084255,-0.000321555,-0.000594469,-0.000708782,-0.000383298,1.085625
1/13/2016,1.0873,1.0858,1.0889,1.0805,0.001750507,-9.20895E-05,-0.001192442,-0.00129402,1.08869,1.089035,1.09298,1.08384,-0.000160816,-0.000339794,-0.000533344,-0.000374632,1.088125
1/14/2016,1.0864,1.0881,1.0946,1.0834,-0.000827738,0.002118254,0.00523464,0.002683943,1.088885,1.088865,1.093125,1.084005,0.000191894,-0.000142431,0.000146228,0.000159088,1.09045
1/15/2016,1.0914,1.0865,1.0985,1.0854,0.004602356,-0.001470453,0.003562945,0.00184604,1.08913,1.089055,1.09367,1.084255,0.000237255,0.000187161,0.000512155,0.000237502,1.09045
1/18/2016,1.089,1.0919,1.0941,1.0868,-0.00219901,0.004970087,-0.004005462,0.001289847,1.08902,1.08933,1.093675,1.084355,-8.89867E-05,0.000264796,1.76564E-05,9.83661E-05,1.089925
1/19/2016,1.0905,1.0892,1.094,1.086,0.00137741,-0.002472754,-9.13993E-05,-0.000736106,1.088775,1.089205,1.093445,1.084145,-0.000212565,-0.000102766,-0.000197151,-0.000187333,1.0913
1/20/2016,1.0889,1.0909,1.0977,1.0877,-0.001467217,0.001560779,0.003382084,0.001565378,1.088675,1.08896,1.093535,1.08418,-8.05213E-05,-0.000212508,9.48367E-05,3.7698E-05,1.0866
1/21/2016,1.0872,1.0892,1.0922,1.0778,-0.001561209,-0.001558346,-0.005010476,-0.009101774,1.08819,1.08886,1.093275,1.08357,-0.000433584,-8.05331E-05,-0.000224124,-0.000555385,1.0834
1/22/2016,1.0794,1.0875,1.0878,1.0789,-0.007174393,-0.001560779,-0.004028566,0.001020598,1.087295,1.088375,1.092775,1.082805,-0.000810537,-0.000433499,-0.000443777,-0.000697016,1.0823
1/25/2016,1.0847,1.0799,1.0858,1.0788,0.004910135,-0.006988506,-0.001838573,-9.2687E-05,1.086705,1.087545,1.0921,1.08199,-0.000528577,-0.000751025,-0.000604024,-0.000742776,1.0853
1/26/2016,1.0869,1.0849,1.0875,1.0819,0.002028211,0.004630058,0.001565666,0.002873563,1.086465,1.08695,1.09151,1.08159,-0.000208288,-0.000533202,-0.000525741,-0.000361677,1.088225
1/27/2016,1.0891,1.0871,1.0917,1.085,0.002024105,0.002027837,0.003862069,0.00286533,1.086275,1.086705,1.09137,1.08133,-0.000162043,-0.000212991,-0.000114317,-0.000232173,1.09165
1/28/2016,1.0937,1.0892,1.0968,1.0869,0.004223671,0.001931745,0.004671613,0.001751152,1.08666,1.086495,1.091515,1.081425,0.000364814,-0.000180507,0.000146674,9.38729E-05,1.0883
1/29/2016,1.0834,1.0939,1.0949,1.081,-0.009417573,0.004315094,-0.001732312,-0.005428282,1.08654,1.086885,1.091915,1.081255,-9.68562E-05,0.000369069,0.000380014,-0.000149891,1.08615
2/1/2016,1.0886,1.0833,1.0913,1.0814,0.004799705,-0.0096901,-0.003287972,0.000370028,1.086825,1.086755,1.091745,1.08142,0.000276671,-0.000106229,-0.000143203,0.000159093,1.09075
2/2/2016,1.0916,1.0889,1.0941,1.0884,0.002755833,0.00516939,0.002565747,0.00647309,1.087675,1.087045,1.09225,1.08229,0.000797693,0.000281166,0.000473803,0.000812031,1.1018
2/3/2016,1.1103,1.0919,1.1147,1.0903,0.017130817,0.002755074,0.018828261,0.001745682,1.0893,1.0879,1.09398,1.08321,0.001505341,0.000802079,0.001595105,0.000857298,1.115475
2/4/2016,1.1206,1.1104,1.124,1.1069,0.009276772,0.016942943,0.008343052,0.015225167,1.09066,1.089515,1.09547,1.084705,0.001245483,0.00149571,0.00135954,0.001380661,1.11795
2/5/2016,1.1156,1.1208,1.1246,1.1108,-0.004461895,0.009365994,0.000533808,0.003523354,1.091795,1.09089,1.09702,1.08623,0.001045253,0.001259065,0.001413648,0.001403625,1.1164
2/8/2016,1.1195,1.1158,1.1217,1.1086,0.003495877,-0.004461099,-0.002578695,-0.001980555,1.093475,1.092055,1.098255,1.08742,0.001540296,0.001072597,0.001129263,0.001096322,1.12475
2/9/2016,1.1291,1.1198,1.1338,1.1163,0.008575257,0.003584872,0.010787198,0.006945697,1.09566,1.09375,1.100435,1.08914,0.001992081,0.0015539,0.001978559,0.001577272,1.12635
2/10/2016,1.1289,1.1294,1.1311,1.116,-0.000177132,0.008572959,-0.002381372,-0.000268745,1.09774,1.09593,1.102545,1.090915,0.001895699,0.001987152,0.001919113,0.001628536,1.1315
2/11/2016,1.1321,1.129,1.1376,1.1273,0.002834618,-0.00035417,0.005746618,0.010125448,1.100025,1.097975,1.104695,1.09311,0.002078817,0.001863531,0.001944712,0.002000611,1.128375
2/12/2016,1.1258,1.1329,1.1334,1.1214,-0.005564879,0.003454384,-0.003691983,-0.005233744,1.101745,1.100295,1.10644,1.09491,0.001570455,0.002109773,0.001581965,0.001646622,1.11965
2/15/2016,1.1153,1.1252,1.1254,1.1127,-0.009326701,-0.006796716,-0.007058408,-0.007758159,1.10306,1.10196,1.108005,1.096205,0.001214071,0.001521433,0.001429318,0.001194222,1.1153
2/16/2016,1.1141,1.1155,1.1194,1.1122,-0.001075944,-0.00862069,-0.005331438,-0.000449357,1.10424,1.103275,1.109275,1.097515,0.001091403,0.001214036,0.001167316,0.001208559,1.1139
2/17/2016,1.1127,1.1144,1.118,1.1105,-0.00125662,-0.000986105,-0.00125067,-0.001528502,1.10543,1.10445,1.11029,1.098655,0.001101933,0.001086692,0.000935678,0.001053865,1.111275
2/18/2016,1.1103,1.1128,1.1151,1.1069,-0.002156916,-0.00143575,-0.002593918,-0.003241783,1.106585,1.10563,1.111435,1.10011,0.001072147,0.001092822,0.001056506,0.001346865,1.1111
2/19/2016,1.1132,1.1107,1.114,1.1065,0.002611907,-0.001887132,-0.000986459,-0.00036137,1.108275,1.10679,1.112745,1.10149,0.001561462,0.001076504,0.001208612,0.001277766,1.1073
2/22/2016,1.1026,1.1128,1.1136,1.1002,-0.009522098,0.0018907,-0.000359066,-0.005693629,1.10917,1.108435,1.114135,1.10256,0.000839851,0.001520464,0.001282587,0.000997719,1.1022
2/23/2016,1.1017,1.1029,1.1053,1.0989,-0.000816252,-0.008896477,-0.007453305,-0.001181603,1.10991,1.109335,1.115025,1.10341,0.000697627,0.000844138,0.000831638,0.000794961,1.100875
2/24/2016,1.1011,1.102,1.1047,1.0957,-0.000544613,-0.00081603,-0.000542839,-0.002912003,1.11051,1.11008,1.115675,1.103945,0.000569192,0.000701944,0.000611393,0.000506094,1.101825
2/25/2016,1.1021,1.1014,1.1051,1.0987,0.000908183,-0.000544465,0.000362089,0.002737976,1.11093,1.11069,1.11609,1.104535,0.000403417,0.000578134,0.000395917,0.000555435,1.09825
2/26/2016,1.0931,1.1019,1.1069,1.0911,-0.008166228,0.000453968,0.001628812,-0.006917266,1.111415,1.11109,1.11669,1.10504,0.000465984,0.000385078,0.000563973,0.000480986,1.090625
2/29/2016,1.0871,1.0932,1.0964,1.0858,-0.005488976,-0.007895453,-0.009485952,-0.004857483,1.11134,1.111585,1.116945,1.10526,-4.84496E-05,0.00047481,0.000254074,0.000219611,1.086575
3/1/2016,1.0864,1.0872,1.0894,1.0833,-0.000643915,-0.005488474,-0.006384531,-0.00230245,1.11108,1.1115,1.11671,1.105005,-0.000218437,-5.80834E-05,-0.00019344,-0.000219166,1.086
3/2/2016,1.0866,1.0868,1.0881,1.0825,0.000184094,-0.000367918,-0.001193317,-0.000738484,1.109895,1.111245,1.11538,1.104615,-0.001065773,-0.000214233,-0.001194519,-0.000343375,1.091225
3/3/2016,1.0955,1.0869,1.0973,1.0852,0.008190687,9.20132E-05,0.008455105,0.002494226,1.10864,1.11007,1.114045,1.10353,-0.001120077,-0.001056779,-0.001188916,-0.000979922,1.097625
3/4/2016,1.1001,1.0957,1.1044,1.0903,0.004198996,0.008096421,0.006470427,0.004699595,1.107865,1.108815,1.113035,1.102505,-0.000687033,-0.001120258,-0.000892085,-0.00092111,1.099675
3/7/2016,1.1012,1.1008,1.1027,1.094,0.000999909,0.004654559,-0.001539297,0.003393561,1.10695,1.108065,1.112085,1.101775,-0.000811831,-0.000664475,-0.000840115,-0.000652404,1.10185
3/8/2016,1.1009,1.1014,1.1059,1.0992,-0.00027243,0.000545058,0.002901968,0.004753199,1.10554,1.107145,1.11069,1.10092,-0.001254216,-0.000816466,-0.001234377,-0.000762029,1.099725
3/9/2016,1.0997,1.1011,1.1036,1.0945,-0.001090017,-0.000272381,-0.002079754,-0.004275837,1.10408,1.10573,1.109315,1.099845,-0.00129986,-0.001258733,-0.001219296,-0.000962383,1.105375
3/10/2016,1.1176,1.0999,1.1218,1.0822,0.016277166,-0.001089819,0.016491482,-0.011238008,1.103355,1.104275,1.108525,1.09759,-0.000627732,-0.001295515,-0.000682053,-0.002030556,1.115425
3/11/2016,1.115,1.1177,1.121,1.108,-0.002326414,0.016183289,-0.00071314,0.023840325,1.102815,1.103515,1.107905,1.09692,-0.000465809,-0.00065907,-0.00053311,-0.000576853,1.11265
3/14/2016,1.1104,1.1151,1.1176,1.1075,-0.004125561,-0.002326206,-0.003033006,-0.000451264,1.10257,1.10301,1.107515,1.09666,-0.000205752,-0.000435545,-0.00033184,-0.000211508,1.1102
3/15/2016,1.1108,1.1103,1.1126,1.1071,0.000360231,-0.004304547,-0.004473873,-0.000361174,1.102405,1.10275,1.107175,1.096405,-0.000133943,-0.000219737,-0.000288962,-0.000207099,1.11575
3/16/2016,1.1222,1.1109,1.1243,1.1056,0.010262874,0.000540394,0.010515909,-0.001354891,1.10288,1.102575,1.10749,1.09616,0.000442031,-0.000143412,0.000299367,-0.000198418,1.127225
3/17/2016,1.1317,1.1224,1.1343,1.1205,0.008465514,0.010351967,0.008894423,0.013476845,1.10395,1.103055,1.10845,1.09684,0.000973153,0.000445973,0.000873784,0.000637513,1.129475
3/18/2016,1.1267,1.1318,1.1338,1.1256,-0.004418132,0.008374911,-0.0004408,0.004551539,1.104625,1.10411,1.10944,1.097795,0.000621651,0.000959076,0.000901067,0.000883159,1.125725
3/21/2016,1.1239,1.127,1.1286,1.1234,-0.002485134,-0.004241032,-0.004586347,-0.001954513,1.10569,1.10482,1.11019,1.098955,0.000973499,0.000652489,0.000689703,0.001070115,1.122675
3/22/2016,1.1214,1.1244,1.1261,1.1188,-0.002224397,-0.00230701,-0.002215134,-0.004094712,1.106675,1.105895,1.11123,1.09995,0.000903092,0.000981962,0.000951611,0.000924459,1.119675
3/23/2016,1.1183,1.1219,1.1226,1.1159,-0.002764402,-0.002223408,-0.003108072,-0.002592063,1.107535,1.10689,1.112125,1.10096,0.000792102,0.000911593,0.00082335,0.000940456,1.117175
3/24/2016,1.1173,1.1181,1.1189,1.1144,-0.000894214,-0.003387111,-0.00329592,-0.001344206,1.108295,1.107725,1.112815,1.101745,0.000701983,0.000769461,0.000640449,0.000736347,1.116975
3/25/2016,1.1163,1.1175,1.1189,1.1152,-0.000895015,-0.000536625,0,0.000717875,1.109455,1.108505,1.113415,1.10295,0.001065543,0.000719931,0.000559009,0.001118104,1.11825
3/28/2016,1.1193,1.1164,1.122,1.1153,0.00268745,-0.00098434,0.002770578,8.967E-05,1.111065,1.109665,1.114695,1.104425,0.001474364,0.001065487,0.001171835,0.001365462,1.123975
3/29/2016,1.1289,1.1197,1.1305,1.1168,0.008576789,0.00295593,0.007575758,0.00134493,1.11319,1.11129,1.11675,1.1061,0.0019354,0.001487707,0.00186985,0.001547831,1.1318
3/30/2016,1.1336,1.129,1.1365,1.1281,0.004163345,0.008305796,0.005307386,0.010118195,1.11554,1.1134,1.11917,1.10838,0.002134362,0.001921393,0.002194885,0.002090665,1.1359
3/31/2016,1.1378,1.1337,1.1412,1.1309,0.003705011,0.004162976,0.004135504,0.002482049,1.117655,1.11574,1.121365,1.110665,0.001910078,0.002124941,0.001978905,0.002090056,1.1385
4/1/2016,1.1386,1.1381,1.1439,1.1334,0.000703111,0.003881097,0.002365931,0.002210629,1.11958,1.11786,1.12334,1.11282,0.001735284,0.001914175,0.00177368,0.001965607,1.13885
4/4/2016,1.139,1.1393,1.1414,1.1357,0.000351309,0.001054389,-0.002185506,0.002029292,1.12147,1.119785,1.125275,1.114905,0.001702854,0.001734167,0.001741369,0.001897394,1.137825
4/5/2016,1.1382,1.1389,1.1406,1.1336,-0.000702371,-0.000351093,-0.000700894,-0.00184908,1.123335,1.12166,1.12701,1.116625,0.001681357,0.001689359,0.001561226,0.00156728,1.138525
4/6/2016,1.1397,1.1385,1.1433,1.1326,0.00131787,-0.000351216,0.002367175,-0.000882145,1.125335,1.12353,1.128995,1.11853,0.001801752,0.001685417,0.001783573,0.001736965,1.1391
4/7/2016,1.1375,1.1399,1.1454,1.1336,-0.001930333,0.001229688,0.001836788,0.000882924,1.12633,1.12553,1.130175,1.1211,0.000891377,0.001801393,0.001050838,0.002343011,1.13865
4/8/2016,1.1399,1.1378,1.142,1.1349,0.00210989,-0.001842267,-0.002968395,0.001146789,1.127575,1.126535,1.131225,1.122445,0.001113192,0.000900115,0.000938075,0.001208334,1.14085
4/11/2016,1.1406,1.1408,1.1448,1.1372,0.000614089,0.002636667,0.002451839,0.00202661,1.129085,1.12782,1.132585,1.12393,0.001350174,0.001148258,0.001212317,0.001332228,1.140125
4/12/2016,1.1384,1.1408,1.1466,1.1347,-0.001928809,0,0.001572327,-0.002198382,1.130465,1.129345,1.134285,1.12531,0.001235722,0.001363486,0.001514627,0.001240368,1.13295
4/13/2016,1.1272,1.1386,1.1393,1.1267,-0.00983837,-0.001928471,-0.006366649,-0.007050322,1.130715,1.13073,1.135035,1.126365,0.00023066,0.001240042,0.0006705,0.000955596,1.126725
4/14/2016,1.1266,1.1274,1.1296,1.1233,-0.000532292,-0.009836641,-0.008514,-0.003017662,1.13046,1.13098,1.1348,1.126505,-0.00021923,0.000230612,-0.000199922,0.000130871,1.1278
4/15/2016,1.128,1.1269,1.1318,1.1245,0.001242677,-0.000443498,0.001947592,0.001068281,1.130525,1.130735,1.1347,1.12645,6.38102E-05,-0.000210308,-8.05019E-05,-4.32921E-05,1.130375
4/18/2016,1.1312,1.1297,1.1333,1.1273,0.002836879,0.002484693,0.001325322,0.002489996,1.13089,1.13087,1.134935,1.126645,0.000329911,0.000125978,0.000215082,0.000178933,1.13395
4/19/2016,1.1356,1.1314,1.1386,1.1302,0.003889675,0.001504824,0.004676608,0.002572518,1.1316,1.13122,1.13556,1.127215,0.000635614,0.000316569,0.000559669,0.000512295,1.133225
4/20/2016,1.1295,1.1357,1.1388,1.1289,-0.00537161,0.003800601,0.000175654,-0.001150239,1.13216,1.13191,1.13637,1.127865,0.000505254,0.00061777,0.000723855,0.000584386,1.131225
4/21/2016,1.1286,1.1297,1.1395,1.1271,-0.000796813,-0.005283085,0.000614682,-0.001594472,1.132725,1.13249,1.1374,1.1285,0.000510124,0.000522971,0.000919385,0.000571873,1.126125
4/22/2016,1.123,1.1288,1.1309,1.1218,-0.0049619,-0.000796672,-0.00754717,-0.004702333,1.13306,1.133055,1.138,1.12883,0.00030678,0.000509969,0.000542027,0.000300862,1.1247
4/25/2016,1.1263,1.123,1.1279,1.1216,0.002938557,-0.0051382,-0.002652754,-0.000178285,1.13341,1.133385,1.138295,1.129145,0.000319335,0.000302276,0.00027086,0.000287465,1.128975
4/26/2016,1.1298,1.1266,1.1339,1.1256,0.00310752,0.003205699,0.005319621,0.003566334,1.133455,1.13373,1.138465,1.129585,4.58718E-05,0.000314764,0.000158053,0.000398535,1.13135
4/27/2016,1.1319,1.1299,1.1363,1.1273,0.001858736,0.002929167,0.002116589,0.001510306,1.13337,1.133775,1.138455,1.129545,-6.93586E-05,4.59329E-05,-1.48679E-06,-3.18596E-05,1.133425
4/28/2016,1.1351,1.1322,1.1369,1.1295,0.002827105,0.002035578,0.00052803,0.001951566,1.133235,1.1337,1.13824,1.129475,-0.000113254,-6.0437E-05,-0.000181861,-5.83838E-05,1.140075
4/29/2016,1.1454,1.1353,1.1461,1.1335,0.00907409,0.002738032,0.00809218,0.00354139,1.133575,1.13356,1.13835,1.12948,0.000305295,-0.00011759,0.000104452,8.15426E-06,1.14895
5/2/2016,1.1529,1.1446,1.1538,1.1445,0.006547931,0.008191667,0.006718436,0.009704455,1.13427,1.133825,1.13897,1.12992,0.000615126,0.000239274,0.000549649,0.000391912,1.1535
5/3/2016,1.1495,1.1535,1.1616,1.1494,-0.002949085,0.007775642,0.00676027,0.004281346,1.134835,1.134555,1.14002,1.13071,0.00050279,0.00064561,0.000922707,0.000698434,1.14945
5/4/2016,1.1485,1.1496,1.153,1.1467,-0.000869943,-0.003381014,-0.007403581,-0.002349052,1.135275,1.13511,1.140505,1.131415,0.0003934,0.000494121,0.000434169,0.000625088,1.144325
5/5/2016,1.1404,1.1488,1.1496,1.1385,-0.007052677,-0.000695894,-0.002948829,-0.007150955,1.13542,1.135555,1.140715,1.13166,0.000137283,0.000397841,0.000194889,0.000223394,1.1419
5/6/2016,1.1402,1.1409,1.1479,1.1386,-0.000175377,-0.006876741,-0.001478775,8.78349E-05,1.135435,1.13571,1.14101,1.131845,2.30192E-05,0.000146118,0.00026937,0.000170447,1.13945
5/9/2016,1.1381,1.1402,1.1421,1.1374,-0.001841782,-0.000613551,-0.005052705,-0.001053926,1.13531,1.13568,1.140875,1.131855,-9.97744E-05,-1.63932E-05,-0.000105858,1.64199E-05,1.137975
5/10/2016,1.1368,1.1383,1.141,1.1358,-0.001142255,-0.001666374,-0.000963138,-0.001406717,1.13523,1.135555,1.140595,1.13191,-6.04466E-05,-9.97119E-05,-0.000232631,5.60031E-05,1.140325
5/11/2016,1.1425,1.1372,1.1448,1.1368,0.005014075,-0.000966353,0.003330412,0.000880437,1.135995,1.135485,1.14087,1.132415,0.000682176,-5.1606E-05,0.000252222,0.000452541,1.140075
5/12/2016,1.1375,1.1426,1.1434,1.1368,-0.004376368,0.004748505,-0.001222921,0,1.13654,1.136245,1.14156,1.13309,0.000489972,0.000677651,0.000616776,0.000603424,1.13365
5/13/2016,1.1305,1.1377,1.1382,1.1282,-0.006153846,-0.004288465,-0.00454784,-0.007565095,1.136665,1.136785,1.14188,1.133275,0.000120146,0.000485403,0.000292005,0.000171755,1.131775
5/16/2016,1.1316,1.131,1.1344,1.1301,0.000973021,-0.005889074,-0.003338605,0.001684099,1.136685,1.13685,1.141935,1.133415,2.69527E-05,6.67146E-05,5.88082E-05,0.000131461,1.132075
5/17/2016,1.1311,1.1321,1.1349,1.1302,-0.000441852,0.000972591,0.000440762,8.84877E-05,1.13646,1.136885,1.14175,1.133415,-0.000189624,4.0103E-05,-0.000152984,7.25898E-06,1.1267
5/18/2016,1.1215,1.1314,1.1327,1.1212,-0.008487313,-0.00061832,-0.001938497,-0.007963192,1.13606,1.13667,1.141445,1.13303,-0.000345409,-0.000180843,-0.000258692,-0.000333389,1.12075
5/19/2016,1.1202,1.1217,1.1231,1.118,-0.001159162,-0.008573449,-0.008475324,-0.002854085,1.13564,1.13627,1.140625,1.132575,-0.000363526,-0.000345361,-0.000713192,-0.000396369,1.121425
5/20/2016,1.1222,1.1203,1.1239,1.1193,0.001785395,-0.001248106,0.000712314,0.001162791,1.1356,1.135845,1.140275,1.13245,-2.61615E-05,-0.000367933,-0.000300218,-0.000103113,1.121575
5/23/2016,1.1216,1.1217,1.1244,1.1186,-0.000534664,0.001249665,0.000444879,-0.000625391,1.135365,1.13578,1.1401,1.1323,-0.000199823,-4.85397E-05,-0.000145336,-0.000125468,1.118
5/24/2016,1.114,1.1221,1.1228,1.1131,-0.006776034,0.000356602,-0.001422981,-0.00491686,1.134575,1.135555,1.139545,1.131675,-0.000694,-0.000190995,-0.000482466,-0.000549628,1.11475
5/25/2016,1.1153,1.1141,1.1168,1.1128,0.001166966,-0.007129489,-0.005343783,-0.000269518,1.133745,1.134765,1.13857,1.13095,-0.000728589,-0.000693927,-0.000855485,-0.000638619,1.117725
5/26/2016,1.1192,1.1155,1.1218,1.1144,0.003496817,0.00125662,0.004477077,0.001437815,1.13295,1.13393,1.137815,1.130195,-0.000695103,-0.000732875,-0.000658032,-0.000664307,1.115425
5/27/2016,1.1114,1.1194,1.1202,1.1107,-0.006969264,0.00349619,-0.001426279,-0.003320172,1.13125,1.133135,1.13652,1.129055,-0.001497271,-0.000694967,-0.001133955,-0.001007385,1.112675
5/30/2016,1.1144,1.1117,1.1148,1.1098,0.002699298,-0.006878685,-0.004820568,-0.0008103,1.129325,1.13149,1.13457,1.12732,-0.001689703,-0.001448485,-0.001710906,-0.001533123,1.114075
5/31/2016,1.1129,1.1139,1.1174,1.1121,-0.001346016,0.001978951,0.002332257,0.002072445,1.127495,1.12951,1.13236,1.125455,-0.001609549,-0.00173832,-0.001932306,-0.001643568,1.115675
6/1/2016,1.1185,1.1132,1.1197,1.1113,0.005031899,-0.000628423,0.00205835,-0.00071936,1.125995,1.12769,1.130695,1.123685,-0.001314457,-0.00160069,-0.00145921,-0.001562083,1.117525
6/2/2016,1.1149,1.1189,1.1221,1.1142,-0.003218596,0.005120374,0.002143431,0.002609556,1.12472,1.126195,1.12932,1.12247,-0.001122753,-0.001309877,-0.001204597,-0.001074058,1.12575
6/3/2016,1.1365,1.1151,1.1378,1.1136,0.019373935,-0.003396193,0.013991623,-0.000538503,1.124535,1.124905,1.128815,1.12122,-0.000145287,-0.001135849,-0.000431077,-0.001105374,1.135525
6/6/2016,1.1351,1.1351,1.1393,1.1326,-0.001231852,0.017935611,0.001318334,0.017061782,1.124385,1.12465,1.128675,1.12098,-0.000114791,-0.000208391,-0.000112525,-0.000199589,1.135775
6/7/2016,1.1356,1.1355,1.1382,1.1338,0.00044049,0.000352392,-0.000965505,0.001059509,1.124325,1.12451,1.128535,1.12088,-3.56536E-05,-0.000107453,-0.000112643,-7.62778E-05,1.137775
6/8/2016,1.1392,1.1358,1.1412,1.1349,0.00317013,0.000264201,0.002635741,0.000970189,1.12416,1.12444,1.128355,1.120785,-0.000127851,-4.59251E-05,-0.000147377,-7.17902E-05,1.135875
6/9/2016,1.1314,1.14,1.1416,1.1305,-0.00684691,0.003697834,0.000350508,-0.003876994,1.123855,1.12431,1.128265,1.12047,-0.000251378,-9.84587E-05,-6.87053E-05,-0.00026564,1.1285
6/10/2016,1.1249,1.1317,1.1329,1.1245,-0.005745095,-0.007280702,-0.007620883,-0.005307386,1.123575,1.12401,1.128,1.120285,-0.00023094,-0.000248071,-0.000222357,-0.000152754,1.127
6/13/2016,1.129,1.1253,1.1304,1.1233,0.003644768,-0.005655209,-0.002206726,-0.001067141,1.123445,1.123725,1.1278,1.119945,-9.7353E-05,-0.000236377,-0.000165764,-0.000290316,1.12475
6/14/2016,1.1206,1.1292,1.1304,1.1188,-0.007440213,0.003465742,0,-0.004006054,1.12292,1.12358,1.127575,1.119375,-0.000447271,-0.00011172,-0.000187802,-0.000495043,1.123825
6/15/2016,1.1257,1.1207,1.13,1.1189,0.004551133,-0.007527453,-0.000353857,8.93815E-05,1.12313,1.123045,1.12744,1.11926,0.000204651,-0.000457176,-0.00010857,-9.24147E-05,1.1227
6/16/2016,1.1223,1.1259,1.1296,1.113,-0.003020343,0.004639957,-0.000353982,-0.005273036,1.123235,1.123255,1.127765,1.11901,0.000111592,0.000203494,0.000297497,-0.000213362,1.125425
6/17/2016,1.1274,1.1225,1.1298,1.122,0.00454424,-0.003019806,0.000177054,0.008086253,1.123495,1.123365,1.12806,1.119145,0.000249534,0.000114909,0.000270734,0.000132811,1.1315
6/20/2016,1.131,1.1283,1.1384,1.1283,0.003193188,0.005167038,0.007611967,0.005614973,1.123965,1.123695,1.12876,1.11963,0.000435927,0.000310778,0.000629089,0.000444829,1.12865
6/21/2016,1.124,1.1314,1.1351,1.1241,-0.006189213,0.002747496,-0.002898805,-0.003722414,1.124465,1.12416,1.129375,1.12018,0.000465268,0.000430322,0.000555298,0.000504551,1.127775
6/22/2016,1.1295,1.1242,1.1338,1.1236,0.004893238,-0.006363797,-0.001145274,-0.0004448,1.125175,1.124665,1.130225,1.12072,0.000651582,0.000468607,0.000765223,0.000495787,1.135
6/23/2016,1.1385,1.1297,1.1423,1.1295,0.007968127,0.004892368,0.007496913,0.005250979,1.12614,1.125375,1.13125,1.121475,0.000875147,0.000650394,0.000916215,0.000686445,1.1213
6/24/2016,1.1115,1.1391,1.1435,1.0911,-0.023715415,0.008320793,0.001050512,-0.033997344,1.126145,1.12636,1.132415,1.120495,3.78397E-05,0.000891624,0.001040054,-0.000847413,1.103775
6/27/2016,1.1022,1.1073,1.1086,1.097,-0.008367072,-0.027916776,-0.030520332,0.005407387,1.125535,1.12614,1.132105,1.119855,-0.000515479,-0.00016028,-0.000244934,-0.000536529,1.105275
6/28/2016,1.1065,1.1026,1.1112,1.1008,0.003901288,-0.004244559,0.0023453,0.003463993,1.125215,1.125575,1.131795,1.11929,-0.000253114,-0.000471456,-0.000244282,-0.000466951,1.109175
6/29/2016,1.1123,1.1065,1.1131,1.1048,0.005241753,0.003537094,0.001709863,0.003633721,1.124905,1.12524,1.131465,1.118965,-0.000242621,-0.00026318,-0.000261706,-0.000249297,1.110225
6/30/2016,1.1104,1.1125,1.1156,1.1024,-0.001708172,0.005422503,0.00224598,-0.002172339,1.12468,1.12492,1.13114,1.118375,-0.0001671,-0.000248073,-0.000256579,-0.000488392,1.11205
7/1/2016,1.1135,1.1106,1.117,1.1071,0.002791787,-0.001707865,0.00125493,0.004263425,1.12353,1.124695,1.1301,1.11805,-0.000996207,-0.000163657,-0.000893413,-0.000248296,1.11395
7/4/2016,1.1154,1.1142,1.1166,1.1096,0.001706331,0.003241491,-0.000358102,0.002258152,1.122545,1.12365,1.128965,1.1169,-0.000849298,-0.000898363,-0.000977235,-0.000988477,1.1119
7/5/2016,1.1075,1.1155,1.1185,1.1061,-0.007082661,0.001166756,0.001701594,-0.00315429,1.12114,1.12265,1.12798,1.115515,-0.001225455,-0.000857645,-0.00084388,-0.001199167,1.107925
7/6/2016,1.1099,1.1076,1.1113,1.1029,0.002167043,-0.007082026,-0.006437193,-0.002893048,1.119675,1.12124,1.126485,1.113915,-0.00127561,-0.001224956,-0.001297527,-0.001392329,1.108025
7/7/2016,1.1059,1.1101,1.1111,1.105,-0.003603928,0.002257133,-0.000179969,0.001904071,1.1184,1.119745,1.12496,1.11264,-0.001113461,-0.001296991,-0.001324051,-0.001103276,1.105725
7/8/2016,1.1052,1.1062,1.1114,1.1001,-0.000632969,-0.003513197,0.000270003,-0.004434389,1.117415,1.11847,1.123885,1.11142,-0.000857854,-0.001108616,-0.000929506,-0.001059626,1.10495
7/11/2016,1.1056,1.1052,1.1075,1.1015,0.000361925,-0.000903996,-0.003509088,0.001272612,1.116245,1.117465,1.12274,1.11033,-0.001021997,-0.000871055,-0.000994624,-0.000942638,1.1073
7/12/2016,1.1057,1.1058,1.1127,1.105,9.04486E-05,0.000542888,0.00469526,0.003177485,1.1155,1.116295,1.121855,1.10964,-0.000645463,-0.001017198,-0.000759861,-0.000583461,1.1078
7/13/2016,1.1088,1.1061,1.1121,1.1042,0.002803654,0.000271297,-0.000539229,-0.000723982,1.114655,1.115565,1.12096,1.108905,-0.000732837,-0.00062726,-0.00076913,-0.00062413,1.111475
7/14/2016,1.1118,1.109,1.1166,1.1085,0.002705628,0.002621824,0.004046399,0.003894222,1.11413,1.11472,1.12031,1.10868,-0.000446539,-0.000728167,-0.000549111,-0.000165767,1.10815
7/15/2016,1.1034,1.1119,1.1149,1.1024,-0.007555316,0.002614968,-0.001522479,-0.005502932,1.11293,1.11419,1.119565,1.1077,-0.001051517,-0.000446428,-0.000634088,-0.000845226,1.1059
7/18/2016,1.1071,1.1043,1.1085,1.1037,0.003353272,-0.006835147,-0.005740425,0.001179245,1.111735,1.11299,1.11807,1.10647,-0.001043512,-0.001046538,-0.001301707,-0.001067012,1.104575
7/19/2016,1.1021,1.1075,1.1087,1.1,-0.004516304,0.002897763,0.000180424,-0.00335236,1.11064,1.111795,1.11675,1.105265,-0.000959867,-0.001039024,-0.001147746,-0.00104851,1.101175
7/20/2016,1.1013,1.1022,1.1031,1.0981,-0.000725887,-0.004785553,-0.005050961,-0.001727273,1.10923,1.110695,1.115215,1.10399,-0.001240823,-0.000960112,-0.00134303,-0.001112633,1.1019
7/21/2016,1.1023,1.1013,1.106,1.098,0.000908018,-0.000816549,0.002628955,-9.10664E-05,1.10742,1.109275,1.1134,1.102415,-0.001593829,-0.001245558,-0.001586428,-0.001379735,1.099925
7/22/2016,1.0973,1.1029,1.1042,1.0953,-0.00453597,0.001452828,-0.001627486,-0.002459016,1.10671,1.107465,1.111435,1.102625,-0.000634857,-0.001588956,-0.001720328,0.000197181,1.097775
7/25/2016,1.099,1.097,1.1,1.0951,0.001549257,-0.005349533,-0.003803659,-0.000182598,1.10655,1.10695,1.111005,1.10253,-0.00013904,-0.000460594,-0.000384494,-8.23184E-05,1.099775
7/26/2016,1.0986,1.0997,1.103,1.0978,-0.000363967,0.002461258,0.002727273,0.002465528,1.106155,1.106805,1.110595,1.10238,-0.000352303,-0.000125303,-0.000365396,-0.000132242,1.1017
7/27/2016,1.1055,1.0986,1.1066,1.0961,0.006280721,-0.001000273,0.003263826,-0.001548552,1.105815,1.10641,1.11027,1.101945,-0.000300354,-0.000352171,-0.000287697,-0.000391355,1.1075
7/28/2016,1.1074,1.1058,1.112,1.1048,0.001718679,0.006553796,0.004879812,0.007937232,1.105665,1.106075,1.11009,1.102065,-0.000129012,-0.000295607,-0.000156006,0.000114123,1.112875
7/29/2016,1.117,1.1078,1.1198,1.1069,0.008668954,0.001808645,0.007014388,0.001900797,1.10584,1.105935,1.11023,1.102055,0.000164846,-0.000119781,0.000131967,-4.00811E-06,1.116875
8/1/2016,1.1159,1.1177,1.1185,1.1154,-0.000984781,0.008936631,-0.001160922,0.007679104,1.105865,1.10611,1.110325,1.102345,3.02909E-05,0.000164976,9.18261E-05,0.000267039,1.119425
8/2/2016,1.1225,1.1162,1.1235,1.1155,0.005914508,-0.001342042,0.004470273,8.96539E-05,1.106615,1.106145,1.110575,1.102815,0.000680149,3.95359E-05,0.00023026,0.000429237,1.118575
8/3/2016,1.1147,1.1224,1.1233,1.1139,-0.006948775,0.00555456,-0.000178015,-0.001434334,1.106855,1.106885,1.111175,1.103365,0.000224358,0.000671365,0.000543219,0.000502172,1.1137
8/4/2016,1.1128,1.115,1.1157,1.1113,-0.001704494,-0.006593015,-0.006765779,-0.002334141,1.1072,1.10713,1.111405,1.10368,0.00031933,0.000228858,0.000213928,0.000290262,1.11055
8/5/2016,1.1085,1.1129,1.1163,1.1045,-0.003864127,-0.001883408,0.000537779,-0.00611896,1.107365,1.107465,1.11165,1.1039,0.000157772,0.000310347,0.000227317,0.000206033,1.10885
8/8/2016,1.109,1.1087,1.1106,1.1071,0.00045106,-0.003773924,-0.005106154,0.002354006,1.107535,1.10764,1.111805,1.10418,0.000162229,0.000166851,0.000147464,0.000260103,1.109925
8/9/2016,1.1117,1.1088,1.1123,1.1069,0.002434626,9.01957E-05,0.001530704,-0.000180652,1.107835,1.10779,1.111785,1.104275,0.000279438,0.000144216,-1.07638E-05,9.21961E-05,1.1146
8/10/2016,1.1174,1.1117,1.1191,1.1102,0.005127283,0.00261544,0.006113459,0.002981299,1.108265,1.10807,1.112135,1.104575,0.000395619,0.000261423,0.000321871,0.00027746,1.115975
8/11/2016,1.1135,1.1177,1.1193,1.1134,-0.003490245,0.00539714,0.000178715,0.002882364,1.10835,1.108505,1.11227,1.10482,8.58256E-05,0.000400189,0.000128486,0.000226867,1.11615
8/12/2016,1.1158,1.1138,1.1222,1.1128,0.002065559,-0.003489308,0.002590905,-0.00053889,1.10897,1.1086,1.112635,1.10534,0.000566869,9.49753E-05,0.000334156,0.000475069,1.1176
8/15/2016,1.1183,1.1164,1.1204,1.1153,0.002240545,0.002334351,-0.001603992,0.002246585,1.10953,1.109205,1.11323,1.10592,0.000511233,0.00055345,0.000540977,0.000528436,1.1239
8/16/2016,1.1276,1.1183,1.1323,1.1174,0.008316194,0.001701899,0.010621207,0.001882901,1.110805,1.109745,1.11441,1.10679,0.001152858,0.000493657,0.001063016,0.000790199,1.128075
8/17/2016,1.1286,1.1279,1.1317,1.1241,0.000886839,0.008584459,-0.000529895,0.005996062,1.11217,1.11103,1.11584,1.10809,0.001233494,0.001162158,0.00128907,0.001176366,1.13235
8/18/2016,1.1352,1.1292,1.1367,1.1283,0.005847953,0.001152584,0.004418132,0.003736322,1.113815,1.112425,1.117375,1.109605,0.001480491,0.001260614,0.001378528,0.001367736,1.13365
8/19/2016,1.1325,1.1353,1.1365,1.1303,-0.002378436,0.005402055,-0.000175948,0.001772578,1.115575,1.114045,1.11899,1.111355,0.001588368,0.001458076,0.001451105,0.001579315,1.13055
8/22/2016,1.1315,1.1304,1.1332,1.1271,-0.000883002,-0.00431604,-0.002903652,-0.002831107,1.1172,1.115715,1.12065,1.112955,0.001466755,0.00150975,0.001496106,0.00144689,1.131975
8/23/2016,1.1303,1.132,1.1355,1.1301,-0.001060539,0.001415428,0.002029651,0.002661698,1.118785,1.11733,1.122275,1.11457,0.001431926,0.001457459,0.001461225,0.001456698,1.12815
8/24/2016,1.1261,1.1306,1.1315,1.1244,-0.003715828,-0.001236749,-0.003522677,-0.005043801,1.119815,1.11893,1.12352,1.115985,0.000932099,0.001445635,0.0011219,0.001281936,1.127425
8/25/2016,1.1279,1.1264,1.1298,1.1256,0.001598437,-0.003714842,-0.00150243,0.001067236,1.12084,1.11996,1.12441,1.117025,0.000926087,0.000932203,0.000802787,0.000938436,1.124975
8/26/2016,1.1195,1.1283,1.1342,1.1179,-0.007447469,0.00168679,0.003894495,-0.006840796,1.120965,1.120985,1.12513,1.117575,0.000120265,0.00092611,0.000646793,0.000501356,1.118675
8/29/2016,1.1188,1.1194,1.1208,1.1157,-0.000625279,-0.007887973,-0.011814495,-0.001967976,1.12111,1.12107,1.125245,1.11759,0.000138241,8.488E-05,0.000114114,1.90025E-05,1.11645
8/30/2016,1.1141,1.1189,1.1198,1.113,-0.00420093,-0.000446668,-0.00089222,-0.002420005,1.12069,1.121205,1.12506,1.117465,-0.000367531,0.000129649,-0.000154011,-0.000106481,1.114725
8/31/2016,1.1156,1.1143,1.1167,1.1123,0.001346378,-0.004111181,-0.002768351,-0.000628931,1.120735,1.1208,1.12473,1.117385,4.72263E-05,-0.000353638,-0.000283527,-6.62103E-05,1.1172
9/1/2016,1.1196,1.1158,1.1207,1.1127,0.003585515,0.001346137,0.003581983,0.000359615,1.121075,1.12084,1.12498,1.117455,0.000311727,4.33192E-05,0.000233861,6.84775E-05,1.118775
9/2/2016,1.1153,1.1197,1.1252,1.1149,-0.003840657,0.00349525,0.004015348,0.001977173,1.121415,1.12118,1.125425,1.117975,0.0003129,0.000312252,0.000407739,0.000473284,1.1155
9/5/2016,1.1144,1.1153,1.1184,1.1139,-0.000806958,-0.003929624,-0.00604337,-0.000896941,1.121685,1.12151,1.125815,1.118315,0.000249999,0.000304467,0.000360878,0.000310737,1.120075
9/6/2016,1.1252,1.1147,1.1265,1.1139,0.009691314,-0.000537972,0.007242489,0,1.12236,1.121805,1.126525,1.118665,0.000612834,0.000273059,0.000646468,0.000319769,1.12475
9/7/2016,1.1237,1.1255,1.127,1.1228,-0.001333096,0.009688705,0.000443853,0.007989945,1.122675,1.122495,1.12692,1.119295,0.000289815,0.000626722,0.000362987,0.000570202,1.12645
9/8/2016,1.1258,1.1239,1.1328,1.1233,0.001868826,-0.00142159,0.005146406,0.000445315,1.12329,1.122805,1.127595,1.11979,0.000557768,0.000285786,0.000611372,0.000448349,1.124375
9/9/2016,1.1229,1.1261,1.1287,1.1198,-0.002575946,0.00195747,-0.00361935,-0.003115819,1.123645,1.12342,1.12792,1.12014,0.000325693,0.000558124,0.000300859,0.000319503,1.1236
9/12/2016,1.1232,1.1233,1.1269,1.121,0.000267165,-0.002486458,-0.001594755,0.00107162,1.12389,1.123765,1.128245,1.120425,0.000227024,0.000317084,0.000301321,0.000260754,1.122875
9/13/2016,1.1217,1.1235,1.1261,1.1202,-0.00133547,0.000178047,-0.000709912,-0.000713649,1.123595,1.124025,1.127935,1.120565,-0.000255559,0.000240891,-0.000265235,0.000130927,1.123775
9/14/2016,1.1249,1.1219,1.1275,1.1208,0.002852813,-0.001424121,0.001243229,0.000535619,1.12341,1.123725,1.127725,1.1204,-0.00015726,-0.000259538,-0.000176579,-0.000142095,1.12485
9/15/2016,1.1241,1.125,1.1285,1.1218,-0.000711174,0.00276317,0.000886918,0.00089222,1.122855,1.123515,1.127315,1.120075,-0.000485217,-0.000179008,-0.00035314,-0.0002843,1.12
9/16/2016,1.1153,1.1244,1.1256,1.1147,-0.007828485,-0.000533333,-0.002569783,-0.006329114,1.121995,1.12297,1.12677,1.119295,-0.000757719,-0.000475778,-0.000472831,-0.000689385,1.11705
9/19/2016,1.1173,1.1162,1.1199,1.1148,0.001793239,-0.007292778,-0.005063966,8.97102E-05,1.121285,1.12226,1.126105,1.11868,-0.000623907,-0.000624615,-0.000580847,-0.000543344,1.11725
9/20/2016,1.1152,1.1178,1.1214,1.1146,-0.001879531,0.001433435,0.001339405,-0.000179404,1.12053,1.12155,1.1254,1.117905,-0.000664857,-0.000623714,-0.000615359,-0.000685399,1.11635
9/21/2016,1.1185,1.1151,1.1197,1.1121,0.00295911,-0.002415459,-0.001515962,-0.002242957,1.12015,1.120775,1.12481,1.11729,-0.00033111,-0.00068265,-0.000515023,-0.000545357,1.121075
9/22/2016,1.1207,1.1195,1.1258,1.1183,0.00196692,0.003945834,0.005447888,0.005575038,1.11979,1.12043,1.12461,1.116925,-0.000312686,-0.000299616,-0.000167508,-0.000319967,1.12155
9/23/2016,1.1222,1.1206,1.1242,1.1192,0.001338449,0.000982582,-0.001421212,0.000804793,1.119925,1.120045,1.12411,1.11699,0.00012661,-0.000334826,-0.000433293,6.23126E-05,1.124475
9/26/2016,1.1253,1.1226,1.128,1.122,0.002762431,0.001784758,0.003380181,0.002501787,1.12025,1.120205,1.12447,1.117305,0.000295996,0.00014881,0.000326441,0.000285801,1.122925
9/27/2016,1.1213,1.1252,1.1263,1.1189,-0.003554608,0.002316052,-0.001507092,-0.002762923,1.12061,1.12052,1.124795,1.1176,0.000328312,0.000286946,0.000295697,0.000268655,1.121175
9/28/2016,1.1214,1.1215,1.1237,1.1181,8.91822E-05,-0.003288304,-0.002308444,-0.000714988,1.1209,1.12088,1.125145,1.11789,0.000265452,0.00032809,0.000318693,0.000264352,1.1221
9/29/2016,1.1221,1.1217,1.125,1.1196,0.00062422,0.000178333,0.001156892,0.001341562,1.121025,1.121175,1.12536,1.118235,0.000117387,0.0002697,0.000197438,0.000313449,1.121575
9/30/2016,1.1238,1.1223,1.1251,1.1151,0.001515016,0.000534902,8.88889E-05,-0.004019293,1.12145,1.121305,1.125355,1.118245,0.000385171,0.000121682,1.11526E-06,1.3626E-05,1.122375
10/3/2016,1.1209,1.1236,1.1245,1.1205,-0.00258053,0.001158336,-0.000533286,0.004842615,1.121775,1.12172,1.12566,1.118575,0.000296492,0.00037608,0.000276619,0.000300604,1.119725
10/4/2016,1.1202,1.1211,1.124,1.1136,-0.000624498,-0.002224991,-0.000444642,-0.006157965,1.121525,1.12204,1.125535,1.11856,-0.000219298,0.000291729,-0.000107737,-7.29443E-06,1.12075
10/5/2016,1.1202,1.1204,1.1235,1.1189,0,-0.000624387,-0.00044484,0.004759339,1.12135,1.121785,1.12536,1.118365,-0.000152643,-0.000223925,-0.000152172,-0.000168825,1.117675
10/6/2016,1.1149,1.1205,1.1214,1.1139,-0.004731298,8.92538E-05,-0.001869159,-0.004468675,1.120805,1.121615,1.12479,1.117895,-0.00048265,-0.000148383,-0.00050295,-0.000414524,1.116525
10/7/2016,1.1199,1.1151,1.1208,1.1103,0.004484707,-0.004819277,-0.000535045,-0.003231888,1.120655,1.121065,1.124395,1.11742,-0.000129617,-0.00048722,-0.000348735,-0.000420328,1.116675
10/10/2016,1.1137,1.1197,1.1204,1.1129,-0.005536209,0.004125191,-0.000356888,0.002341709,1.12018,1.120885,1.12407,1.117015,-0.000419786,-0.000156638,-0.000286841,-0.000356823,1.10965
10/11/2016,1.1053,1.1139,1.1146,1.1048,-0.007542426,-0.005179959,-0.005176723,-0.007278282,1.11936,1.120405,1.123495,1.116245,-0.000730134,-0.000424538,-0.000510182,-0.000685055,1.10335
10/12/2016,1.1006,1.1054,1.1071,1.1003,-0.004252239,-0.007630847,-0.006728871,-0.004073135,1.118145,1.11958,1.122475,1.11522,-0.001085386,-0.000734874,-0.000908787,-0.000915493,1.1027
10/13/2016,1.1056,1.1008,1.106,1.0984,0.004542977,-0.00416139,-0.000993587,-0.001726802,1.11722,1.11837,1.12135,1.11405,-0.000822679,-0.001081102,-0.001002812,-0.001046444,1.10135
10/14/2016,1.0969,1.1056,1.1061,1.0968,-0.00786903,0.004360465,9.04159E-05,-0.001456664,1.1163,1.11743,1.120375,1.113155,-0.000824706,-0.000836413,-0.000869802,-0.000802821,1.0986
10/17/2016,1.0997,1.0974,1.101,1.0963,0.002552648,-0.007416787,-0.004610795,-0.000455872,1.11542,1.11649,1.11943,1.11223,-0.000786735,-0.000842613,-0.000847144,-0.0008301,1.099325
10/18/2016,1.0978,1.1,1.1027,1.0968,-0.001727744,0.002369236,0.001544051,0.00045608,1.11455,1.1156,1.118495,1.11134,-0.000779146,-0.000795823,-0.000836911,-0.000798326,1.097825
10/19/2016,1.0972,1.0981,1.1006,1.0954,-0.000546548,-0.001727273,-0.001904416,-0.001276441,1.113485,1.11475,1.11754,1.110505,-0.000954429,-0.000761414,-0.000856334,-0.00075,1.09645
10/20/2016,1.0928,1.0974,1.1041,1.0915,-0.004010208,-0.000637465,0.003180084,-0.003560343,1.11209,1.113645,1.116455,1.109165,-0.001253285,-0.000990579,-0.000969724,-0.001206769,1.0901
10/21/2016,1.0882,1.093,1.0934,1.0858,-0.00420937,-0.004009477,-0.009691151,-0.005222171,1.11039,1.112265,1.114915,1.107495,-0.001530676,-0.001240181,-0.001383221,-0.001508118,1.088
10/24/2016,1.088,1.088,1.0901,1.0859,-0.00018379,-0.004574565,-0.003018109,9.2098E-05,1.108525,1.110535,1.11302,1.10569,-0.001677987,-0.001558148,-0.001703136,-0.001628602,1.0881
10/25/2016,1.0886,1.0882,1.0906,1.085,0.000551471,0.000183824,0.000458674,-0.000828806,1.10689,1.108685,1.111235,1.103995,-0.001472683,-0.001664759,-0.001604848,-0.001531896,1.09035
10/26/2016,1.0907,1.0889,1.0947,1.0871,0.001929083,0.000643264,0.003759398,0.001935484,1.105355,1.107055,1.109785,1.102445,-0.001380688,-0.001468181,-0.001301455,-0.001399372,1.0907
10/27/2016,1.0894,1.0909,1.0943,1.0882,-0.001191895,0.001836716,-0.000365397,0.001011866,1.10372,1.105515,1.10825,1.100875,-0.001471494,-0.001385261,-0.00137757,-0.001415857,1.094075
10/28/2016,1.0983,1.0897,1.0993,1.089,0.008169635,-0.001100009,0.004569131,0.000735159,1.102445,1.103885,1.10696,1.09957,-0.001138763,-0.001467007,-0.001153558,-0.001178135,1.097375
10/31/2016,1.0979,1.0987,1.0994,1.0935,-0.000364199,0.008259154,9.0967E-05,0.004132231,1.101295,1.10264,1.105705,1.09822,-0.001027947,-0.001111966,-0.001122345,-0.001213654,1.101575
11/1/2016,1.1053,1.0981,1.1071,1.0958,0.00674014,-0.0005461,0.00700382,0.002103338,1.10055,1.10149,1.10486,1.09733,-0.000659715,-0.001028022,-0.000749922,-0.000800589,1.1081
11/2/2016,1.1094,1.1057,1.1124,1.1049,0.0037094,0.006921045,0.004787282,0.008304435,1.10001,1.100755,1.104305,1.09663,-0.000474245,-0.00065075,-0.000488316,-0.000623334,1.109675
11/3/2016,1.1103,1.1098,1.1127,1.1059,0.000811249,0.003708058,0.000269687,0.000905059,1.09978,1.10022,1.10387,1.09623,-0.000197117,-0.00046981,-0.000381374,-0.000354647,1.111625
11/4/2016,1.1135,1.1105,1.1146,1.1079,0.002882104,0.000630744,0.001707558,0.001808482,1.09946,1.09999,1.10356,1.09611,-0.000277248,-0.000197309,-0.000269243,-0.000102629,1.1085
11/7/2016,1.1038,1.1136,1.1139,1.1027,-0.008711271,0.002791535,-0.000628028,-0.004693564,1.098965,1.099685,1.103235,1.0956,-0.000436001,-0.000263991,-0.0002828,-0.000454392,1.103475
11/8/2016,1.1023,1.1041,1.1068,1.1007,-0.001358942,-0.008530891,-0.006374001,-0.00181373,1.098815,1.099195,1.102845,1.095395,-0.000126826,-0.000431538,-0.000342664,-0.000181165,1.103525
11/9/2016,1.0909,1.1026,1.1301,1.0905,-0.010342012,-0.001358573,0.021051681,-0.00926683,1.09833,1.099055,1.103995,1.094905,-0.000431315,-0.000117924,0.001046363,-0.00044085,1.090475
11/10/2016,1.0889,1.0909,1.0957,1.0864,-0.001833349,-0.010611282,-0.030439784,-0.003759743,1.097495,1.09856,1.10348,1.094305,-0.000750131,-0.000440419,-0.000425947,-0.000542497,1.08745
11/11/2016,1.085,1.0894,1.0925,1.0829,-0.003581596,-0.001375011,-0.002920507,-0.003221649,1.0969,1.09775,1.1028,1.09361,-0.00053576,-0.000727193,-0.000576493,-0.000630746,1.078625
11/14/2016,1.0734,1.0852,1.0852,1.0707,-0.010691244,-0.003855333,-0.006681922,-0.011266045,1.095585,1.09714,1.10201,1.09233,-0.001197954,-0.00054912,-0.000680049,-0.001171255,1.074675
11/15/2016,1.072,1.0737,1.0818,1.0712,-0.001304267,-0.010597125,-0.003133063,0.000466984,1.094295,1.095825,1.100965,1.09105,-0.00117678,-0.001197438,-0.000913905,-0.001170709,1.070825
11/16/2016,1.0685,1.0722,1.0761,1.0665,-0.003264925,-0.001397038,-0.005268996,-0.004387603,1.09286,1.09453,1.09974,1.089605,-0.001312699,-0.001180926,-0.001082134,-0.001326267,1.067025
11/17/2016,1.0625,1.0691,1.0747,1.0618,-0.005615349,-0.002891252,-0.001300994,-0.004406939,1.091345,1.093115,1.09827,1.08812,-0.001392956,-0.001293616,-0.001306188,-0.001368597,1.06055
11/18/2016,1.0585,1.0625,1.0644,1.0568,-0.003764706,-0.006173417,-0.00958407,-0.004708985,1.08986,1.09159,1.09682,1.08667,-0.001370723,-0.001401813,-0.001300834,-0.001342938,1.061
11/21/2016,1.0627,1.0585,1.065,1.0578,0.003967879,-0.003764706,0.000563698,0.000946253,1.088595,1.090115,1.095565,1.085265,-0.00116314,-0.00136132,-0.001121743,-0.00130023,1.0624
11/22/2016,1.0624,1.0629,1.066,1.0583,-0.0002823,0.004156826,0.000938967,0.000472679,1.087285,1.08885,1.094335,1.08393,-0.001204828,-0.00116267,-0.001097729,-0.001235156,1.058825
11/23/2016,1.0556,1.0627,1.0645,1.0525,-0.006400602,-0.000188164,-0.001407129,-0.005480488,1.08553,1.08754,1.092825,1.0822,-0.001621312,-0.001204241,-0.001356055,-0.001605954,1.05525
11/24/2016,1.0552,1.0554,1.0587,1.0517,-0.000378931,-0.006869295,-0.005448567,-0.000760095,1.08382,1.085765,1.091045,1.080375,-0.001580664,-0.001639542,-0.001610214,-0.001694553,1.0576
11/25/2016,1.0584,1.0553,1.063,1.0537,0.0030326,-9.47508E-05,0.004061585,0.001901683,1.081825,1.084045,1.08923,1.07861,-0.001837516,-0.001589279,-0.001635591,-0.001636226,1.0615
11/28/2016,1.0613,1.0599,1.0685,1.0563,0.002739985,0.00435895,0.005174036,0.002467495,1.079995,1.082105,1.087685,1.07675,-0.001682307,-0.001784289,-0.001381437,-0.001719463,1.062075
11/29/2016,1.0647,1.0615,1.0657,1.0564,0.003203618,0.001509576,-0.002620496,9.46701E-05,1.077965,1.080275,1.085615,1.07478,-0.001859133,-0.001681505,-0.001862653,-0.001819896,1.0614
11/30/2016,1.0585,1.065,1.0668,1.0553,-0.005823237,0.003297221,0.001032185,-0.001041272,1.07542,1.07824,1.083335,1.0723,-0.002335765,-0.001862696,-0.002050408,-0.002287182,1.06255
12/1/2016,1.066,1.0589,1.067,1.0583,0.007085498,-0.0057277,0.000187477,0.002842794,1.073205,1.075695,1.08105,1.06992,-0.002022052,-0.002334484,-0.002054519,-0.002190295,1.0662
12/2/2016,1.067,1.0662,1.0691,1.0625,0.000938086,0.006893947,0.001968135,0.003968629,1.07088,1.07348,1.078775,1.06765,-0.002119253,-0.002021324,-0.00204149,-0.002082288,1.06855
12/5/2016,1.0762,1.0677,1.0798,1.0505,0.008622306,0.001406866,0.010008418,-0.011294118,1.0695,1.071185,1.07707,1.06504,-0.001252574,-0.002090558,-0.001509667,-0.002412315,1.07415
12/6/2016,1.0717,1.0764,1.0787,1.0698,-0.004181379,0.008148356,-0.001018707,0.018372204,1.06797,1.0698,1.075665,1.063495,-0.001393696,-0.001256595,-0.001241903,-0.001403019,1.07375
12/7/2016,1.0751,1.072,1.077,1.0709,0.00317253,-0.0040877,-0.001575971,0.00102823,1.06718,1.06827,1.07301,1.062515,-0.000717969,-0.001393052,-0.002373285,-0.000888266,1.070975
12/8/2016,1.0615,1.0753,1.0874,1.0597,-0.012649986,0.003078358,0.009656453,-0.010458493,1.06581,1.06749,1.072595,1.06118,-0.001258801,-0.00070857,-0.000368474,-0.001223203,1.0584
12/9/2016,1.0559,1.0616,1.0631,1.053,-0.005275553,-0.012740631,-0.022346882,-0.006322544,1.064355,1.0661,1.071125,1.059685,-0.001343499,-0.001276851,-0.001339792,-0.001378248,1.0591
12/12/2016,1.0634,1.0553,1.0653,1.0524,0.007102945,-0.005934439,0.00206942,-0.000569801,1.063855,1.064605,1.07013,1.05877,-0.000453789,-0.001380806,-0.000902225,-0.000843436,1.06325
12/13/2016,1.0625,1.0635,1.0667,1.0603,-0.000846342,0.007770302,0.001314184,0.007506651,1.06338,1.064095,1.069375,1.058225,-0.000430893,-0.000462434,-0.000679863,-0.000491452,1.058225
12/14/2016,1.0535,1.0627,1.0671,1.0496,-0.008470588,-0.000752233,0.000374988,-0.010091484,1.06263,1.06362,1.068925,1.05738,-0.000691176,-0.000430194,-0.000397664,-0.000776646,1.046475
12/15/2016,1.0412,1.0536,1.0545,1.0366,-0.011675368,-0.008563094,-0.011807703,-0.012385671,1.061565,1.062845,1.067915,1.05612,-0.000994177,-0.000713786,-0.000922999,-0.001175583,1.043475
12/16/2016,1.0447,1.0417,1.0475,1.04,0.003361506,-0.011294609,-0.006638217,0.003279954,1.060875,1.061805,1.06707,1.05528,-0.000637867,-0.000969846,-0.000775706,-0.000776136,1.043
12/19/2016,1.0402,1.0446,1.0481,1.0391,-0.004307457,0.002783911,0.000572792,-0.000865385,1.05975,1.06111,1.066225,1.054345,-0.001051633,-0.000642415,-0.000775252,-0.000866718,1.039
12/20/2016,1.0385,1.0404,1.0419,1.0352,-0.001634301,-0.004020678,-0.005915466,-0.003753248,1.058555,1.059985,1.06502,1.05319,-0.001119233,-0.00105129,-0.001117973,-0.001078014,1.041125
12/21/2016,1.0423,1.0389,1.0452,1.0381,0.003659124,-0.001441753,0.003167291,0.002801391,1.05789,1.058795,1.064055,1.05247,-0.000616247,-0.00111397,-0.000889252,-0.00066392,1.04455
12/22/2016,1.0435,1.0424,1.0501,1.0422,0.0011513,0.003368948,0.004688098,0.003949523,1.057305,1.058145,1.063625,1.051995,-0.000539736,-0.000602058,-0.000382419,-0.00042844,1.0446
12/23/2016,1.0454,1.0436,1.0469,1.0425,0.001820795,0.00115119,-0.003047329,0.000287853,1.056655,1.05756,1.06282,1.051435,-0.000600326,-0.000539761,-0.000737865,-0.000509131,1.0454
12/26/2016,1.0453,1.0453,1.0473,1.0437,-9.56572E-05,0.001628977,0.00038208,0.001151079,1.055855,1.05683,1.06176,1.050805,-0.000742108,-0.000676259,-0.000977463,-0.000574952,1.04515
12/27/2016,1.0455,1.0455,1.0465,1.0431,0.000191333,0.000191333,-0.000763869,-0.000574878,1.054895,1.05603,1.0608,1.05014,-0.000892722,-0.000742171,-0.000884631,-0.000608429,1.042875
12/28/2016,1.0407,1.0457,1.0481,1.037,-0.004591105,0.000191296,0.001528906,-0.005847953,1.054005,1.055065,1.059865,1.049225,-0.000831116,-0.000897468,-0.000859795,-0.000848763,1.04525
12/29/2016,1.049,1.0418,1.0496,1.0406,0.007975401,-0.003729559,0.001431161,0.003471553,1.053155,1.05421,1.058995,1.04834,-0.000786621,-0.000797561,-0.000797611,-0.000817325,1.0535
12/30/2016,1.0513,1.0491,1.0655,1.0481,0.002192564,0.007007103,0.015148628,0.00720738,1.05237,1.053355,1.058815,1.04762,-0.000723897,-0.000791903,-0.000138586,-0.000655388,1.049325
1/2/2017,1.0457,1.0531,1.0537,1.0448,-0.005326738,0.003812792,-0.011074613,-0.003148555,1.050845,1.052625,1.05751,1.047335,-0.001421349,-0.000671606,-0.001192738,-0.00024811,1.042275
1/3/2017,1.0404,1.0454,1.0492,1.0341,-0.005068375,-0.007311746,-0.004270665,-0.010241194,1.04928,1.051075,1.056035,1.04555,-0.001465699,-0.001444612,-0.001355336,-0.00167878,1.04455
1/4/2017,1.0486,1.0406,1.0501,1.0389,0.007881584,-0.004591544,0.000857796,0.004641717,1.047955,1.049505,1.05469,1.04395,-0.001230246,-0.001469804,-0.001233647,-0.001498105,1.05475
1/5/2017,1.0603,1.049,1.0617,1.048,0.011157734,0.008072266,0.011046567,0.008759265,1.047895,1.04819,1.053405,1.043365,-3.98599E-05,-0.001220108,-0.001164142,-0.000537217,1.05705
1/6/2017,1.053,1.0607,1.0623,1.0522,-0.006884844,0.01115348,0.000565131,0.004007634,1.04775,1.048145,1.053365,1.043325,-0.000120324,-2.54029E-05,-1.8541E-05,-2.07084E-05,1.055075
1/9/2017,1.0572,1.0539,1.0583,1.0509,0.003988604,-0.006410861,-0.003765415,-0.001235507,1.04744,1.048075,1.053015,1.04325,-0.000276041,-4.9224E-05,-0.000310283,-5.39937E-05,1.05765
1/10/2017,1.0553,1.0575,1.0627,1.0551,-0.0017972,0.003415884,0.004157611,0.003996574,1.04708,1.047775,1.052815,1.04299,-0.000323584,-0.000266945,-0.000168111,-0.000229498,1.055325
1/11/2017,1.058,1.0555,1.0624,1.0454,0.002558514,-0.001891253,-0.0002823,-0.009193441,1.047305,1.047415,1.05258,1.04278,0.000227871,-0.000323896,-0.000200976,-0.000184595,1.06125
1/12/2017,1.061,1.0583,1.0686,1.0571,0.002835539,0.002652771,0.005835843,0.011191888,1.048295,1.04765,1.053285,1.043805,0.000953416,0.000236897,0.000681202,0.000994283,1.063075
1/13/2017,1.0641,1.0613,1.0673,1.0596,0.002921772,0.002834735,-0.001216545,0.002364961,1.049265,1.04863,1.054275,1.044785,0.000931429,0.000943365,0.000952285,0.000948533,1.06085
1/16/2017,1.06,1.0618,1.0637,1.0579,-0.003853021,0.00047112,-0.003372997,-0.001604379,1.050255,1.04949,1.055055,1.045725,0.000954151,0.000827725,0.000754996,0.000911583,1.065675
1/17/2017,1.0712,1.06,1.072,1.0595,0.010566038,-0.001695235,0.007802952,0.00151243,1.05189,1.05047,1.05656,1.04694,0.001564168,0.000943997,0.001440917,0.001174867,1.06715
1/18/2017,1.063,1.0713,1.0717,1.0626,-0.007654966,0.010660377,-0.000279851,0.002925908,1.052925,1.05209,1.057885,1.048165,0.000998464,0.001549104,0.00126856,0.001181093,1.064
1/19/2017,1.0663,1.063,1.0678,1.0589,0.003104421,-0.007747596,-0.003639078,-0.003482025,1.054065,1.05312,1.05877,1.049,0.00109612,0.000993276,0.000852201,0.000809516,1.067475
1/20/2017,1.0699,1.0665,1.0711,1.0624,0.003376161,0.003292568,0.003090466,0.003305317,1.05529,1.054265,1.05998,1.049995,0.001173888,0.001100345,0.001159091,0.000960389,1.072625
1/23/2017,1.0761,1.0688,1.077,1.0686,0.005794934,0.002156587,0.005508356,0.005835843,1.05683,1.05544,1.061465,1.05124,0.001468417,0.001126726,0.001415404,0.001194627,1.07475
1/24/2017,1.073,1.0764,1.0777,1.0719,-0.002880773,0.007110778,0.000649954,0.003088153,1.058205,1.056985,1.063025,1.05268,0.001314812,0.001472698,0.001486095,0.001377778,1.073925
1/25/2017,1.0744,1.0732,1.077,1.0711,0.001304753,-0.002972873,-0.000649531,-0.000746338,1.05989,1.05836,1.06447,1.054385,0.001609605,0.00131449,0.001377174,0.001632859,1.0712
1/26/2017,1.068,1.0745,1.0766,1.0657,-0.005956813,0.001211331,-0.000371402,-0.005041546,1.06084,1.059995,1.06582,1.05564,0.000912994,0.001561534,0.001287045,0.001207204,1.068975
1/27/2017,1.0694,1.0682,1.0726,1.0657,0.001310861,-0.005863192,-0.0037154,0,1.061745,1.06095,1.066175,1.05652,0.000868909,0.000918019,0.000343844,0.000846835,1.0686
1/30/2017,1.0692,1.0691,1.0742,1.0619,-0.000187021,0.000842539,0.001491702,-0.003565731,1.06292,1.06175,1.0672,1.057375,0.001125895,0.000769507,0.00097216,0.000825976,1.074675
1/31/2017,1.0795,1.0697,1.0812,1.0683,0.009633371,0.00056122,0.006516477,0.006026933,1.064875,1.062965,1.0688,1.059085,0.001860982,0.001163155,0.001511517,0.001639383,1.077675
2/1/2017,1.0767,1.0798,1.081,1.0732,-0.002593793,0.0094419,-0.00018498,0.004586727,1.06628,1.064925,1.070345,1.0608,0.001337213,0.001864827,0.001459378,0.001636633,1.07775
2/2/2017,1.0758,1.0769,1.0829,1.0754,-0.000835887,-0.002685683,0.001757632,0.002049944,1.067055,1.06632,1.071405,1.06217,0.000737532,0.00132693,0.000994931,0.001301167,1.076275
2/3/2017,1.0781,1.0758,1.0799,1.0713,0.002137944,-0.00102145,-0.002770339,-0.003812535,1.06831,1.067075,1.072285,1.063125,0.001188672,0.000718183,0.000828158,0.000910159,1.076
2/6/2017,1.0749,1.0783,1.0804,1.0704,-0.002968185,0.002323852,0.000463006,-0.000840101,1.069195,1.068295,1.07339,1.0641,0.000840832,0.001154919,0.001039579,0.000929929,1.070925
2/7/2017,1.068,1.075,1.0752,1.0655,-0.006419202,-0.003060373,-0.004813032,-0.004577728,1.06983,1.06917,1.074015,1.06462,0.000609732,0.000831106,0.000591047,0.000501214,1.068375
2/8/2017,1.0697,1.0683,1.0715,1.064,0.00159176,-0.006232558,-0.00344122,-0.00140779,1.070415,1.06981,1.07447,1.06555,0.000561395,0.000614041,0.000433101,0.000890497,1.06785
2/9/2017,1.0654,1.0699,1.0711,1.065,-0.004019819,0.001497707,-0.000373308,0.00093985,1.070635,1.07039,1.074595,1.065945,0.000218627,0.000556288,0.000122643,0.000377895,1.06425
2/10/2017,1.0638,1.0656,1.0669,1.0607,-0.001501783,-0.004019067,-0.003921203,-0.004037559,1.07062,1.070605,1.074575,1.066,-2.55105E-06,0.000213598,-1.25898E-05,5.77686E-05,1.062075
2/13/2017,1.0597,1.0636,1.0659,1.0591,-0.003854108,-0.001876877,-0.000937295,-0.001508438,1.070605,1.070695,1.074685,1.06606,-2.60538E-06,9.61977E-05,0.000109195,6.25657E-05,1.05925
2/14/2017,1.0577,1.0598,1.0635,1.056,-0.001887327,-0.003572772,-0.002251618,-0.002927014,1.06993,1.070685,1.07426,1.065885,-0.000625274,2.32088E-06,-0.000393533,-0.000159406,1.057675
2/15/2017,1.0598,1.0578,1.061,1.0521,0.00198544,-0.001887149,-0.002350729,-0.003693182,1.06977,1.07001,1.073725,1.06536,-0.000143253,-0.000625055,-0.000497077,-0.000490361,1.063575
2/16/2017,1.0672,1.0601,1.0681,1.0589,0.00698245,0.002174324,0.0066918,0.006463264,1.069815,1.069865,1.07374,1.06536,5.06481E-05,-0.000128959,1.94668E-05,6.90345E-06,1.064175
2/17/2017,1.0611,1.0674,1.0678,1.0604,-0.005715892,0.006886143,-0.000280873,0.001416564,1.069375,1.06991,1.073575,1.06526,-0.000403954,5.07193E-05,-0.0001491,-8.75342E-05,1.061575
2/20/2017,1.0609,1.0616,1.0635,1.0603,-0.000188484,-0.005433764,-0.004026971,-9.4304E-05,1.068615,1.06955,1.0729,1.064845,-0.000703125,-0.000328798,-0.000625867,-0.000384042,1.0573
2/21/2017,1.0535,1.0614,1.0618,1.0525,-0.00697521,-0.000188395,-0.001598496,-0.007356409,1.06764,1.0688,1.072105,1.063875,-0.000907847,-0.000693757,-0.000738289,-0.00090627,1.053975
2/22/2017,1.0555,1.0536,1.0575,1.0493,0.001898434,-0.007348785,-0.004049727,-0.00304038,1.066695,1.06782,1.07113,1.062785,-0.000878163,-0.000912552,-0.000908299,-0.001020972,1.05675
2/23/2017,1.0579,1.0558,1.0596,1.0537,0.002273804,0.002088079,0.001985816,0.004193272,1.06619,1.066885,1.07028,1.062185,-0.000466632,-0.000868715,-0.000790438,-0.000559231,1.057925
2/24/2017,1.056,1.0582,1.0619,1.0556,-0.001796011,0.002273158,0.00217063,0.00180317,1.06552,1.066385,1.069745,1.06168,-0.000621976,-0.000461898,-0.000496136,-0.000469072,1.05825
2/27/2017,1.0585,1.0563,1.0631,1.0551,0.002367424,-0.001795502,0.00113005,-0.000473664,1.064985,1.065745,1.06919,1.06134,-0.000494254,-0.0005938,-0.000514219,-0.000314469,1.059075
2/28/2017,1.0575,1.0587,1.0631,1.057,-0.000944733,0.002272082,0,0.001800777,1.063885,1.065195,1.068285,1.060775,-0.001023159,-0.000508257,-0.000840043,-0.000525777,1.05565
3/1/2017,1.0546,1.0576,1.059,1.0514,-0.002742317,-0.00103901,-0.003856646,-0.005298013,1.06278,1.064085,1.067185,1.059685,-0.001030585,-0.001032302,-0.001023626,-0.001020014,1.052525
3/2/2017,1.0506,1.0547,1.0554,1.0494,-0.003792907,-0.002742057,-0.003399433,-0.001902226,1.06152,1.062975,1.06581,1.058385,-0.001178436,-0.001035121,-0.001281479,-0.001217622,1.056325
3/3/2017,1.062,1.0507,1.0625,1.0501,0.010850942,-0.003792548,0.006727307,0.000667048,1.060715,1.06172,1.06494,1.057325,-0.000742786,-0.001173676,-0.000806597,-0.000993643,1.060275
3/6/2017,1.0578,1.0617,1.0642,1.0574,-0.003954802,0.010469211,0.0016,0.006951719,1.05986,1.06089,1.06413,1.056675,-0.000792117,-0.000766408,-0.000749747,-0.000604052,1.05775
3/7/2017,1.0565,1.0583,1.0604,1.0558,-0.001228966,-0.003202411,-0.003570757,-0.001513145,1.059285,1.060055,1.06339,1.05619,-0.000532605,-0.00077351,-0.000687634,-0.000450823,1.05535
3/8/2017,1.0539,1.0566,1.0575,1.0534,-0.002460956,-0.00160635,-0.002734817,-0.002273158,1.058495,1.05947,1.06269,1.05566,-0.000735241,-0.000542199,-0.000652313,-0.000494091,1.0564
3/9/2017,1.0575,1.0541,1.0616,1.0524,0.003415884,-0.00236608,0.003877069,-0.000949307,1.0581,1.05868,1.062215,1.05503,-0.000363456,-0.000735388,-0.000439795,-0.000588549,1.06295
3/10/2017,1.0669,1.0577,1.0701,1.0571,0.008888889,0.003415236,0.008006782,0.004465983,1.058255,1.058285,1.062375,1.05485,0.000156078,-0.000363673,0.000156605,-0.000163372,1.067325
3/13/2017,1.0653,1.0674,1.0715,1.0651,-0.001499672,0.009170842,0.001308289,0.007567874,1.058535,1.058475,1.062655,1.05515,0.0002738,0.000188713,0.000268884,0.000290443,1.062975
3/14/2017,1.0602,1.0654,1.0664,1.0599,-0.004787384,-0.001873712,-0.004759683,-0.004882171,1.05866,1.058755,1.0628,1.055345,0.000128797,0.000273666,0.000143481,0.000192686,1.067025
3/15/2017,1.0732,1.0604,1.0742,1.0603,0.012261837,-0.004693073,0.007314329,0.000377394,1.05933,1.058885,1.06346,1.055755,0.000642617,0.000133369,0.000626733,0.000396214,1.0744
3/16/2017,1.0764,1.0735,1.0772,1.0705,0.002981737,0.012353829,0.002792776,0.009619919,1.05979,1.059555,1.063915,1.056335,0.000442581,0.000642345,0.000431782,0.000554047,1.075325
3/17/2017,1.0736,1.0766,1.0784,1.0727,-0.002601263,0.00288775,0.001113999,0.002055114,1.060415,1.060015,1.064445,1.05695,0.000598312,0.000442425,0.000501526,0.000585975,1.07445
3/20/2017,1.0737,1.0739,1.0778,1.0724,9.31446E-05,-0.002507895,-0.00055638,-0.000279668,1.061055,1.06063,1.06516,1.057555,0.000612394,0.000588718,0.000675055,0.000576706,1.077175
3/21/2017,1.0808,1.074,1.082,1.0719,0.006612648,9.31185E-05,0.003896827,-0.000466244,1.06242,1.06126,1.06617,1.058525,0.001291787,0.000602794,0.000949822,0.000921215,1.08015
3/22/2017,1.0795,1.081,1.0826,1.0775,-0.001202813,0.006517691,0.000554529,0.005224368,1.06362,1.06263,1.067425,1.059935,0.001136724,0.001296118,0.001180034,0.001334452,1.078775
3/23/2017,1.078,1.0797,1.0806,1.0768,-0.001389532,-0.00120259,-0.001847404,-0.000649652,1.064625,1.063825,1.068475,1.06109,0.000953557,0.001131584,0.000988373,0.001092306,1.079
3/24/2017,1.0797,1.0784,1.0819,1.076,0.001576994,-0.001204038,0.001203035,-0.000742942,1.06581,1.064835,1.069475,1.06211,0.001122208,0.000957725,0.000939994,0.000965,1.08405
3/27/2017,1.0864,1.0797,1.0905,1.0796,0.006205427,0.00120549,0.007948979,0.003345725,1.067205,1.066005,1.070845,1.063335,0.001314108,0.001107774,0.00128094,0.00115597,1.0837
3/28/2017,1.0812,1.0865,1.0873,1.0798,-0.004786451,0.006298046,-0.002934434,0.000185254,1.06839,1.067395,1.072055,1.064475,0.001122022,0.001309072,0.001134218,0.001075194,1.07865
3/29/2017,1.0766,1.0813,1.0827,1.074,-0.004254532,-0.00478601,-0.004230663,-0.005371365,1.06949,1.06858,1.07324,1.065605,0.001046411,0.001121722,0.001115517,0.001071526,1.072075
3/30/2017,1.0674,1.0766,1.0772,1.0671,-0.008545421,-0.00434662,-0.005079893,-0.006424581,1.07033,1.069675,1.07433,1.06649,0.000808786,0.001041494,0.001031494,0.000845408,1.0669
3/31/2017,1.0649,1.0674,1.0703,1.065,-0.00234214,-0.008545421,-0.006405496,-0.001967951,1.070475,1.07051,1.07472,1.067235,0.000149131,0.000803851,0.000374854,0.000713658,1.066325
4/3/2017,1.0668,1.0661,1.0682,1.0642,0.001784205,-0.001217913,-0.001962067,-0.000751174,1.070925,1.07073,1.07492,1.067575,0.000436082,0.000219494,0.000196751,0.000328514,1.0664
4/4/2017,1.0672,1.0669,1.0679,1.0636,0.000374953,0.000750399,-0.000280846,-0.000563804,1.07146,1.07116,1.075295,1.067965,0.000516278,0.000417135,0.000361247,0.000375981,1.066525
4/5/2017,1.0662,1.0674,1.069,1.0635,-0.000937031,0.000468647,0.001030059,-9.40203E-05,1.072075,1.0717,1.07587,1.06847,0.000592474,0.000520885,0.00054949,0.000484938,1.065475
4/6/2017,1.0642,1.0663,1.0685,1.0629,-0.001875821,-0.001030542,-0.000467727,-0.000564175,1.07241,1.07231,1.076215,1.068995,0.000327889,0.000587662,0.000332251,0.000504194,1.061975
4/7/2017,1.0588,1.0644,1.0667,1.058,-0.005074234,-0.001781863,-0.001684605,-0.004610029,1.072005,1.072645,1.076045,1.06904,-0.000370267,0.000327807,-0.000152319,5.03937E-05,1.0591
4/10/2017,1.0593,1.0593,1.0608,1.057,0.000472233,-0.004791432,-0.005531077,-0.00094518,1.071705,1.07224,1.07551,1.068635,-0.000271672,-0.000370307,-0.000494287,-0.000375259,1.060175
4/11/2017,1.0602,1.0596,1.0631,1.0578,0.000849618,0.000283206,0.002168175,0.000756859,1.071705,1.07195,1.075345,1.06853,1.0178E-05,-0.000262461,-0.000147894,-9.33076E-05,1.06335
4/12/2017,1.0664,1.0604,1.0677,1.0589,0.005847953,0.000755002,0.004326968,0.001039894,1.071365,1.07195,1.07502,1.06846,-0.000310516,9.94275E-06,-0.000297262,-6.01826E-05,1.0641
4/13/2017,1.0612,1.0665,1.0679,1.0608,-0.004876219,0.005752546,0.000187319,0.001794315,1.070605,1.0716,1.074555,1.067975,-0.000703414,-0.000320121,-0.000427535,-0.000451463,1.0615
4/14/2017,1.0609,1.0614,1.0631,1.0606,-0.000282699,-0.004781997,-0.004494803,-0.000188537,1.06997,1.07084,1.07379,1.06737,-0.000587486,-0.000703609,-0.000707975,-0.000563645,1.0632
4/17/2017,1.064,1.0615,1.0671,1.0602,0.002922047,9.42152E-05,0.003762581,-0.000377145,1.069485,1.07022,1.073255,1.06676,-0.000446041,-0.000573503,-0.000492027,-0.000568519,1.06875
4/18/2017,1.0732,1.0643,1.0738,1.0637,0.008646617,0.002637777,0.006278699,0.003301264,1.069105,1.069735,1.072845,1.06635,-0.000344342,-0.00044627,-0.000372934,-0.000380144,1.071925
4/19/2017,1.0709,1.073,1.0738,1.07,-0.002143123,0.008174387,0,0.005922723,1.068675,1.069335,1.072405,1.065975,-0.000391358,-0.000363436,-0.00040066,-0.000345226,1.072775
4/20/2017,1.0714,1.0711,1.0779,1.0707,0.000466897,-0.001770736,0.003818216,0.000654206,1.068345,1.068905,1.07227,1.06567,-0.000298536,-0.000391843,-0.000117379,-0.000280033,1.0716
4/21/2017,1.0726,1.0718,1.0738,1.0682,0.00112003,0.000653534,-0.003803692,-0.002334921,1.06799,1.068575,1.071865,1.06528,-0.000321385,-0.000298964,-0.000367715,-0.000359632,1.0879
4/24/2017,1.0867,1.0891,1.0938,1.082,0.013145627,0.016141071,0.018625442,0.012918929,1.068005,1.069045,1.07203,1.0654,2.56255E-05,0.000447815,0.000166108,0.000119028,1.08985
4/25/2017,1.0925,1.0867,1.0951,1.0851,0.00533726,-0.002203654,0.001188517,0.002865065,1.06857,1.069055,1.07242,1.065665,0.000531811,2.27298E-05,0.000372255,0.000253019,1.0909
4/26/2017,1.0903,1.0926,1.0951,1.0856,-0.00201373,0.005429281,0,0.000460787,1.069255,1.06962,1.07304,1.066245,0.000643851,0.000533494,0.000583789,0.000544626,1.089025
4/27/2017,1.0872,1.0904,1.0934,1.0851,-0.002843254,-0.002013546,-0.00155237,-0.000460575,1.070245,1.07031,1.07385,1.067145,0.000928959,0.000650148,0.000760165,0.000842827,1.089425
4/28/2017,1.0895,1.0877,1.0948,1.0857,0.002115526,-0.002476156,0.00128041,0.000552944,1.071475,1.071325,1.075075,1.06818,0.001151843,0.000953611,0.00114446,0.000968871,1.09035
5/1/2017,1.0898,1.0907,1.0925,1.0884,0.000275356,0.002758113,-0.00210084,0.002486875,1.072625,1.072555,1.07629,1.06939,0.0010764,0.001152413,0.001137521,0.001130774,1.0912
5/2/2017,1.0927,1.0899,1.0934,1.0888,0.002661039,-0.000733474,0.000823799,0.000367512,1.0739,1.073705,1.077565,1.07065,0.001190705,0.001078219,0.001192754,0.00117734,1.090775
5/3/2017,1.0882,1.0929,1.0938,1.0882,-0.004118239,0.002752546,0.000365831,-0.000551065,1.075,1.07498,1.078805,1.071885,0.001031644,0.001192414,0.001159542,0.001154487,1.09335
5/4/2017,1.0984,1.0886,1.0989,1.0875,0.009373277,-0.003934486,0.004662644,-0.000643264,1.07671,1.076095,1.080325,1.073115,0.001594099,0.001047217,0.001416061,0.001150533,1.098375
5/5/2017,1.0995,1.0989,1.1002,1.0949,0.001001457,0.009461694,0.001183001,0.006804598,1.078745,1.07782,1.082,1.07496,0.001897884,0.001609395,0.001559441,0.001721264,1.09655
5/8/2017,1.0922,1.0999,1.1025,1.0916,-0.006639382,0.000910001,0.002090529,-0.003013974,1.08039,1.07985,1.084085,1.07669,0.001542303,0.001894466,0.001940521,0.001617824,1.08985
5/9/2017,1.0872,1.0925,1.0934,1.0863,-0.004577916,-0.006727884,-0.008253968,-0.004855258,1.08174,1.081495,1.0856,1.078115,0.001270926,0.001543912,0.001419414,0.001337219,1.087275
5/10/2017,1.0866,1.0873,1.09,1.0852,-0.000551876,-0.004759725,-0.003109566,-0.001012612,1.08275,1.08284,1.086715,1.07943,0.000950935,0.001268175,0.001047587,0.001234593,1.086575
5/11/2017,1.0861,1.0869,1.0894,1.0839,-0.000460151,-0.000367884,-0.000550459,-0.001197936,1.083995,1.08386,1.08779,1.080585,0.001171738,0.000962154,0.001010699,0.001084981,1.089525
5/12/2017,1.0928,1.0862,1.0936,1.0855,0.006168861,-0.000644033,0.003855333,0.001476151,1.08559,1.0851,1.089315,1.08183,0.001494316,0.001169052,0.001428205,0.001168215,1.0953
5/15/2017,1.0973,1.0926,1.0991,1.0922,0.004117862,0.005892101,0.005029261,0.006172271,1.087255,1.086655,1.090915,1.08343,0.001554107,0.001458946,0.001491539,0.001495686,1.10325
5/16/2017,1.1082,1.0976,1.1099,1.0973,0.009933473,0.00457624,0.009826221,0.004669474,1.089005,1.08832,1.09272,1.08511,0.00161845,0.001555869,0.001668915,0.001564096,1.112125
5/17/2017,1.1158,1.1083,1.1164,1.108,0.006857968,0.009748542,0.005856383,0.009751208,1.09125,1.090085,1.09485,1.08701,0.002068504,0.001634577,0.001961735,0.001755521,1.1127
5/18/2017,1.1101,1.116,1.1172,1.1075,-0.005108442,0.006947577,0.000716589,-0.000451264,1.093185,1.09233,1.096815,1.08885,0.001789737,0.002070493,0.001806653,0.001700247,1.115375
5/19/2017,1.1204,1.1103,1.1212,1.1096,0.009278443,-0.005107527,0.00358038,0.001896163,1.095575,1.094255,1.099185,1.09092,0.002197658,0.00178244,0.002175857,0.001911801,1.1216
5/22/2017,1.1236,1.1202,1.1265,1.1161,0.002856123,0.008916509,0.004727078,0.005857967,1.09742,1.09581,1.10082,1.092625,0.001683183,0.001421212,0.001480939,0.001558753,1.121575
5/23/2017,1.1182,1.1238,1.1269,1.1174,-0.004805981,0.003213712,0.000355082,0.00116477,1.098705,1.097665,1.10241,1.09424,0.001176021,0.00169208,0.001439267,0.001473739,1.11975
5/24/2017,1.1217,1.1183,1.1222,1.1168,0.00313003,-0.004894109,-0.004170734,-0.000536961,1.100275,1.09895,1.103765,1.0958,0.001433209,0.001175911,0.00123073,0.001423851,1.1218
5/25/2017,1.1209,1.1219,1.1251,1.1193,-0.000713203,0.003219172,0.00258421,0.002238539,1.10196,1.100525,1.10535,1.09751,0.001539711,0.001437546,0.001437559,0.001558807,1.119675
5/26/2017,1.1182,1.121,1.1235,1.116,-0.002408779,-0.000802211,-0.001422096,-0.002948271,1.103395,1.10219,1.106785,1.099025,0.001313496,0.001521244,0.001302434,0.001383746,1.1174
5/29/2017,1.1164,1.118,1.1191,1.1161,-0.00160973,-0.002676182,-0.003916333,8.96057E-05,1.104725,1.103555,1.108115,1.10041,0.001219242,0.001249529,0.001211659,0.001263883,1.116575
5/30/2017,1.1183,1.1165,1.1206,1.1109,0.001701899,-0.001341682,0.001340363,-0.004659081,1.106005,1.104885,1.109475,1.101515,0.001171285,0.001219119,0.001237487,0.001012553,1.121125
5/31/2017,1.1241,1.1186,1.1254,1.1164,0.005186444,0.001880878,0.00428342,0.004950941,1.1078,1.10617,1.111055,1.102925,0.001636519,0.001175535,0.001433367,0.001287653,1.122875
6/1/2017,1.1211,1.1244,1.1258,1.1202,-0.002668802,0.005185053,0.000355429,0.003403798,1.108935,1.10796,1.1124,1.10456,0.001034415,0.001631512,0.001218006,0.001490006,1.124575
6/2/2017,1.128,1.1212,1.1287,1.1204,0.00615467,-0.002845962,0.002575946,0.00017854,1.11036,1.109075,1.113825,1.105835,0.001292076,0.001016129,0.001287653,0.001158703,1.126275
6/5/2017,1.1252,1.1279,1.1286,1.1234,-0.00248227,0.00597574,-8.85975E-05,0.002677615,1.11201,1.110475,1.11513,1.107425,0.001499931,0.001269416,0.001178697,0.001443283,1.12635
6/6/2017,1.1275,1.1254,1.1285,1.124,0.002044081,-0.002216509,-8.86054E-05,0.000534093,1.114025,1.11212,1.116885,1.10931,0.001831031,0.001494985,0.001586965,0.001712751,1.1255
6/7/2017,1.1255,1.1277,1.1284,1.1204,-0.001773836,0.002043718,-8.86132E-05,-0.003202847,1.11597,1.11414,1.118805,1.11107,0.001769933,0.001835157,0.001738013,0.001603239,1.123325
6/8/2017,1.1212,1.1257,1.1269,1.1195,-0.003820524,-0.001773521,-0.001329316,-0.000803285,1.117725,1.11608,1.12068,1.11285,0.001601914,0.001764875,0.00169907,0.001622971,1.120275
6/9/2017,1.1192,1.1214,1.1239,1.1166,-0.001783803,-0.003819845,-0.002662171,-0.002590442,1.119045,1.11784,1.122195,1.114405,0.001204281,0.001606085,0.001373195,0.001419642,1.120475
6/12/2017,1.12,1.1195,1.1233,1.1191,0.000714796,-0.001694311,-0.000533855,0.00223894,1.12018,1.119185,1.123405,1.11575,0.001034128,0.001226764,0.001095039,0.001222975,1.120725
6/13/2017,1.1214,1.1204,1.1226,1.1185,0.00125,0.00080393,-0.000623164,-0.000536145,1.12084,1.120325,1.12404,1.11681,0.000599954,0.001038149,0.00057257,0.000962694,1.1229
6/14/2017,1.1217,1.121,1.1296,1.1193,0.000267523,0.000535523,0.006235525,0.000715244,1.121135,1.12096,1.1247,1.117375,0.000270432,0.000577498,0.000591527,0.000510896,1.118075
6/15/2017,1.1143,1.1218,1.123,1.1132,-0.006597129,0.000713649,-0.005842776,-0.005449835,1.121345,1.12125,1.12499,1.11766,0.000195998,0.000265801,0.000263559,0.000260967,1.117075
6/16/2017,1.1197,1.1145,1.1203,1.1138,0.004846092,-0.006507399,-0.002404274,0.000538987,1.12131,1.12146,1.124945,1.11787,-2.562E-05,0.000195808,-3.56741E-05,0.000193109,1.117675
6/19/2017,1.1148,1.12,1.1216,1.1143,-0.004376172,0.004934948,0.001160403,0.000448914,1.12087,1.12145,1.1247,1.11778,-0.000387235,-3.27039E-06,-0.000214008,-7.73441E-05,1.114175
6/20/2017,1.1134,1.1149,1.1166,1.1118,-0.001255831,-0.004553571,-0.004457917,-0.002243561,1.12063,1.121005,1.124185,1.1175,-0.000209727,-0.000391635,-0.000454658,-0.000247761,1.114975
6/21/2017,1.1166,1.1134,1.1172,1.1127,0.002874079,-0.001345412,0.000537346,0.000809498,1.120375,1.12076,1.123935,1.117295,-0.000222525,-0.0002142,-0.000219254,-0.000180438,1.1159
6/22/2017,1.115,1.1168,1.1179,1.1139,-0.001432921,0.003053709,0.000626566,0.001078458,1.12008,1.120505,1.123575,1.117025,-0.000258511,-0.000222473,-0.000317136,-0.000238442,1.1175
6/23/2017,1.1192,1.1153,1.121,1.1145,0.003766816,-0.001343123,0.002773057,0.000538648,1.12013,1.12022,1.12345,1.11695,5.02691E-05,-0.000249518,-0.000107378,-6.40958E-05,1.119325
6/26/2017,1.1179,1.1202,1.1221,1.1171,-0.001161544,0.004393437,0.000981267,0.002332885,1.120205,1.12033,1.1236,1.117,7.26784E-05,0.000103962,0.000137502,4.80682E-05,1.1262
6/27/2017,1.1337,1.1182,1.1351,1.1178,0.014133643,-0.001785395,0.01158542,0.000626623,1.120975,1.120415,1.124325,1.117345,0.000694266,8.17768E-05,0.000649754,0.000312353,1.1349
6/28/2017,1.1376,1.1338,1.1391,1.1291,0.003440064,0.013950993,0.003523919,0.010109143,1.12165,1.121175,1.12501,1.11798,0.000606947,0.000685283,0.000611779,0.000570263,1.140975
6/29/2017,1.144,1.1378,1.1447,1.1374,0.005625879,0.003527959,0.004916162,0.007350988,1.122795,1.121845,1.125955,1.11884,0.001021681,0.000602428,0.000839816,0.000767623,1.14255
6/30/2017,1.1423,1.1441,1.1447,1.1391,-0.001486014,0.005537001,0,0.001494637,1.12351,1.12299,1.126755,1.119775,0.000639646,0.001021576,0.000711019,0.000833428,1.1391
7/3/2017,1.136,1.1421,1.1429,1.1354,-0.005515189,-0.001748099,-0.001572464,-0.003248178,1.12405,1.1237,1.12747,1.120375,0.000488,0.000635384,0.000636825,0.000537138,1.135525
7/4/2017,1.1342,1.1365,1.1378,1.1336,-0.001584507,-0.004903248,-0.004462333,-0.001585344,1.124385,1.124255,1.127935,1.120855,0.000306571,0.000501047,0.000418139,0.000431166,1.1345
7/5/2017,1.1352,1.1346,1.137,1.1312,0.000881679,-0.001671799,-0.000703111,-0.002117149,1.12487,1.1246,1.128365,1.121395,0.000439347,0.000315271,0.000387414,0.000485451,1.138225
7/6/2017,1.1422,1.1352,1.1426,1.1329,0.006166314,0.000528821,0.004925242,0.001502829,1.12592,1.125075,1.12915,1.122065,0.000938689,0.000430388,0.000700142,0.000600757,1.1411
7/7/2017,1.14,1.1424,1.1441,1.1379,-0.001926108,0.006342495,0.001312795,0.004413452,1.12696,1.126125,1.13016,1.12313,0.000931574,0.000938505,0.00089889,0.000950952,1.139775
7/10/2017,1.1399,1.1393,1.1418,1.1381,-8.77193E-05,-0.002713585,-0.002010314,0.000175762,1.127955,1.127115,1.131085,1.12408,0.000891448,0.000887542,0.000825067,0.000847793,1.143175
7/11/2017,1.1465,1.1399,1.1481,1.1382,0.005789982,0.000526639,0.005517604,8.78657E-05,1.12921,1.12809,1.13236,1.125065,0.001118447,0.000873677,0.001132106,0.000878993,1.14395
7/12/2017,1.141,1.1467,1.149,1.1391,-0.004797209,0.005965436,0.000783904,0.000790722,1.130175,1.129375,1.13333,1.126055,0.00086521,0.001145173,0.000859525,0.000882767,1.140825
7/13/2017,1.1395,1.1412,1.1456,1.137,-0.001314636,-0.004796372,-0.002959095,-0.001843561,1.131435,1.130345,1.13446,1.127245,0.001129335,0.000869672,0.001003709,0.001063081,1.14325
7/14/2017,1.1467,1.1399,1.1473,1.1391,0.006318561,-0.001139152,0.001483939,0.001846966,1.132785,1.131615,1.13581,1.12851,0.001202958,0.001138084,0.001198119,0.00112848,1.1466
7/17/2017,1.1478,1.1464,1.1488,1.1434,0.000959274,0.005702255,0.001307417,0.00377491,1.134435,1.132935,1.13717,1.129965,0.001469731,0.001176449,0.00120547,0.00129478,1.15215
7/18/2017,1.1552,1.1479,1.1584,1.1471,0.006447116,0.001308444,0.008356546,0.003235963,1.136525,1.134585,1.13926,1.13173,0.001854878,0.00146955,0.001846193,0.001568756,1.153425
7/19/2017,1.1514,1.1554,1.1559,1.151,-0.003289474,0.00653367,-0.002158149,0.003399878,1.138265,1.136685,1.141195,1.133645,0.0015467,0.001863504,0.001711419,0.001698275,1.156975
7/20/2017,1.1629,1.1515,1.1656,1.1479,0.009987841,-0.003375454,0.008391729,-0.00269331,1.14066,1.13842,1.14358,1.135345,0.002117738,0.001542046,0.002099677,0.001509686,1.164925
7/21/2017,1.1661,1.1633,1.1684,1.1619,0.002751741,0.010247503,0.002402196,0.012196184,1.143005,1.14082,1.14595,1.137715,0.002066985,0.002121577,0.002081134,0.002092563,1.165225
7/24/2017,1.1638,1.166,1.1685,1.1626,-0.001972387,0.002320983,8.55871E-05,0.000602461,1.1453,1.14311,1.14827,1.13999,0.002026443,0.002017955,0.00203635,0.002006042,1.1659
7/25/2017,1.1651,1.1642,1.1713,1.163,0.00111703,-0.001543739,0.002396234,0.000344056,1.14687,1.14541,1.15008,1.14225,0.001375612,0.002030037,0.00157689,0.001991914,1.1683
7/26/2017,1.1732,1.1647,1.1741,1.1612,0.006952193,0.000429479,0.002390506,-0.001547721,1.14865,1.146955,1.15183,1.143855,0.001551218,0.001353962,0.00152022,0.001409071,1.17095
7/27/2017,1.1676,1.1734,1.1778,1.165,-0.00477327,0.007469735,0.00315135,0.003272477,1.14983,1.148735,1.153485,1.145235,0.001031261,0.001551051,0.001431979,0.001205145,1.171575
7/28/2017,1.175,1.1677,1.1765,1.1671,0.006337787,-0.004857679,-0.001103753,0.001802575,1.151465,1.149915,1.155075,1.146635,0.001422451,0.001031317,0.001376792,0.001220542,1.1787
7/31/2017,1.184,1.1738,1.1847,1.1723,0.007659574,0.005223945,0.006969826,0.004455488,1.153865,1.1515,1.157165,1.14848,0.002081189,0.001379919,0.001803906,0.001605725,1.181875
8/1/2017,1.1801,1.1842,1.1847,1.1785,-0.003293919,0.008860112,0,0.005288749,1.15616,1.153885,1.15951,1.150725,0.001995719,0.002068087,0.002027023,0.00194943,1.18395
8/2/2017,1.1854,1.1801,1.191,1.1793,0.004491145,-0.003462253,0.005317802,0.000678829,1.15867,1.15616,1.16221,1.15313,0.002176192,0.001978564,0.002328068,0.002089229,1.1862
8/3/2017,1.1868,1.1856,1.1894,1.183,0.001181036,0.004660622,-0.001343409,0.003137454,1.1609,1.15868,1.16455,1.155635,0.001926928,0.002185154,0.002014636,0.00217096,1.181425
8/4/2017,1.1768,1.1871,1.189,1.1728,-0.00842602,0.001265182,-0.000336304,-0.008622147,1.16274,1.160915,1.166795,1.15738,0.001601932,0.001931289,0.001932181,0.00151918,1.178525
8/7/2017,1.1793,1.1768,1.1814,1.1766,0.002124405,-0.008676607,-0.006391926,0.003240109,1.16471,1.16279,1.168775,1.159305,0.001712539,0.001633137,0.0017131,0.001672397,1.1771
8/8/2017,1.1749,1.1795,1.1825,1.1715,-0.003731027,0.002294358,0.000931099,-0.004334523,1.16613,1.16477,1.170495,1.16097,0.001236488,0.001721523,0.001483775,0.001451278,1.1741
8/9/2017,1.1757,1.1753,1.1765,1.1689,0.000680909,-0.003560831,-0.005073996,-0.002219377,1.167865,1.1662,1.17187,1.16246,0.001510394,0.00124521,0.00119088,0.001300773,1.175475
8/10/2017,1.177,1.1759,1.1786,1.1704,0.001105724,0.000510508,0.001784955,0.001283258,1.16974,1.167935,1.17352,1.16413,0.001631412,0.001510554,0.001428083,0.001457114,1.1797
8/11/2017,1.182,1.1773,1.1847,1.1748,0.004248088,0.001190577,0.005175632,0.003759398,1.171505,1.169805,1.17539,1.165915,0.001527888,0.001627041,0.001612667,0.001552736,1.179825
8/14/2017,1.1778,1.1807,1.1839,1.1769,-0.003553299,0.002887964,-0.000675276,0.001787538,1.173005,1.17152,1.177145,1.16759,0.00130226,0.001486326,0.001513533,0.001453367,1.174825
8/15/2017,1.1733,1.178,1.1793,1.1687,-0.003820683,-0.002286779,-0.003885463,-0.006967457,1.17391,1.173025,1.17819,1.16867,0.00078887,0.001306565,0.000901432,0.000943196,1.174075
8/16/2017,1.1768,1.1734,1.178,1.1681,0.002983039,-0.003904924,-0.001102349,-0.000513391,1.17518,1.173925,1.179295,1.169525,0.001102496,0.000784635,0.000954222,0.000747533,1.173575
8/17/2017,1.1723,1.1767,1.1791,1.1662,-0.003823929,0.00281234,0.000933786,-0.001626573,1.17565,1.175185,1.17997,1.17044,0.000411907,0.001094025,0.000581325,0.000800869,1.1741
8/18/2017,1.176,1.1723,1.1774,1.1707,0.003156189,-0.003739271,-0.001441778,0.003858686,1.176145,1.175635,1.18042,1.17088,0.000432129,0.000394686,0.000389126,0.000383995,1.178175
8/21/2017,1.1814,1.1753,1.1829,1.1731,0.004591837,0.002559072,0.00467131,0.002050056,1.177025,1.1761,1.18114,1.171405,0.000760341,0.000406591,0.000618412,0.000456374,1.17865
8/22/2017,1.176,1.1815,1.1826,1.1745,-0.004570848,0.005275249,-0.000253614,0.001193419,1.17757,1.176965,1.181705,1.17198,0.000475947,0.00074754,0.00048592,0.000498842,1.178325
8/23/2017,1.1805,1.1763,1.1825,1.174,0.003826531,-0.004401185,-8.45594E-05,-0.000425713,1.177935,1.177545,1.182125,1.17262,0.000319663,0.000506007,0.000362167,0.000554943,1.18025
8/24/2017,1.1797,1.1807,1.1822,1.1784,-0.000677679,0.003740542,-0.0002537,0.003747871,1.17854,1.17791,1.182345,1.17329,0.000524443,0.000319547,0.000191914,0.000578712,1.185925
8/25/2017,1.1924,1.1799,1.1942,1.1772,0.010765449,-0.000677564,0.010150567,-0.00101833,1.17941,1.17852,1.18323,1.173795,0.000745826,0.000528553,0.00075463,0.000437667,1.195125
8/28/2017,1.1977,1.1926,1.1985,1.1917,0.004444817,0.010763624,0.003600737,0.012317363,1.180095,1.17946,1.18392,1.174765,0.000585088,0.000805537,0.000586176,0.000830761,1.1992
8/29/2017,1.1972,1.1979,1.2071,1.1946,-0.000417467,0.004444072,0.007175636,0.002433498,1.18095,1.180145,1.18504,1.17557,0.000728911,0.000584735,0.000944957,0.000687998,1.193
8/30/2017,1.1881,1.1974,1.1985,1.188,-0.007601069,-0.000417397,-0.007124513,-0.005524862,1.181085,1.18101,1.185415,1.176005,0.0001243,0.000736978,0.000322842,0.000377814,1.1882
8/31/2017,1.1908,1.1884,1.1914,1.1822,0.002272536,-0.007516285,-0.005924072,-0.004882155,1.181285,1.18115,1.185515,1.175965,0.000178875,0.000128132,9.38086E-05,-2.31665E-05,1.189925
9/1/2017,1.1857,1.191,1.198,1.185,-0.004282835,0.002187816,0.005539701,0.002368466,1.18173,1.181345,1.185965,1.176575,0.000386034,0.000174264,0.000387609,0.000526364,1.188275
9/4/2017,1.1895,1.1859,1.1923,1.1854,0.003204858,-0.004282116,-0.00475793,0.000337553,1.18224,1.1818,1.18651,1.177015,0.000440057,0.000393988,0.000469309,0.000381236,1.190425
9/5/2017,1.1912,1.1896,1.1941,1.1868,0.001429172,0.003119993,0.001509687,0.001181036,1.183055,1.182305,1.18709,1.17778,0.000698067,0.00043527,0.000498238,0.000657014,1.19205
9/6/2017,1.1915,1.1914,1.1951,1.1902,0.000251847,0.001513114,0.000837451,0.002864847,1.183845,1.18311,1.18802,1.178845,0.000676614,0.000688968,0.00079381,0.000911225,1.1978
9/7/2017,1.2021,1.1917,1.206,1.1914,0.008896349,0.000251805,0.009120576,0.001008234,1.1851,1.1839,1.18939,1.179895,0.001066145,0.000676032,0.001160591,0.000897474,1.20415
9/8/2017,1.2033,1.2024,1.2094,1.2015,0.000998253,0.00897877,0.002819237,0.008477422,1.186165,1.185155,1.190625,1.18123,0.000903653,0.001065442,0.001042772,0.001133375,1.1995
9/11/2017,1.1951,1.2041,1.2041,1.1947,-0.006814593,0.001413839,-0.004382338,-0.005659592,1.18703,1.186325,1.191635,1.18212,0.000740589,0.000991736,0.000857419,0.000761019,1.195575
9/12/2017,1.1965,1.1953,1.1979,1.1926,0.00117145,-0.007308363,-0.005149074,-0.001757763,1.18819,1.18719,1.192565,1.183315,0.000990195,0.000740657,0.000794238,0.001021504,1.193025
9/13/2017,1.1885,1.1968,1.1995,1.1873,-0.006686168,0.001254915,0.001335671,-0.004444072,1.188775,1.18836,1.19364,1.184275,0.000506735,0.000998648,0.000916139,0.000824969,1.189075
9/14/2017,1.1918,1.1885,1.1923,1.1837,0.002776609,-0.00693516,-0.006002501,-0.00303209,1.18975,1.18895,1.1943,1.18515,0.000836762,0.000511273,0.000569325,0.000754694,1.1937
9/15/2017,1.1941,1.1919,1.1988,1.19,0.001929854,0.002860749,0.005451648,0.005322295,1.190655,1.18993,1.19537,1.186115,0.000775445,0.000841274,0.000913996,0.000827874,1.194675
9/18/2017,1.1952,1.1949,1.1971,1.1915,0.000921196,0.00251699,-0.001418085,0.001260504,1.191345,1.19091,1.19608,1.187035,0.000591913,0.00083917,0.000609526,0.000788396,1.197625
9/19/2017,1.1992,1.1955,1.2008,1.195,0.00334672,0.000502134,0.003090803,0.002937474,1.192505,1.19161,1.19699,1.18806,0.000987791,0.000600515,0.000776747,0.000875599,1.1945
9/20/2017,1.1891,1.1994,1.2033,1.1862,-0.008422282,0.003262233,0.002081945,-0.007364017,1.192935,1.192765,1.19803,1.18867,0.000375351,0.000983685,0.000885072,0.000528684,1.1913
9/21/2017,1.1939,1.1893,1.1955,1.1865,0.004036666,-0.008420877,-0.006482174,0.000252908,1.193645,1.193195,1.198695,1.189075,0.000611068,0.000375614,0.000573649,0.000353936,1.195875
9/22/2017,1.1952,1.1942,1.2005,1.1936,0.001088868,0.004120071,0.00418235,0.005983987,1.193785,1.19391,1.19901,1.189895,0.000127239,0.000615496,0.000275238,0.000704052,1.1898
9/25/2017,1.1846,1.1953,1.1961,1.1832,-0.008868809,0.000921119,-0.00366514,-0.008713137,1.19313,1.194045,1.19889,1.18947,-0.000538442,0.000123371,-8.8056E-05,-0.000347473,1.18145
9/26/2017,1.1791,1.1848,1.1862,1.1757,-0.004642917,-0.008784406,-0.0082769,-0.006338742,1.192225,1.19339,1.197845,1.188525,-0.000749715,-0.000538053,-0.000860683,-0.000786085,1.176225
9/27/2017,1.1743,1.1793,1.1796,1.1717,-0.004070902,-0.004642134,-0.005563986,-0.003402228,1.191535,1.192485,1.1969,1.18771,-0.000573206,-0.00074929,-0.000782656,-0.000679954,1.17635
9/28/2017,1.1784,1.1745,1.1805,1.172,0.003491442,-0.004070211,0.00076297,0.000256038,1.190915,1.19179,1.196355,1.1872,-0.000512261,-0.000576986,-0.000448304,-0.000423044,1.1801
9/29/2017,1.1812,1.1787,1.1833,1.1772,0.002376103,0.00357599,0.002371876,0.00443686,1.19069,1.191175,1.19562,1.18681,-0.000179314,-0.000507577,-0.000606696,-0.000319624,1.1774
10/2/2017,1.173,1.1818,1.1818,1.173,-0.006942093,0.002630016,-0.001267641,-0.003567788,1.189865,1.19097,1.195095,1.18619,-0.000686662,-0.000161971,-0.000432181,-0.000514891,1.173625
10/3/2017,1.1742,1.1733,1.1774,1.1696,0.001023018,-0.007192418,-0.003723134,-0.002898551,1.189015,1.190155,1.19426,1.18533,-0.000706969,-0.000677591,-0.000693822,-0.000718871,1.175625
10/4/2017,1.1759,1.1743,1.1789,1.1734,0.001447794,0.000852297,0.001273994,0.003248974,1.188235,1.1893,1.19345,1.18449,-0.000647172,-0.000710632,-0.000671995,-0.000699664,1.173675
10/5/2017,1.171,1.1759,1.178,1.1698,-0.004167021,0.001362514,-0.000763424,-0.003068007,1.18668,1.18851,1.19205,1.18341,-0.00130034,-0.000655097,-0.001166195,-0.000903476,1.171325
10/6/2017,1.1733,1.1711,1.174,1.1669,0.001964133,-0.00408198,-0.003395586,-0.002479056,1.18518,1.186945,1.19028,1.18168,-0.001252046,-0.001308134,-0.001476936,-0.0014513,1.17355
10/9/2017,1.1739,1.1729,1.1757,1.1717,0.000511378,0.001537016,0.001448041,0.004113463,1.18412,1.185385,1.18886,1.18053,-0.000885748,-0.001301975,-0.001185417,-0.000962647,1.177775
10/10/2017,1.1806,1.174,1.1827,1.1738,0.005707471,0.000937846,0.0059539,0.001792268,1.183325,1.18432,1.1881,1.17959,-0.000658947,-0.000889665,-0.000630269,-0.000785146,1.183275
10/11/2017,1.1857,1.1808,1.1871,1.1795,0.004319837,0.005792164,0.003720301,0.004856023,1.183185,1.18352,1.18748,1.1792,-0.000108647,-0.000662802,-0.000511037,-0.000320141,1.184925
10/12/2017,1.1829,1.186,1.1881,1.1827,-0.002361474,0.004403794,0.000842389,0.002713014,1.18274,1.183395,1.18727,1.17915,-0.000365551,-9.58547E-05,-0.000168793,-3.2886E-05,1.1833
10/13/2017,1.1822,1.183,1.1875,1.1805,-0.000591766,-0.002529511,-0.000505008,-0.001860151,1.182145,1.18295,1.186705,1.178675,-0.000491632,-0.000365368,-0.000466625,-0.000392008,1.18065
10/16/2017,1.1795,1.1825,1.1826,1.178,-0.002283878,-0.000422654,-0.004126316,-0.002117747,1.18136,1.18233,1.18598,1.178,-0.000651885,-0.00051235,-0.000602037,-0.000560921,1.1775
10/17/2017,1.1766,1.1797,1.1801,1.1736,-0.002458669,-0.002367865,-0.002113986,-0.003735144,1.18023,1.18154,1.184945,1.17693,-0.000942155,-0.00065585,-0.000862276,-0.000894552,1.177225
10/18/2017,1.1787,1.1766,1.1806,1.173,0.001784804,-0.002627787,0.000423693,-0.000511247,1.17971,1.1804,1.18381,1.17627,-0.000431801,-0.000950351,-0.000945189,-0.000551913,1.181625
10/19/2017,1.185,1.1788,1.1859,1.1768,0.005344871,0.001869794,0.004489243,0.003239557,1.179265,1.179875,1.18333,1.175785,-0.00036639,-0.000435817,-0.000396618,-0.000402581,1.1814
10/20/2017,1.1783,1.1853,1.1858,1.1762,-0.005654008,0.005514082,-8.43241E-05,-0.000509857,1.17842,1.17943,1.182595,1.174915,-0.000703534,-0.000366117,-0.000609952,-0.000727273,1.175575
10/23/2017,1.1747,1.1773,1.1778,1.1725,-0.003055249,-0.006749346,-0.0067465,-0.003145724,1.177925,1.17853,1.18168,1.17438,-0.000412856,-0.00074964,-0.00076402,-0.000448902,1.176075
10/24/2017,1.1759,1.1749,1.1793,1.1742,0.001021537,-0.002038563,0.001273561,0.001449893,1.177765,1.178035,1.181335,1.174305,-0.000129634,-0.000412348,-0.000286497,-5.94705E-05,1.178625
10/25/2017,1.1812,1.1761,1.1819,1.1753,0.004507186,0.001021364,0.002204698,0.000936808,1.17811,1.177875,1.18145,1.174485,0.000299271,-0.000129173,0.000101937,0.000157481,1.1735
10/26/2017,1.165,1.1813,1.1837,1.164,-0.013714866,0.004421393,0.001522971,-0.009614566,1.17744,1.178215,1.18161,1.174085,-0.000561045,0.000295407,0.000139937,-0.000336049,1.16225
10/27/2017,1.1608,1.165,1.1658,1.1574,-0.00360515,-0.013798358,-0.015122075,-0.005670103,1.17642,1.17753,1.180735,1.173095,-0.000860107,-0.00057331,-0.00073476,-0.000841397,1.1626
10/30/2017,1.1649,1.1603,1.1659,1.1593,0.003532047,-0.004034335,8.5778E-05,0.001641611,1.176015,1.176455,1.17994,1.17241,-0.0003364,-0.000906528,-0.000667089,-0.000580927,1.16455
10/31/2017,1.1644,1.1651,1.1662,1.1625,-0.000429221,0.004136861,0.000257312,0.002760286,1.175525,1.176045,1.17938,1.172055,-0.000409012,-0.000340064,-0.000468067,-0.000297985,1.163175
11/1/2017,1.1617,1.1646,1.1658,1.1606,-0.002318791,-0.000429148,-0.000342994,-0.001634409,1.174815,1.17556,1.178725,1.171415,-0.000597341,-0.000404136,-0.000548916,-0.000542154,1.164375
11/2/2017,1.1656,1.1619,1.1688,1.1612,0.003357149,-0.002318393,0.00257334,0.000516974,1.174545,1.17486,1.178265,1.170985,-0.000221133,-0.000588181,-0.000382078,-0.000362905,1.163875
11/3/2017,1.1607,1.1658,1.1692,1.1598,-0.004203844,0.003356571,0.000342231,-0.001205649,1.173915,1.174595,1.178025,1.17063,-0.000529532,-0.000216254,-0.000195187,-0.000299235,1.1606
11/6/2017,1.1609,1.161,1.1625,1.158,0.00017231,-0.004117344,-0.005730414,-0.001551992,1.173265,1.174,1.177365,1.169945,-0.000546485,-0.000498972,-0.00055411,-0.000582508,1.159125
11/7/2017,1.1585,1.161,1.1617,1.1553,-0.002067362,0,-0.000688172,-0.002331606,1.17216,1.17335,1.176315,1.16902,-0.000935227,-0.000545864,-0.000886214,-0.000788701,1.15925
11/8/2017,1.1593,1.1587,1.1612,1.1578,0.000690548,-0.001981051,-0.000430404,0.00216394,1.17084,1.172245,1.17502,1.167935,-0.001116691,-0.000934525,-0.001093749,-0.000923306,1.161925
11/9/2017,1.164,1.1596,1.1656,1.1585,0.004054171,0.000776733,0.003789184,0.000604595,1.169895,1.170925,1.173895,1.166725,-0.000795909,-0.001115878,-0.000946409,-0.001028727,1.165125
11/10/2017,1.1663,1.1641,1.1679,1.1622,0.001975945,0.003880648,0.001973233,0.003193785,1.1691,1.16998,1.172915,1.16581,-0.000667523,-0.00079537,-0.000822497,-0.00077603,1.1661
11/13/2017,1.1665,1.1666,1.1676,1.1637,0.000171482,0.002147582,-0.000256871,0.001290656,1.16845,1.169185,1.172165,1.165095,-0.000544755,-0.000666858,-0.000629025,-0.00060561,1.173225
11/14/2017,1.1796,1.1667,1.1806,1.166,0.011230176,8.57192E-05,0.01113395,0.001976454,1.1686,1.168535,1.17219,1.164715,0.000139687,-0.000544179,3.33719E-05,-0.00032003,1.180825
11/15/2017,1.1791,1.1797,1.1861,1.1784,-0.000423872,0.011142539,0.004658648,0.010634648,1.16862,1.16869,1.172465,1.164985,2.92529E-05,0.000144337,0.00024512,0.000237265,1.177975
11/16/2017,1.1769,1.1792,1.1802,1.1756,-0.00186583,-0.000423837,-0.004974285,-0.002376103,1.168215,1.16871,1.17218,1.164925,-0.000331282,2.96559E-05,-0.000228057,-4.35179E-05,1.178775
11/17/2017,1.1793,1.1771,1.1822,1.1765,0.002039256,-0.001780868,0.001694628,0.000765567,1.168265,1.1683,1.172,1.16494,5.33811E-05,-0.000335092,-0.000139109,2.02533E-05,1.17635
11/20/2017,1.1732,1.1791,1.181,1.1721,-0.00517256,0.001699091,-0.001015057,-0.003739907,1.16819,1.16839,1.17216,1.16492,-5.24845E-05,8.73302E-05,0.000147463,-9.45589E-06,1.173525
11/21/2017,1.1737,1.1732,1.1759,1.1713,0.000426185,-0.005003816,-0.004318374,-0.000682536,1.16808,1.168305,1.17199,1.164775,-8.22521E-05,-6.09324E-05,-0.000132134,-0.000116077,1.17795
11/22/2017,1.182,1.1738,1.1828,1.1732,0.007071654,0.000511422,0.005867846,0.001622129,1.16812,1.16819,1.172035,1.16467,4.59713E-05,-8.64295E-05,5.10237E-05,-8.18113E-05,1.183525
11/23/2017,1.185,1.1822,1.1856,1.1813,0.002538071,0.007156245,0.002367264,0.006904194,1.16912,1.168235,1.17213,1.165535,0.000858618,5.03131E-05,9.32384E-05,0.000744127,1.189075
11/24/2017,1.193,1.1852,1.1945,1.1836,0.006751055,0.002537642,0.007506748,0.001947008,1.17073,1.169245,1.173565,1.166845,0.001376428,0.000867113,0.001224679,0.001124982,1.1921
11/27/2017,1.1896,1.1932,1.1961,1.1895,-0.002849958,0.006749916,0.001339473,0.004984792,1.171965,1.17089,1.175075,1.168355,0.001057328,0.001406326,0.001287364,0.001292141,1.187125
11/28/2017,1.1839,1.1898,1.1921,1.1827,-0.004791527,-0.00284948,-0.003344202,-0.005716688,1.17294,1.172125,1.17637,1.169365,0.000839213,0.001057008,0.001107289,0.000868293,1.184725
11/29/2017,1.1847,1.1841,1.1884,1.1817,0.000675733,-0.004790721,-0.003103766,-0.000845523,1.17409,1.1731,1.1775,1.17042,0.000988939,0.00083893,0.00096925,0.000907737,1.187275
11/30/2017,1.1902,1.1847,1.1933,1.1809,0.004642526,0.000506714,0.004123191,-0.000676991,1.17532,1.17424,1.178725,1.171405,0.001053208,0.000980185,0.001046742,0.000848039,1.189625
12/1/2017,1.1889,1.1904,1.1941,1.1851,-0.001092253,0.004811345,0.00067041,0.003556609,1.17673,1.17547,1.17997,1.17267,0.001208787,0.001052924,0.001063151,0.001086152,1.1866
12/4/2017,1.1864,1.1881,1.189,1.1829,-0.002102784,-0.001932124,-0.004270999,-0.001856383,1.178005,1.176825,1.181295,1.173915,0.001095033,0.001162185,0.001136122,0.001070932,1.1842
12/5/2017,1.1824,1.1866,1.1878,1.18,-0.003371544,-0.00126252,-0.001009251,-0.002451602,1.1792,1.178105,1.1826,1.17515,0.001029824,0.001099059,0.001120068,0.001064932,1.18125
12/6/2017,1.1795,1.1826,1.1849,1.178,-0.002452639,-0.003370976,-0.002441488,-0.001694915,1.18021,1.1793,1.183785,1.17616,0.000872664,0.001029563,0.001019514,0.000871989,1.178825
12/7/2017,1.1771,1.1796,1.1815,1.1771,-0.00203476,-0.002536783,-0.00286944,-0.000764007,1.180865,1.1803,1.18458,1.17709,0.000568218,0.000863887,0.000686583,0.000803559,1.176125
12/8/2017,1.1764,1.1773,1.1778,1.173,-0.000594682,-0.001949813,-0.003131612,-0.003483137,1.18137,1.18096,1.185075,1.17763,0.000439686,0.000572364,0.00043134,0.000469713,1.177825
12/11/2017,1.1768,1.1769,1.1813,1.1763,0.00034002,-0.00033976,0.002971642,0.002813299,1.181885,1.181475,1.18576,1.17826,0.000448113,0.000447997,0.000592766,0.000545845,1.175475
12/12/2017,1.174,1.1769,1.1793,1.1717,-0.002379334,0,-0.00169305,-0.003910567,1.181605,1.181985,1.185695,1.178545,-0.000232362,0.000443711,-4.85839E-05,0.000251494,1.178225
12/13/2017,1.1825,1.1742,1.1833,1.1729,0.007240204,-0.002294163,0.003391843,0.001024153,1.181775,1.18171,1.185555,1.17827,0.000150842,-0.000228124,-0.000111924,-0.00022903,1.18095
12/14/2017,1.1777,1.1827,1.1864,1.177,-0.004059197,0.007238971,0.002619792,0.003495609,1.181815,1.181885,1.185865,1.17834,4.11733E-05,0.000155016,0.00026778,6.45553E-05,1.177325
12/15/2017,1.1752,1.1778,1.1813,1.175,-0.002122782,-0.004143062,-0.004298719,-0.001699235,1.18161,1.18192,1.18582,1.178265,-0.000166929,3.69062E-05,-3.18876E-05,-5.86848E-05,1.177725
12/18/2017,1.1781,1.1755,1.1835,1.1738,0.002467665,-0.001952793,0.001862355,-0.001021277,1.181855,1.18174,1.185945,1.17835,0.000215083,-0.000145688,0.000111983,7.72467E-05,1.18115
12/19/2017,1.1838,1.1782,1.185,1.1776,0.004838299,0.002296895,0.001267427,0.003237349,1.18236,1.18199,1.1864,1.178665,0.000435688,0.000219348,0.000391273,0.000273241,1.185975
12/20/2017,1.1869,1.184,1.1902,1.1828,0.002618686,0.004922764,0.004388186,0.004415761,1.182605,1.1825,1.18677,1.179145,0.00021304,0.000439915,0.00031729,0.000412922,1.187125
12/21/2017,1.1873,1.1872,1.1891,1.1849,0.000337012,0.002702703,-0.000924214,0.001775448,1.18272,1.18275,1.186945,1.179325,0.000102987,0.000217238,0.000152716,0.000156485,1.185575
12/22/2017,1.1857,1.1873,1.1877,1.1816,-0.001347595,8.42318E-05,-0.001177361,-0.002785045,1.182355,1.182855,1.186605,1.179225,-0.000301945,9.45671E-05,-0.000281489,-8.01174E-05,1.1861
12/25/2017,1.1868,1.1851,1.1882,1.1843,0.000927722,-0.001852944,0.000420982,0.002285037,1.182215,1.18245,1.18621,1.178965,-0.000113061,-0.000335576,-0.000327414,-0.000215105,1.186275
12/26/2017,1.1858,1.1868,1.1879,1.1846,-0.000842602,0.001434478,-0.000252483,0.000253314,1.18231,1.1823,1.186,1.17906,8.43848E-05,-0.000121378,-0.000172828,8.33949E-05,1.187725
12/27/2017,1.1886,1.1858,1.1911,1.1854,0.002361275,-0.000842602,0.002693829,0.000675333,1.182505,1.182385,1.186135,1.179245,0.000168662,7.6028E-05,0.000117052,0.000159438,1.191925
12/28/2017,1.1941,1.1888,1.196,1.1888,0.004627293,0.002529938,0.004113844,0.00286823,1.1827,1.18259,1.18627,1.17964,0.0001679,0.000177189,0.000116585,0.000336699,1.197625
12/29/2017,1.1996,1.1943,1.203,1.1936,0.004605979,0.004626514,0.005852843,0.004037685,1.183235,1.182785,1.186715,1.180065,0.000452812,0.000167948,0.000375706,0.000360753,1.200475
1/1/2018,1.2008,1.2002,1.2014,1.1995,0.001000333,0.004940132,-0.001330008,0.004943029,1.183955,1.18339,1.187335,1.180895,0.000607968,0.00051156,0.000522756,0.000700723,1.20385
1/2/2018,1.2057,1.2012,1.2084,1.2001,0.004080613,0.000833194,0.005826536,0.000500208,1.18512,1.18412,1.188365,1.1819,0.000980576,0.000616346,0.000864545,0.000848314,1.2035
1/3/2018,1.2012,1.2058,1.2069,1.2001,-0.003732272,0.003829504,-0.001241311,0,1.186205,1.18528,1.189465,1.183005,0.000916594,0.00097637,0.000924554,0.000933059,1.2044
1/4/2018,1.2067,1.2015,1.209,1.2004,0.004578755,-0.003566097,0.001739995,0.000249979,1.187685,1.186375,1.19084,1.18417,0.00124727,0.000924904,0.001155026,0.000983759,1.205
1/5/2018,1.2028,1.2068,1.2084,1.202,-0.003231955,0.004411153,-0.000496278,0.001332889,1.189005,1.18785,1.19237,1.18562,0.001115406,0.001242953,0.001286792,0.00122456,1.20005
1/8/2018,1.1965,1.2029,1.2053,1.1955,-0.005237779,-0.003231687,-0.002565376,-0.005407654,1.18999,1.18915,1.19357,1.18658,0.000836516,0.001098356,0.001009942,0.000813512,1.194825
1/9/2018,1.1935,1.1967,1.1976,1.1915,-0.002507313,-0.005154211,-0.006388451,-0.00334588,1.190965,1.19014,1.194485,1.18757,0.000830117,0.000840646,0.000775172,0.000841747,1.195575
1/10/2018,1.1945,1.1937,1.2018,1.1923,0.000837872,-0.002506894,0.003507014,0.000671423,1.191565,1.191115,1.19541,1.18854,0.000510001,0.000830009,0.00078093,0.00082411,1.199175
1/11/2018,1.2031,1.1947,1.206,1.1929,0.007199665,0.000837731,0.003494758,0.000503229,1.192835,1.191715,1.19639,1.189335,0.001072944,0.000509947,0.000824678,0.000674491,1.210925
1/12/2018,1.2185,1.2033,1.2189,1.203,0.012800266,0.00719846,0.010696517,0.008466762,1.195,1.19299,1.19827,1.190735,0.001819096,0.001077023,0.00157444,0.001182791,1.223575
1/15/2018,1.2261,1.2197,1.2298,1.2187,0.006237177,0.013629186,0.008942489,0.013050707,1.1974,1.1952,1.200585,1.19298,0.002007572,0.001856122,0.001928447,0.00188639,1.225025
1/16/2018,1.2259,1.2264,1.2283,1.2195,-0.000163119,0.005493154,-0.001219711,0.000656437,1.199505,1.19761,1.20275,1.195075,0.001757501,0.002015935,0.00180409,0.001757345,1.223575
1/17/2018,1.2184,1.226,1.2323,1.2176,-0.006117954,-0.000326158,0.003256533,-0.001558016,1.20108,1.19971,1.204855,1.196815,0.001320669,0.001753489,0.001747507,0.001458656,1.22135
1/18/2018,1.2237,1.2186,1.2266,1.2165,0.004349967,-0.006035889,-0.004625497,-0.000903417,1.2029,1.20128,1.20673,1.198395,0.001521316,0.00131656,0.001562443,0.001324713,1.2243
1/19/2018,1.222,1.2237,1.2297,1.2218,-0.001389229,0.00418513,0.002527311,0.004356761,1.204715,1.2031,1.20883,1.200405,0.001519235,0.001521605,0.001747677,0.001681803,1.225375
1/22/2018,1.226,1.2266,1.2275,1.2214,0.003273322,0.002369862,-0.001789054,-0.000327386,1.206675,1.205175,1.210795,1.20226,0.001636515,0.001732745,0.001637175,0.001551182,1.2272
1/23/2018,1.2297,1.2262,1.2307,1.2222,0.003017945,-0.000326105,0.002606925,0.000654986,1.20887,1.207145,1.212935,1.20414,0.001829542,0.001644716,0.001780145,0.001571265,1.23535
1/24/2018,1.2406,1.2299,1.2416,1.2293,0.008863951,0.003017452,0.008856748,0.005809197,1.21147,1.20935,1.21546,1.206335,0.002154676,0.001837719,0.002088291,0.001827958,1.2426
1/25/2018,1.2395,1.2408,1.2538,1.2363,-0.000886668,0.008862509,0.009826031,0.005694298,1.21374,1.21195,1.21835,1.20871,0.001878978,0.002154347,0.002373901,0.001969262,1.241975
1/26/2018,1.2419,1.2395,1.2495,1.237,0.001936265,-0.001047711,-0.003429574,0.000566206,1.215855,1.21421,1.220675,1.21088,0.001745492,0.001870636,0.00190978,0.001795688,1.23955
1/29/2018,1.2381,1.2427,1.2437,1.2337,-0.003059828,0.002581686,-0.004641857,-0.002667745,1.21772,1.216335,1.22279,1.21259,0.001542484,0.001752714,0.001744187,0.001415149,1.2393
1/30/2018,1.24,1.2382,1.2455,1.2335,0.001534609,-0.003621148,0.001447294,-0.000162114,1.219435,1.218185,1.224645,1.21426,0.001415184,0.001529996,0.001525225,0.001382033,1.2421
1/31/2018,1.242,1.2402,1.2476,1.2386,0.001612903,0.001615248,0.00168607,0.004134576,1.221475,1.219905,1.22668,1.216185,0.001682443,0.001419284,0.001671594,0.001588762,1.24575
2/1/2018,1.2508,1.2414,1.2523,1.2385,0.007085346,0.000967586,0.003767233,-8.07363E-05,1.22368,1.2219,1.228845,1.21809,0.001807772,0.001645968,0.001772956,0.001572226,1.247375
2/2/2018,1.246,1.2507,1.2519,1.2409,-0.003837544,0.007491542,-0.000319412,0.001937828,1.22584,1.224095,1.23102,1.220035,0.001777493,0.001799987,0.0017818,0.001602473,1.241575
2/5/2018,1.2367,1.2457,1.2476,1.2363,-0.007463884,-0.003997761,-0.003434779,-0.003706987,1.22785,1.226235,1.233135,1.222075,0.001666187,0.001761684,0.001738329,0.001687506,1.237325
2/6/2018,1.2376,1.2368,1.2435,1.2314,0.000727743,-0.007144577,-0.00328631,-0.003963439,1.230055,1.22824,1.23543,1.22407,0.00182794,0.001662165,0.001893437,0.001656628,1.2323
2/7/2018,1.2262,1.2377,1.2407,1.2246,-0.009211377,0.000727684,-0.002251709,-0.00552217,1.23164,1.23044,1.237375,1.225685,0.001325478,0.001823894,0.0016055,0.001346949,1.225425
2/8/2018,1.2245,1.2264,1.2296,1.2212,-0.001386397,-0.009129838,-0.008946562,-0.002776417,1.23271,1.232025,1.238555,1.2271,0.000896175,0.001325516,0.000983434,0.001182967,1.224275
2/9/2018,1.2233,1.2245,1.2288,1.2205,-0.000979992,-0.00154925,-0.000650618,-0.000573207,1.23295,1.233085,1.23905,1.227975,0.000207162,0.00088813,0.000416078,0.000730968,1.22695
2/12/2018,1.2291,1.2254,1.2298,1.2235,0.004741274,0.000734994,0.000813802,0.002458009,1.2331,1.23337,1.23905,1.228215,0.000132367,0.000243421,9.64323E-06,0.000201333,1.232475
2/13/2018,1.235,1.2293,1.2372,1.2284,0.00480026,0.003182634,0.006017239,0.004004904,1.233555,1.233515,1.239495,1.22866,0.000380536,0.000127895,0.000371491,0.000368757,1.23855
2/14/2018,1.2448,1.2352,1.2466,1.2276,0.007935223,0.004799479,0.007597801,-0.000651254,1.234875,1.233975,1.24021,1.22916,0.001083194,0.000384176,0.000588554,0.000414095,1.24785
2/15/2018,1.2505,1.245,1.2512,1.2447,0.004579049,0.007933938,0.003690037,0.013929619,1.236215,1.235295,1.24144,1.23057,0.001094649,0.001082668,0.001004331,0.001155746,1.246475
2/16/2018,1.2404,1.2506,1.2556,1.2393,-0.008076769,0.004497992,0.003516624,-0.004338395,1.237135,1.23664,1.242735,1.231445,0.000760272,0.001098311,0.001053796,0.000720989,1.24055
2/19/2018,1.2407,1.241,1.2436,1.2369,0.000241857,-0.007676315,-0.009557184,-0.001936577,1.23787,1.23736,1.24354,1.23222,0.000608698,0.000596002,0.00066539,0.000640529,1.236875
2/20/2018,1.2336,1.2407,1.2413,1.2319,-0.005722576,-0.000241741,-0.001849469,-0.004042364,1.238065,1.238085,1.24407,1.232705,0.000171672,0.00060022,0.00044257,0.000405662,1.23155
2/21/2018,1.2282,1.2338,1.2361,1.2281,-0.004377432,-0.005561377,-0.004189157,-0.003084666,1.237445,1.23828,1.243795,1.232645,-0.000490397,0.000171279,-0.000209725,-3.90315E-05,1.23065
2/22/2018,1.2329,1.2283,1.2354,1.226,0.003826738,-0.004457773,-0.000566297,-0.001709958,1.237115,1.237655,1.242875,1.23213,-0.000254727,-0.000494735,-0.000729341,-0.000409244,1.231025
2/23/2018,1.2293,1.2331,1.2338,1.2279,-0.002919945,0.00390784,-0.001295127,0.001549755,1.236485,1.237335,1.24209,1.231675,-0.000497537,-0.000246958,-0.000622619,-0.000360067,1.231175
2/26/2018,1.2316,1.2298,1.2356,1.2277,0.001870983,-0.002676182,0.001458907,-0.00016288,1.23616,1.23669,1.241685,1.231375,-0.000250996,-0.000509851,-0.000317581,-0.000234824,1.2279
2/27/2018,1.2231,1.2317,1.2348,1.222,-0.006901591,0.001544967,-0.000647459,-0.004642828,1.235315,1.236365,1.24115,1.2308,-0.000672807,-0.000251545,-0.000422318,-0.000458859,1.2214
2/28/2018,1.2193,1.2233,1.2242,1.2188,-0.00310686,-0.006819842,-0.008584386,-0.002618658,1.23418,1.23552,1.23998,1.22981,-0.000908795,-0.0006733,-0.000935841,-0.000796521,1.22225
3/1/2018,1.2267,1.2194,1.2274,1.2155,0.006069056,-0.003188098,0.002613952,-0.002707581,1.232975,1.23442,1.238735,1.22866,-0.000959609,-0.000881084,-0.000993505,-0.000927863,1.2293
3/2/2018,1.2317,1.2267,1.2337,1.2251,0.004075976,0.005986551,0.005132801,0.007897984,1.23226,1.23322,1.237825,1.22787,-0.000563933,-0.000956334,-0.000720895,-0.000629855,1.232375
3/5/2018,1.2335,1.2324,1.2367,1.2269,0.001461395,0.004646613,0.002431709,0.001469268,1.2321,1.232555,1.23728,1.2274,-0.000117669,-0.000524115,-0.00042757,-0.000371043,1.2372
3/6/2018,1.2402,1.2336,1.2422,1.2328,0.005431698,0.00097371,0.004447319,0.004808868,1.23223,1.232395,1.237215,1.22747,0.000117529,-0.000118201,-4.08888E-05,6.75726E-05,1.241125
3/7/2018,1.2412,1.2404,1.2445,1.2384,0.000806322,0.005512322,0.001851554,0.004542505,1.23298,1.23253,1.237405,1.22816,0.000618413,0.000121031,0.000164274,0.000570806,1.23665
3/8/2018,1.231,1.2411,1.2447,1.2298,-0.008217854,0.000564334,0.000160707,-0.006944444,1.233305,1.233265,1.23816,1.22859,0.000276841,0.00060574,0.000619638,0.000362405,1.230625
3/9/2018,1.2305,1.2312,1.2335,1.2273,-0.000406174,-0.007976795,-0.008998152,-0.002032851,1.233665,1.2336,1.238395,1.22893,0.000305532,0.000284363,0.000202261,0.000289423,1.231975
3/12/2018,1.2332,1.2311,1.2346,1.229,0.00219423,-8.12216E-05,0.000891771,0.001385154,1.23387,1.233885,1.238635,1.229205,0.000178179,0.000243552,0.00020616,0.00023578,1.23615
3/13/2018,1.2389,1.2335,1.2408,1.2314,0.004622121,0.001949476,0.005021869,0.001952807,1.234065,1.234095,1.238815,1.229355,0.000169272,0.000181894,0.000156391,0.000133175,1.237875
3/14/2018,1.2365,1.239,1.2414,1.2346,-0.001937202,0.004458857,0.000483559,0.002598668,1.23365,1.234285,1.238555,1.229705,-0.000324349,0.000164863,-0.000199321,0.000295671,1.2339
3/15/2018,1.2304,1.2367,1.2385,1.23,-0.004933279,-0.001856336,-0.002336072,-0.003725903,1.232645,1.23387,1.23792,1.22897,-0.000799965,-0.000324651,-0.000500626,-0.000587105,1.2297
3/16/2018,1.2287,1.2304,1.2337,1.226,-0.001381664,-0.005094202,-0.003875656,-0.003252033,1.23206,1.23286,1.236825,1.228305,-0.00046521,-0.000804261,-0.00087024,-0.000532787,1.230875
3/19/2018,1.2333,1.2284,1.236,1.2258,0.003743794,-0.001625488,0.001864311,-0.000163132,1.23169,1.23223,1.236445,1.22775,-0.000290113,-0.000501719,-0.000299166,-0.000444114,1.229225
3/20/2018,1.224,1.2335,1.2355,1.2239,-0.007540744,0.004151742,-0.000404531,-0.001550008,1.23121,1.23187,1.236155,1.22735,-0.000381022,-0.000282045,-0.000226919,-0.000319497,1.229225
3/21/2018,1.2336,1.2241,1.2351,1.2241,0.007843137,-0.007620592,-0.000323756,0.000163412,1.23148,1.231385,1.236105,1.22715,0.000230007,-0.000385006,-3.36488E-05,-0.000157093,1.2328
3/22/2018,1.23,1.2338,1.2389,1.2285,-0.002918288,0.007924189,0.003076674,0.003594478,1.231335,1.23166,1.23628,1.227275,-0.000107244,0.000234092,0.0001485,0.000108129,1.233175
3/23/2018,1.2351,1.2302,1.2374,1.23,0.004146341,-0.002917815,-0.001210751,0.001221001,1.231625,1.231515,1.23646,1.22738,0.00024607,-0.000107191,0.000152719,9.16914E-05,1.239875
3/26/2018,1.2442,1.2348,1.2463,1.2342,0.007367824,0.003739229,0.0071925,0.003414634,1.232255,1.231765,1.236995,1.227705,0.000520912,0.00021358,0.000439398,0.000270567,1.24235
3/27/2018,1.2401,1.2444,1.2477,1.2372,-0.00329529,0.007774538,0.001123325,0.002430724,1.233105,1.2324,1.23764,1.228465,0.000701227,0.000525059,0.000527937,0.000624245,1.2358
3/28/2018,1.2307,1.2403,1.2423,1.2299,-0.007580034,-0.003294761,-0.004327963,-0.00590042,1.233675,1.23325,1.238545,1.22902,0.000477568,0.000701313,0.000740759,0.000460157,1.23075
3/29/2018,1.2301,1.2309,1.2337,1.2283,-0.000487527,-0.007578812,-0.006922643,-0.001300919,1.233845,1.233825,1.23886,1.22966,0.000149739,0.000481777,0.000263929,0.00053049,1.231175
3/30/2018,1.2321,1.23,1.2333,1.2293,0.001625884,-0.000731172,-0.000324228,0.000814133,1.233865,1.23399,1.23884,1.22987,2.72345E-05,0.000145891,-8.92267E-06,0.000176297,1.23125
4/2/2018,1.23,1.2323,1.2346,1.2281,-0.001704407,0.001869919,0.001054083,-0.000976165,1.23369,1.233985,1.238735,1.22993,-0.000131056,7.05616E-06,-7.7804E-05,5.40255E-05,1.229025
4/3/2018,1.2269,1.2302,1.2336,1.2254,-0.002520325,-0.00170413,-0.000809979,-0.002198518,1.233025,1.233815,1.238305,1.22956,-0.000528657,-0.000126836,-0.000340669,-0.000296344,1.22795
4/4/2018,1.2277,1.227,1.2315,1.2256,0.00065205,-0.002601203,-0.001702335,0.000163212,1.23235,1.233145,1.237655,1.22892,-0.00053637,-0.000532512,-0.000518363,-0.000515308,1.2256
4/5/2018,1.2238,1.2277,1.2291,1.2218,-0.003176672,0.000570497,-0.001948843,-0.003100522,1.23199,1.232475,1.236875,1.22852,-0.000284311,-0.000532204,-0.000623841,-0.000323112,1.225675
4/6/2018,1.2281,1.224,1.2292,1.2214,0.003513646,-0.003013766,8.13603E-05,-0.000327386,1.23187,1.232115,1.23666,1.228225,-8.83203E-05,-0.000284052,-0.000169865,-0.000237839,1.229725
4/9/2018,1.2319,1.2279,1.2331,1.226,0.003094211,0.003186275,0.003172795,0.00376617,1.231805,1.231955,1.236585,1.228075,-4.33212E-05,-0.000120678,-5.5814E-05,-0.000118788,1.23385
4/10/2018,1.2354,1.232,1.2378,1.2302,0.00284114,0.003339034,0.003811532,0.003425775,1.23163,1.23188,1.236435,1.228015,-0.00013237,-5.11998E-05,-0.000116331,-4.51399E-05,1.2366
4/11/2018,1.2365,1.2356,1.2397,1.2346,0.0008904,0.002922078,0.001534981,0.003576654,1.23163,1.23171,1.23635,1.228015,9.00979E-06,-0.000128039,-6.37598E-05,3.75937E-06,1.2343
4/12/2018,1.2325,1.2367,1.2381,1.2299,-0.003234937,0.000890256,-0.001290635,-0.003806901,1.231735,1.23171,1.23633,1.22801,9.39269E-05,9.29085E-06,-1.14879E-05,-2.90525E-07,1.232725
4/13/2018,1.2329,1.2327,1.2347,1.2306,0.000324544,-0.003234414,-0.002746143,0.000569152,1.231945,1.231825,1.23638,1.22824,0.000179237,0.00010228,4.49877E-05,0.000190769,1.2357
4/16/2018,1.2378,1.233,1.2396,1.2324,0.003974369,0.000243368,0.003968575,0.001462701,1.23217,1.232055,1.23656,1.22857,0.000190766,0.000195723,0.000150201,0.00027206,1.237525
4/17/2018,1.237,1.238,1.2415,1.2336,-0.000646308,0.00405515,0.001532753,0.00097371,1.23282,1.23228,1.23686,1.229055,0.000535488,0.000190893,0.000247065,0.000398246,1.23705
4/18/2018,1.2372,1.237,1.2398,1.2342,0.000161681,-0.000807754,-0.001369311,0.000486381,1.233,1.232925,1.237095,1.22956,0.000151415,0.000531535,0.000194787,0.000414395,1.236175
4/19/2018,1.2344,1.2373,1.2401,1.2329,-0.002263175,0.000242522,0.000241975,-0.001053314,1.23322,1.2331,1.237155,1.22978,0.000184171,0.000147452,5.30524E-05,0.000182005,1.2309
4/20/2018,1.2286,1.2346,1.2354,1.225,-0.004698639,-0.002182171,-0.003790017,-0.006407657,1.232895,1.23332,1.237055,1.22953,-0.000258078,0.000184234,-7.59109E-05,-0.000199428,1.224625
4/23/2018,1.2207,1.2289,1.2292,1.2197,-0.006430083,-0.00461688,-0.005018617,-0.004326531,1.23172,1.233025,1.2362,1.228805,-0.000947974,-0.000233571,-0.000686467,-0.000586486,1.221675
4/24/2018,1.223,1.2209,1.2246,1.2182,0.001884165,-0.006509887,-0.003742271,-0.001229811,1.230865,1.23185,1.235045,1.227855,-0.000689001,-0.000947793,-0.000929747,-0.000769513,1.219725
4/25/2018,1.2159,1.2232,1.2239,1.2159,-0.005805397,0.001883856,-0.000571615,-0.001888032,1.230125,1.230995,1.234125,1.227155,-0.000600269,-0.000688862,-0.000741929,-0.000568893,1.2142
4/26/2018,1.2101,1.2161,1.2211,1.2095,-0.004770129,-0.005804447,-0.002287769,-0.005263591,1.229125,1.230255,1.233495,1.226215,-0.000814399,-0.000600144,-0.000510185,-0.000767027,1.210525
4/27/2018,1.2128,1.2104,1.2134,1.2055,0.002231221,-0.004687115,-0.00630579,-0.003307152,1.22816,1.229275,1.2325,1.225025,-0.000784132,-0.000797941,-0.000809264,-0.000973091,1.21015
4/30/2018,1.2077,1.2125,1.214,1.2064,-0.004205145,0.001734964,0.000494478,0.000746578,1.227045,1.228285,1.23147,1.22394,-0.000909169,-0.000804688,-0.000837244,-0.000886954,1.203475
5/1/2018,1.1993,1.2077,1.2088,1.1981,-0.00695537,-0.003958763,-0.004283361,-0.006879973,1.225665,1.22716,1.23023,1.222575,-0.001130921,-0.00091742,-0.001010913,-0.001121027,1.197825
5/2/2018,1.195,1.1993,1.2033,1.1937,-0.003585425,-0.00695537,-0.004549967,-0.003672481,1.22403,1.225775,1.22882,1.22098,-0.001342795,-0.001135128,-0.001153294,-0.001312811,1.197375
5/3/2018,1.1987,1.1952,1.201,1.1946,0.003096234,-0.003418661,-0.00191141,0.000753958,1.222775,1.22415,1.227415,1.21962,-0.00102915,-0.001334586,-0.001151423,-0.001120087,1.196375
5/4/2018,1.1958,1.1989,1.1997,1.1911,-0.002419288,0.003095716,-0.001082431,-0.002929851,1.22116,1.222895,1.22594,1.218105,-0.001325797,-0.001029112,-0.001209612,-0.001250211,1.193725
5/7/2018,1.192,1.1953,1.1979,1.1897,-0.003177789,-0.003002753,-0.001500375,-0.001175384,1.219165,1.221265,1.22418,1.21629,-0.001639397,-0.001338563,-0.001443271,-0.001497288,1.18905
5/8/2018,1.1862,1.1923,1.194,1.1837,-0.004865772,-0.00250983,-0.003255697,-0.005043288,1.216705,1.21928,1.22199,1.213965,-0.002024742,-0.001631007,-0.001796632,-0.001920742,1.18585
5/9/2018,1.185,1.1864,1.1898,1.1822,-0.001011634,-0.004948419,-0.003517588,-0.001267213,1.21413,1.21682,1.219495,1.211345,-0.002119844,-0.002024532,-0.002049261,-0.002162935,1.188875
5/10/2018,1.1913,1.1851,1.1948,1.1843,0.005316456,-0.001095752,0.004202387,0.001776349,1.21207,1.21424,1.21733,1.209065,-0.001692274,-0.002123832,-0.00177461,-0.001883772,1.19295
5/11/2018,1.1942,1.1915,1.197,1.1891,0.002434315,0.005400388,0.001841312,0.004053027,1.210135,1.21218,1.215445,1.20699,-0.001586786,-0.001692092,-0.001545237,-0.001709579,1.19485
5/14/2018,1.1925,1.1946,1.1997,1.1926,-0.001423547,0.002601762,0.002255639,0.002943403,1.20787,1.21026,1.21345,1.205,-0.001856681,-0.001574172,-0.001630884,-0.001635544,1.188025
5/15/2018,1.1837,1.1927,1.1939,1.1818,-0.007379455,-0.001590491,-0.004834542,-0.009055844,1.205205,1.207995,1.21107,1.20241,-0.002193339,-0.001856454,-0.001949249,-0.002137021,1.1816
5/16/2018,1.1807,1.1838,1.1856,1.1763,-0.002534426,-0.007462061,-0.006952006,-0.004653918,1.20238,1.205335,1.20836,1.199515,-0.002328144,-0.002189169,-0.002228383,-0.002394036,1.180375
5/17/2018,1.1793,1.1808,1.1839,1.1775,-0.001185737,-0.002534212,-0.001433873,0.001020148,1.199625,1.20251,1.20555,1.196745,-0.002274272,-0.002328006,-0.002312176,-0.002290363,1.17855
5/18/2018,1.1775,1.1795,1.1823,1.1749,-0.001526329,-0.001100949,-0.001351465,-0.002208068,1.19707,1.199755,1.202895,1.19424,-0.002115657,-0.002273945,-0.002190248,-0.002080384,1.17665
5/21/2018,1.179,1.1763,1.1797,1.1716,0.001273885,-0.002713014,-0.002199103,-0.00280875,1.194985,1.197125,1.20042,1.191835,-0.001730458,-0.002178752,-0.002049272,-0.002004495,1.1789
5/22/2018,1.1778,1.1792,1.1831,1.1755,-0.001017812,0.002465357,0.002882089,0.003328781,1.192725,1.19504,1.198345,1.1897,-0.001875557,-0.00172999,-0.001718054,-0.001776565,1.173525
5/23/2018,1.1696,1.1779,1.1791,1.1675,-0.006962133,-0.001102442,-0.003380948,-0.006805615,1.19041,1.192775,1.196105,1.18728,-0.001933394,-0.001879304,-0.001858521,-0.002022444,1.171425
5/24/2018,1.1719,1.1696,1.1752,1.169,0.001966484,-0.007046439,-0.003307607,0.001284797,1.1885,1.19045,1.19381,1.185255,-0.001596563,-0.001941404,-0.001909513,-0.001695025,1.168725
5/25/2018,1.165,1.172,1.1734,1.1645,-0.005887874,0.002051984,-0.001531654,-0.003849444,1.18611,1.18853,1.19181,1.183205,-0.002002518,-0.001604449,-0.001670806,-0.001722139,1.16525
5/28/2018,1.1622,1.1652,1.173,1.1606,-0.002403433,-0.005802048,-0.00034089,-0.003349077,1.183835,1.186165,1.18976,1.180915,-0.001912432,-0.0019813,-0.001712575,-0.001926922,1.157825
5/29/2018,1.1538,1.1625,1.1641,1.1509,-0.007227672,-0.002317199,-0.007587383,-0.008357746,1.18156,1.183905,1.187525,1.178555,-0.001926048,-0.001899221,-0.001877776,-0.002000811,1.159875
5/30/2018,1.1661,1.154,1.1677,1.1517,0.010660426,-0.007311828,0.003092518,0.000695108,1.180115,1.18164,1.185745,1.176455,-0.001213755,-0.001917044,-0.001495651,-0.001782431,1.168025
5/31/2018,1.169,1.1665,1.1725,1.1641,0.002486922,0.010831889,0.004110645,0.010766693,1.17863,1.180205,1.18432,1.17493,-0.001244221,-0.001204517,-0.001194549,-0.001281795,1.167225
6/1/2018,1.166,1.1693,1.1719,1.1617,-0.002566296,0.002400343,-0.000511727,-0.002061679,1.17714,1.178725,1.18293,1.17346,-0.001251571,-0.001239286,-0.001166014,-0.001238386,1.1688
6/4/2018,1.1698,1.1656,1.1746,1.1652,0.003259005,-0.003164286,0.002303951,0.003012826,1.17603,1.17724,1.181765,1.172235,-0.000929731,-0.001247362,-0.000975797,-0.001028975,1.170025
6/5/2018,1.1717,1.1699,1.1733,1.1652,0.001624209,0.003689087,-0.00110676,0,1.175305,1.17612,1.18073,1.17131,-0.000605232,-0.000937416,-0.00086835,-0.000776811,1.17495
6/6/2018,1.1773,1.1718,1.1797,1.171,0.00477938,0.00162407,0.0054547,0.004977686,1.17492,1.17539,1.180225,1.17075,-0.000315682,-0.000608792,-0.000419736,-0.000464566,1.1796
6/7/2018,1.1797,1.1774,1.1841,1.1772,0.002038563,0.004778973,0.003729762,0.00529462,1.17434,1.175005,1.17969,1.170395,-0.000479576,-0.000315056,-0.000443367,-0.000288653,1.1776
6/8/2018,1.1766,1.18,1.1812,1.1726,-0.002627787,0.002208255,-0.002449117,-0.003907577,1.17346,1.17443,1.1789,1.16957,-0.000732681,-0.000474662,-0.000657889,-0.000686683,1.17805
6/11/2018,1.1782,1.1765,1.1822,1.1753,0.00135985,-0.002966102,0.000846597,0.002302575,1.172745,1.173525,1.178025,1.168705,-0.000593511,-0.000753056,-0.000728341,-0.000718724,1.176725
6/12/2018,1.1743,1.1784,1.181,1.1732,-0.003310134,0.00161496,-0.001015057,-0.001786778,1.172275,1.17281,1.17738,1.168275,-0.000390045,-0.000592783,-0.000537367,-0.000355271,1.176525
6/13/2018,1.1789,1.1745,1.1802,1.1725,0.003917227,-0.003309572,-0.000677392,-0.000596659,1.172185,1.172345,1.17711,1.168085,-6.74627E-05,-0.000385159,-0.000223636,-0.000152408,1.169325
6/14/2018,1.1567,1.1791,1.1853,1.1562,-0.018831114,0.00391656,0.004321301,-0.013901919,1.171055,1.17226,1.17718,1.16702,-0.000949732,-6.262E-05,6.41229E-05,-0.000898511,1.15865
6/15/2018,1.1607,1.1568,1.1628,1.1543,0.003458114,-0.01891273,-0.018982536,-0.001643314,1.170215,1.171125,1.176205,1.16599,-0.000700509,-0.000953209,-0.000817431,-0.000870274,1.160525
6/18/2018,1.1622,1.1609,1.1626,1.1564,0.001292324,0.00354426,-0.000171999,0.001819284,1.169375,1.170355,1.17535,1.16523,-0.000699587,-0.000640345,-0.000716075,-0.000638872,1.159675
6/19/2018,1.1588,1.1623,1.1646,1.153,-0.002925486,0.001205961,0.001720282,-0.002940159,1.168425,1.16951,1.174425,1.164105,-0.000794971,-0.000703315,-0.000774166,-0.000952319,1.15745
6/20/2018,1.157,1.159,1.1602,1.1536,-0.001553331,-0.002839198,-0.003778121,0.000520382,1.167795,1.168565,1.17348,1.16341,-0.000524531,-0.000790153,-0.000794024,-0.000586019,1.1579
6/21/2018,1.1601,1.1572,1.1635,1.1508,0.002679343,-0.001553063,0.002844337,-0.002427184,1.167205,1.167945,1.172895,1.1625,-0.000488888,-0.000515484,-0.000486427,-0.000771618,1.16335
6/22/2018,1.1655,1.1604,1.1676,1.1599,0.004654771,0.002765296,0.00352385,0.007907543,1.16723,1.167365,1.172605,1.16227,3.82441E-05,-0.000479819,-0.000233652,-0.000183769,1.167525
6/25/2018,1.1702,1.1658,1.1714,1.1627,0.004032604,0.004653568,0.003254539,0.002414001,1.16763,1.167395,1.172525,1.162375,0.000360046,4.29622E-05,-5.38804E-05,0.000104385,1.167625
6/26/2018,1.1645,1.1704,1.1721,1.1635,-0.004870962,0.003945788,0.000597576,0.000688054,1.168165,1.16779,1.172925,1.163005,0.000477881,0.000356112,0.000355367,0.000556675,1.160325
6/27/2018,1.1552,1.1648,1.1673,1.154,-0.00798626,-0.004784689,-0.004095214,-0.008165019,1.16762,1.16833,1.172905,1.16312,-0.000454453,0.000482468,-4.0191E-06,0.000113669,1.156225
6/28/2018,1.1567,1.1554,1.1601,1.1527,0.001298476,-0.008070055,-0.00616808,-0.001126516,1.167005,1.167775,1.172285,1.16255,-0.000513875,-0.000462629,-0.000517955,-0.000480992,1.162525
6/29/2018,1.1683,1.1569,1.1692,1.1557,0.010028529,0.001298252,0.007844151,0.002602585,1.16712,1.167155,1.17215,1.16225,0.000115866,-0.000517733,-0.000100161,-0.000247779,1.1645
7/2/2018,1.1639,1.1651,1.1699,1.1591,-0.003766156,0.007087907,0.0005987,0.00294194,1.166825,1.16713,1.171915,1.161945,-0.000235392,-5.12361E-06,-0.000185424,-0.000251323,1.1647
7/3/2018,1.1655,1.1639,1.1674,1.162,0.001374689,-0.001029955,-0.002136935,0.002501941,1.166515,1.16683,1.17162,1.161785,-0.000247868,-0.000241076,-0.000236933,-0.000126226,1.165575
7/4/2018,1.1654,1.1657,1.1683,1.1629,-8.58001E-05,0.001546525,0.000770944,0.000774527,1.16592,1.166525,1.17105,1.16138,-0.000491127,-0.000244953,-0.000471121,-0.000336384,1.16785
7/5/2018,1.1689,1.1655,1.1721,1.1649,0.003003261,-0.000171571,0.003252589,0.001719838,1.16538,1.16593,1.17045,1.160765,-0.000442892,-0.00049248,-0.000494979,-0.000515123,1.172075
7/6/2018,1.1745,1.169,1.1769,1.1679,0.004790829,0.003003003,0.004095214,0.002575328,1.165275,1.16538,1.170235,1.16053,-7.19613E-05,-0.000452743,-0.000167763,-0.000190978,1.175475
7/9/2018,1.1749,1.1747,1.1792,1.1731,0.00034057,0.004875962,0.001954287,0.004452436,1.16511,1.16529,1.170085,1.16042,-0.000122925,-6.06396E-05,-0.000112378,-8.34845E-05,1.173675
7/10/2018,1.1742,1.1751,1.1764,1.169,-0.000595795,0.000340512,-0.002374491,-0.003495013,1.165105,1.165125,1.169855,1.16021,1.27916E-05,-0.000124362,-0.00018035,-0.000168896,1.171025
7/11/2018,1.1672,1.1745,1.1759,1.1665,-0.005961506,-0.000510595,-0.000425026,-0.00213858,1.16452,1.165125,1.16964,1.15991,-0.000481145,1.5587E-05,-0.000167732,-0.000245992,1.16725
7/12/2018,1.1671,1.1674,1.1696,1.1649,-8.56751E-05,-0.006045126,-0.005357598,-0.001371625,1.16504,1.16454,1.168855,1.160345,0.000456127,-0.000482497,-0.000651677,0.000380522,1.16645
7/13/2018,1.1685,1.1671,1.169,1.1612,0.001199554,-0.000256981,-0.000512996,-0.003176238,1.16543,1.165055,1.169165,1.16069,0.000343199,0.00045029,0.0002718,0.000303876,1.1697
7/16/2018,1.1709,1.1677,1.1727,1.1675,0.002053915,0.000514095,0.003165098,0.005425422,1.165865,1.165395,1.16967,1.161245,0.000381279,0.000298782,0.000438655,0.000484183,1.169125
7/17/2018,1.1659,1.1711,1.1746,1.1649,-0.004270219,0.002911707,0.001620193,-0.002226981,1.16622,1.165835,1.17017,1.16184,0.000314042,0.000384069,0.000433651,0.000519842,1.16415
7/18/2018,1.1638,1.1661,1.1666,1.1601,-0.001801184,-0.00426949,-0.006810829,-0.004120525,1.16656,1.16619,1.17049,1.162165,0.000301649,0.000312555,0.000282015,0.000287797,1.163325
7/19/2018,1.1641,1.1639,1.1679,1.1574,0.000257776,-0.001886631,0.001114349,-0.002327386,1.16676,1.166525,1.17071,1.162495,0.000180571,0.000295876,0.000195516,0.000292787,1.1682
7/20/2018,1.1718,1.1644,1.174,1.1626,0.006614552,0.00042959,0.00522305,0.004492829,1.167075,1.166725,1.17103,1.16263,0.00027856,0.000179091,0.000280476,0.000122051,1.1713
7/23/2018,1.169,1.173,1.1751,1.1681,-0.002389486,0.007385778,0.000936968,0.004730776,1.167015,1.167085,1.171215,1.1629,-4.25446E-05,0.000315701,0.000164597,0.00023789,1.1687
7/24/2018,1.1684,1.1692,1.1718,1.1654,-0.000513259,-0.003239557,-0.002808272,-0.002311446,1.16721,1.167025,1.1712,1.162995,0.000175341,-4.35659E-05,-5.69488E-06,8.79146E-05,1.17045
7/25/2018,1.1728,1.1686,1.174,1.1664,0.003765834,-0.000513171,0.001877453,0.000858074,1.16809,1.167215,1.171535,1.163615,0.000762945,0.00017001,0.000292938,0.000539069,1.16885
7/26/2018,1.1641,1.1729,1.1745,1.1639,-0.007418145,0.003679617,0.000425894,-0.002143347,1.16846,1.16809,1.172255,1.164175,0.000327114,0.000757494,0.000622637,0.000488228,1.1646
7/27/2018,1.1656,1.1643,1.1665,1.162,0.001288549,-0.007332253,-0.006811409,-0.001632443,1.168325,1.16846,1.17212,1.16449,-0.000109885,0.000325968,-0.000110141,0.000276476,1.168275
7/30/2018,1.1704,1.1659,1.172,1.1648,0.004118051,0.001374216,0.004714959,0.002409639,1.16865,1.1685,1.172225,1.164775,0.000284326,4.02838E-05,9.56722E-05,0.000249861,1.1707
7/31/2018,1.1691,1.1707,1.1747,1.1683,-0.001110731,0.004116991,0.002303754,0.003004808,1.16883,1.16884,1.17259,1.16509,0.000160055,0.000297631,0.000317707,0.000275005,1.167675
8/1/2018,1.1658,1.1691,1.1702,1.1656,-0.002822684,-0.001366704,-0.003830765,-0.00231105,1.16885,1.16901,1.172685,1.165225,2.32103E-05,0.00015197,8.76211E-05,0.000120726,1.1623
8/2/2018,1.1582,1.166,1.1669,1.1581,-0.006519128,-0.002651612,-0.002820031,-0.006434454,1.168315,1.169035,1.172425,1.164885,-0.000452909,2.79676E-05,-0.00021601,-0.000286989,1.158075
8/3/2018,1.1567,1.1585,1.1612,1.1559,-0.001295113,-0.006432247,-0.004884737,-0.001899663,1.167425,1.16851,1.17164,1.164285,-0.000757206,-0.000443795,-0.000665007,-0.000510738,1.155725
8/6/2018,1.1553,1.1573,1.1574,1.1529,-0.00121034,-0.001035822,-0.003272477,-0.00259538,1.166445,1.16764,1.17055,1.163275,-0.000834752,-0.000739384,-0.000926346,-0.000863129,1.157675
8/7/2018,1.1597,1.1553,1.161,1.1547,0.003808535,-0.00172816,0.00311042,0.00156128,1.16572,1.16665,1.16978,1.16256,-0.000614535,-0.000842818,-0.0006521,-0.000610315,1.16025
8/8/2018,1.161,1.1599,1.1629,1.1572,0.00112098,0.00398165,0.00163652,0.002165065,1.16541,1.16592,1.16913,1.162095,-0.000260411,-0.000618206,-0.000549023,-0.000395132,1.157025
8/9/2018,1.1526,1.161,1.162,1.1525,-0.007235142,0.000948358,-0.000773927,-0.004061528,1.164685,1.1656,1.16875,1.161475,-0.000617884,-0.000268531,-0.000319839,-0.000529627,1.146525
8/10/2018,1.141,1.1527,1.1538,1.1386,-0.010064203,-0.007149009,-0.007056799,-0.012060738,1.16331,1.16488,1.16799,1.160345,-0.001181072,-0.000613133,-0.000647029,-0.000973852,1.1399
8/13/2018,1.1408,1.1389,1.1435,1.1364,-0.000175285,-0.011971892,-0.008927024,-0.001932197,1.161805,1.16344,1.16653,1.15879,-0.001292532,-0.001237432,-0.001251635,-0.001341733,1.137825
8/14/2018,1.1342,1.141,1.1431,1.133,-0.005785414,0.001843884,-0.000349803,-0.002991904,1.16022,1.161935,1.164955,1.157195,-0.001368292,-0.001290823,-0.001350135,-0.00137998,1.133575
8/15/2018,1.1343,1.1344,1.1357,1.1299,8.81679E-05,-0.0057844,-0.006473624,-0.002736099,1.158745,1.16035,1.16341,1.155685,-0.001273824,-0.001366569,-0.001333275,-0.001310758,1.136625
8/16/2018,1.1375,1.1345,1.141,1.1335,0.002821123,8.81523E-05,0.004666725,0.003186123,1.157415,1.15888,1.162065,1.15449,-0.001145657,-0.00126783,-0.001155656,-0.001035083,1.140625
8/17/2018,1.1437,1.1376,1.1447,1.1365,0.005450549,0.002732481,0.00324277,0.00264667,1.15601,1.15754,1.1606,1.153185,-0.001203857,-0.001152685,-0.00125467,-0.001127391,1.145
8/20/2018,1.1479,1.1442,1.1486,1.1393,0.003672292,0.005801688,0.003407006,0.002463704,1.154955,1.1561,1.159275,1.151745,-0.000900768,-0.00123189,-0.001131168,-0.001240744,1.1533
8/21/2018,1.1569,1.1482,1.1602,1.1479,0.007840404,0.003495892,0.010099251,0.007548495,1.15438,1.15505,1.158695,1.15087,-0.000483085,-0.000895117,-0.000485792,-0.000747747,1.158575
8/22/2018,1.1596,1.1571,1.1625,1.1551,0.002333823,0.007751263,0.001982417,0.006272323,1.15372,1.154475,1.15812,1.150305,-0.000554686,-0.000481895,-0.000480544,-0.000477035,1.156575
8/23/2018,1.1537,1.1596,1.1601,1.1529,-0.005087961,0.002160574,-0.002064516,-0.001904597,1.1532,1.15381,1.1574,1.149755,-0.000438176,-0.000557848,-0.000605064,-0.000465097,1.158375
8/24/2018,1.1621,1.154,1.1641,1.1533,0.007280922,-0.004829251,0.003447979,0.000346951,1.153025,1.153295,1.15728,1.14932,-0.000138558,-0.000432697,-9.20951E-05,-0.000366128,1.164875
8/27/2018,1.1677,1.1631,1.1694,1.1593,0.004818862,0.007885615,0.004552873,0.005202462,1.15289,1.153155,1.15715,1.149045,-0.000103517,-0.000107127,-0.000100199,-0.000226487,1.169175
8/28/2018,1.1693,1.1678,1.1734,1.1662,0.001370215,0.004040925,0.003420558,0.005951868,1.1529,1.15301,1.157085,1.14894,2.05302E-05,-0.000110931,-4.43592E-05,-7.91335E-05,1.169075
8/29/2018,1.1706,1.1694,1.1711,1.1652,0.001111776,0.001370098,-0.001960116,-0.000857486,1.15314,1.153025,1.15713,1.14892,0.000217253,2.59093E-05,4.91732E-05,-6.4553E-06,1.16845
8/30/2018,1.167,1.1708,1.1719,1.1641,-0.003075346,0.001197195,0.000683118,-0.000944044,1.15358,1.153265,1.15738,1.14922,0.000389442,0.00021835,0.000224331,0.000268065,1.163625
8/31/2018,1.1599,1.1671,1.1691,1.1584,-0.006083976,-0.003160232,-0.002389282,-0.004896487,1.15374,1.153695,1.157775,1.149345,0.000149999,0.00038195,0.000349103,0.000118224,1.1608
9/3/2018,1.1623,1.1596,1.1629,1.1584,0.002069144,-0.006426185,-0.005303225,0,1.15409,1.15381,1.15805,1.14962,0.000313973,0.000112432,0.000247566,0.000247993,1.1591
9/4/2018,1.1581,1.1624,1.163,1.1529,-0.003613525,0.002414626,8.59919E-05,-0.004747928,1.15401,1.154165,1.15815,1.14953,-5.71296E-05,0.000319572,9.63447E-05,-6.74674E-05,1.15985
9/5/2018,1.1629,1.1582,1.1641,1.1542,0.00414472,-0.003613214,0.00094583,0.001127591,1.154105,1.15408,1.15821,1.14938,9.40574E-05,-6.01716E-05,6.18101E-05,-0.000119341,1.162875
9/6/2018,1.1621,1.163,1.166,1.1604,-0.000687935,0.004144362,0.001632162,0.005371686,1.15458,1.15418,1.15841,1.149775,0.000421418,9.96286E-05,0.000182115,0.00035232,1.1594
9/7/2018,1.1551,1.1624,1.1651,1.155,-0.006023578,-0.000515907,-0.00077187,-0.004653568,1.155285,1.154665,1.158975,1.150595,0.000623449,0.000431284,0.000496361,0.000722678,1.157325
9/10/2018,1.1592,1.1559,1.1616,1.1526,0.003549476,-0.005591879,-0.003004034,-0.002077922,1.156205,1.155515,1.15988,1.151405,0.000809687,0.000750284,0.000792511,0.000715392,1.160225
9/11/2018,1.1605,1.1594,1.1645,1.1565,0.001121463,0.003027944,0.002496556,0.003383654,1.15752,1.156435,1.16095,1.15258,0.001155031,0.000809487,0.000934829,0.00103417,1.161225
9/12/2018,1.1624,1.1604,1.1651,1.157,0.001637225,0.000862515,0.000515243,0.000432339,1.158925,1.157735,1.16242,1.153935,0.001232484,0.001141833,0.001284272,0.001192592,1.16565
9/13/2018,1.1688,1.1627,1.1703,1.1608,0.00550585,0.001982075,0.004463136,0.003284356,1.16049,1.159145,1.163885,1.1553,0.00136672,0.001236529,0.001274092,0.001197503,1.166475
9/14/2018,1.1628,1.169,1.1723,1.1618,-0.00513347,0.005418423,0.001708964,0.000861475,1.161445,1.160715,1.165265,1.156565,0.000837519,0.001370826,0.001197402,0.001108244,1.165625
9/17/2018,1.1683,1.1625,1.17,1.1617,0.004729962,-0.005560308,-0.001961955,-8.60733E-05,1.162465,1.16163,1.166335,1.157685,0.000890403,0.000802726,0.000928954,0.000980755,1.16815
9/18/2018,1.1665,1.1684,1.1726,1.1651,-0.0015407,0.005075269,0.002222222,0.002926745,1.162945,1.16264,1.166955,1.158545,0.000421347,0.000881695,0.000535103,0.000749667,1.16765
9/19/2018,1.1672,1.1668,1.1717,1.1649,0.000600086,-0.001369394,-0.000767525,-0.000171659,1.163325,1.163125,1.167415,1.159035,0.000334661,0.000425662,0.000397605,0.000427468,1.172475
9/20/2018,1.1775,1.1672,1.1786,1.1666,0.008824537,0.000342818,0.005888879,0.001459353,1.164515,1.163505,1.16834,1.15972,0.001030285,0.000334775,0.000795275,0.000595666,1.176575
9/21/2018,1.1749,1.1777,1.1805,1.1732,-0.002208068,0.008995888,0.001612082,0.005657466,1.165155,1.16469,1.16916,1.160715,0.000555836,0.001026032,0.00070348,0.000861191,1.175875
9/24/2018,1.1746,1.175,1.1816,1.1723,-0.000255341,-0.002292604,0.000931809,-0.000767133,1.1655,1.165285,1.16977,1.161365,0.000302126,0.000517121,0.000522427,0.000562712,1.1761
9/25/2018,1.1771,1.1748,1.1794,1.1731,0.002128384,-0.000170213,-0.001861882,0.000682419,1.16589,1.165635,1.17007,1.16171,0.000340034,0.000306564,0.000258305,0.000299239,1.17575
9/26/2018,1.1738,1.1767,1.1799,1.1726,-0.0028035,0.001617297,0.000423944,-0.000426221,1.16605,1.166,1.17051,1.16208,0.00014427,0.000318924,0.000377508,0.000320803,1.16935
9/27/2018,1.1639,1.174,1.1758,1.1637,-0.008434146,-0.002294553,-0.003474871,-0.007589971,1.165895,1.16616,1.170705,1.16206,-0.00012367,0.000144336,0.000169609,-1.14938E-05,1.161725
9/28/2018,1.1608,1.1641,1.1652,1.1568,-0.002663459,-0.008432709,-0.009015139,-0.005929363,1.16594,1.16601,1.17051,1.16198,4.73563E-05,-0.000119287,-0.000161684,-6.31377E-05,1.1594
10/1/2018,1.1576,1.1608,1.1629,1.1563,-0.00275672,-0.002834808,-0.00197391,-0.000432227,1.165705,1.16607,1.17051,1.161875,-0.000193937,6.02813E-05,4.78169E-06,-8.4749E-05,1.155275
10/2/2018,1.1546,1.1578,1.1582,1.1505,-0.002591569,-0.002584425,-0.00404162,-0.005015999,1.16553,1.16584,1.17027,1.161755,-0.000142839,-0.000189671,-0.000201599,-9.81526E-05,1.152075
10/3/2018,1.1476,1.1548,1.1595,1.1464,-0.006062706,-0.002591121,0.001122431,-0.003563668,1.164765,1.16567,1.17004,1.161365,-0.00065321,-0.000138567,-0.000192769,-0.000332716,1.149925
10/4/2018,1.1513,1.1478,1.1543,1.1463,0.00322412,-0.006061656,-0.004484692,-8.72296E-05,1.164225,1.16491,1.169455,1.16066,-0.000457608,-0.000648867,-0.000498612,-0.000605661,1.1518
10/5/2018,1.1523,1.1514,1.1551,1.1484,0.000868583,0.003136435,0.000693061,0.001831981,1.164085,1.16436,1.168955,1.16033,-0.000113,-0.00046625,-0.000425365,-0.000281384,1.1501
10/8/2018,1.149,1.152,1.1536,1.1458,-0.002863838,0.000521105,-0.001298589,-0.00226402,1.163575,1.164165,1.168555,1.15999,-0.000433665,-0.000160601,-0.000340093,-0.000290689,1.1479
10/9/2018,1.1489,1.1491,1.1505,1.1431,-8.70322E-05,-0.002517361,-0.00268724,-0.002356432,1.162995,1.16365,1.167855,1.15932,-0.00049409,-0.000437866,-0.000599283,-0.000577693,1.15085
10/10/2018,1.1518,1.1491,1.1546,1.1479,0.002524154,0,0.003563668,0.004199108,1.162465,1.163085,1.16733,1.158865,-0.000449744,-0.000480992,-0.000446861,-0.000389355,1.1558
10/11/2018,1.1593,1.152,1.1601,1.1518,0.006511547,0.002523714,0.004763554,0.003397508,1.16199,1.16255,1.16682,1.158415,-0.000399459,-0.00045391,-0.00043184,-0.000383697,1.157525
10/12/2018,1.1562,1.1593,1.1612,1.1534,-0.002674027,0.006336806,0.000948194,0.00138913,1.16166,1.162065,1.166265,1.157995,-0.000276487,-0.000407991,-0.000469879,-0.000357314,1.156975
10/15/2018,1.1577,1.1559,1.1607,1.1536,0.001297353,-0.002932804,-0.000430589,0.0001734,1.16113,1.161735,1.1658,1.15759,-0.000448117,-0.000276616,-0.000393311,-0.000344341,1.158525
10/16/2018,1.1573,1.158,1.1623,1.1565,-0.000345513,0.001816766,0.001378479,0.00251387,1.16067,1.161215,1.165285,1.15716,-0.000388358,-0.000439541,-0.000435498,-0.000364984,1.1538
10/17/2018,1.1499,1.1574,1.1585,1.1494,-0.006394193,-0.000518135,-0.00326938,-0.006139213,1.159805,1.160745,1.164625,1.156385,-0.000738072,-0.000396978,-0.00056059,-0.000663362,1.14825
10/18/2018,1.1452,1.1501,1.1528,1.1449,-0.004087312,-0.00630724,-0.004920155,-0.003915086,1.15819,1.15989,1.163335,1.1553,-0.001383664,-0.000729481,-0.001101042,-0.000932084,1.148325
10/19/2018,1.1513,1.1452,1.1536,1.1432,0.005326581,-0.004260499,0.000693963,-0.001484846,1.15701,1.158265,1.16199,1.1538,-0.001006932,-0.0013923,-0.001146948,-0.0012892,1.149375
10/22/2018,1.1463,1.1507,1.1551,1.1454,-0.004342917,0.004802655,0.001300277,0.001924423,1.155595,1.15705,1.160665,1.152455,-0.00121131,-0.001037537,-0.001128525,-0.001154622,1.14665
10/23/2018,1.1469,1.1465,1.1495,1.1437,0.000523423,-0.003649952,-0.004848065,-0.001484198,1.154085,1.155635,1.15917,1.150985,-0.001291558,-0.001211524,-0.001277834,-0.001262953,1.142925
10/24/2018,1.1391,1.1471,1.1477,1.1378,-0.006800942,0.000523332,-0.001565898,-0.005158695,1.15235,1.154155,1.15756,1.149245,-0.001491431,-0.001266223,-0.001377326,-0.001499576,1.13885
10/25/2018,1.1374,1.1392,1.1433,1.1355,-0.001492406,-0.006886932,-0.003833754,-0.002021445,1.151025,1.152415,1.155935,1.147835,-0.001144344,-0.001495842,-0.00139527,-0.00122115,1.138325
10/26/2018,1.1401,1.1376,1.1422,1.1334,0.002373835,-0.001404494,-0.000962127,-0.001849406,1.14999,1.15109,1.154785,1.146665,-0.000892479,-0.001144431,-0.00099262,-0.001017152,1.138925
10/29/2018,1.1371,1.1407,1.1418,1.1361,-0.002631348,0.002725035,-0.000350201,0.002382213,1.148965,1.150085,1.15373,1.145655,-0.00088621,-0.000866439,-0.000911434,-0.00087643,1.136075
10/30/2018,1.1344,1.1372,1.1389,1.1338,-0.002374461,-0.003068291,-0.002539849,-0.00202447,1.147955,1.149055,1.152765,1.14482,-0.000875355,-0.000890632,-0.000836346,-0.000726854,1.132975
10/31/2018,1.131,1.1345,1.1363,1.1301,-0.002997179,-0.002374253,-0.002282905,-0.003263362,1.147125,1.14804,1.151605,1.144005,-0.000722079,-0.000879789,-0.001006612,-0.000711838,1.13625
11/1/2018,1.1407,1.1311,1.1426,1.1306,0.008576481,-0.002996915,0.00554431,0.000442439,1.146595,1.147205,1.15102,1.14322,-0.000454461,-0.000726552,-0.000505162,-0.000685355,1.14055
11/2/2018,1.1385,1.1408,1.1457,1.1372,-0.00192864,0.008575723,0.00271311,0.005837608,1.145905,1.146675,1.15055,1.14266,-0.000594322,-0.000454587,-0.00040416,-0.000485074,1.139475
11/5/2018,1.1406,1.1392,1.1425,1.1356,0.001844532,-0.001402525,-0.002793052,-0.001406964,1.145485,1.146035,1.149995,1.14215,-0.000358903,-0.000550769,-0.000478883,-0.000442221,1.14155
11/6/2018,1.1426,1.1407,1.1439,1.139,0.001753463,0.001316713,0.001225383,0.002994012,1.14517,1.145615,1.149665,1.141945,-0.000266878,-0.000359065,-0.000283252,-0.000174699,1.143675
11/7/2018,1.1424,1.1427,1.1501,1.1395,-0.000175039,0.001753309,0.005420054,0.000438982,1.1447,1.145295,1.14944,1.141525,-0.000401838,-0.000271399,-0.000190433,-0.000362705,1.1397
11/8/2018,1.1362,1.1426,1.1449,1.1351,-0.005427171,-8.7512E-05,-0.004521346,-0.003861343,1.143545,1.144825,1.14868,1.14069,-0.000998774,-0.000401961,-0.000654678,-0.000725648,1.134575
11/9/2018,1.1334,1.1364,1.137,1.1315,-0.002464355,-0.005426221,-0.006900166,-0.003171527,1.142405,1.14368,1.14747,1.139595,-0.00098829,-0.000990112,-0.001047096,-0.00095368,1.1274
11/12/2018,1.1217,1.1331,1.1334,1.1214,-0.010322922,-0.002903907,-0.003166227,-0.008926204,1.140605,1.14254,1.146105,1.137985,-0.001569304,-0.000988667,-0.001183877,-0.001408661,1.125475
11/13/2018,1.1289,1.1218,1.1296,1.1216,0.006418829,-0.009972641,-0.003352744,0.000178348,1.139185,1.14073,1.14447,1.13624,-0.001231087,-0.001578138,-0.001420439,-0.001525437,1.130225
11/14/2018,1.1308,1.129,1.1349,1.1262,0.001683054,0.006418256,0.004691926,0.004101284,1.13823,1.13931,1.14329,1.13508,-0.000827225,-0.001231318,-0.001022373,-0.001013412,1.1317
11/15/2018,1.1326,1.1309,1.1363,1.127,0.001591793,0.001682905,0.001233589,0.000710353,1.1376,1.13835,1.142465,1.134185,-0.000543269,-0.000831811,-0.000714686,-0.00078214,1.13725
11/16/2018,1.1418,1.1329,1.1423,1.132,0.008122903,0.001768503,0.005280296,0.004436557,1.137125,1.137735,1.1419,1.133625,-0.000403453,-0.000530361,-0.000485369,-0.00048607,1.14285
11/19/2018,1.1451,1.1403,1.1467,1.1393,0.002890173,0.006531909,0.003851878,0.006448763,1.137065,1.137215,1.14148,1.13332,-4.17988E-05,-0.000443898,-0.000357789,-0.000259853,1.141325
11/20/2018,1.137,1.1453,1.1473,1.1357,-0.007073618,0.004384811,0.000523241,-0.003159835,1.13657,1.137155,1.14137,1.13292,-0.000421651,-4.21597E-05,-8.92241E-05,-0.000343635,1.138575
11/21/2018,1.1383,1.1371,1.1426,1.1363,0.00114336,-0.007159696,-0.004096575,0.000528309,1.13653,1.136655,1.141115,1.132845,-2.44358E-05,-0.000426311,-0.000215758,-5.92844E-05,1.140125
11/22/2018,1.1407,1.1383,1.1435,1.138,0.002108407,0.001055316,0.000787677,0.001496084,1.136695,1.13661,1.141125,1.13297,0.000155605,-2.91987E-05,1.53136E-05,0.000116592,1.1373
11/23/2018,1.134,1.1404,1.1422,1.1326,-0.005873586,0.001844856,-0.001136861,-0.004745167,1.13639,1.13675,1.141125,1.13293,-0.000256766,0.000133269,6.57696E-06,-2.8196E-05,1.1344
11/26/2018,1.1326,1.1342,1.1385,1.1323,-0.001234568,-0.005436689,-0.003239363,-0.000264877,1.136165,1.136425,1.14096,1.13274,-0.000186927,-0.000274817,-0.000137881,-0.00016055,1.13095
11/27/2018,1.1288,1.1328,1.1345,1.1277,-0.003355112,-0.00123435,-0.003513395,-0.004062528,1.135885,1.136205,1.14074,1.132435,-0.00023596,-0.00018312,-0.000186558,-0.000262453,1.1328
11/28/2018,1.1366,1.1292,1.1388,1.1266,0.006909993,-0.003177966,0.003790216,-0.000975437,1.136165,1.13594,1.140865,1.13226,0.000259399,-0.000223306,0.000117098,-0.000148057,1.137725
11/29/2018,1.1391,1.1367,1.1403,1.1348,0.002199542,0.00664187,0.001317176,0.007278537,1.136085,1.13622,1.14075,1.13247,-5.94481E-05,0.000258633,-9.42591E-05,0.000193748,1.135375
11/30/2018,1.1315,1.1394,1.1402,1.1304,-0.006671934,0.002375297,-8.76962E-05,-0.003877335,1.135735,1.13615,1.140475,1.13213,-0.000296613,-5.1388E-05,-0.000234299,-0.000291999,1.134025
12/3/2018,1.1352,1.1314,1.1381,1.1314,0.003269996,-0.007021239,-0.001841782,0.000884643,1.135465,1.13576,1.140255,1.13192,-0.00022534,-0.000332324,-0.000186736,-0.000177419,1.135925
12/4/2018,1.1344,1.1354,1.1422,1.1317,-0.000704722,0.003535443,0.003602495,0.000265158,1.135055,1.135495,1.14017,1.131555,-0.000348249,-0.000221387,-6.78803E-05,-0.000313862,1.134
12/5/2018,1.1344,1.1343,1.1362,1.1311,0,-0.000968822,-0.00525302,-0.000530176,1.134655,1.135075,1.139475,1.131135,-0.000339497,-0.000357494,-0.000601534,-0.00036232,1.13635
12/6/2018,1.1374,1.1345,1.1414,1.1321,0.00264457,0.00017632,0.004576659,0.000884095,1.134715,1.13467,1.1393,1.130985,6.40902E-05,-0.000344302,-0.000146634,-0.000125048,1.138425
12/7/2018,1.1376,1.1377,1.1425,1.1359,0.00017584,0.002820626,0.000963729,0.003356594,1.134925,1.134735,1.139575,1.131205,0.0001961,6.80401E-05,0.000246561,0.000201358,1.13875
12/10/2018,1.1355,1.1402,1.1444,1.1349,-0.001845992,0.002197416,0.00166302,-0.000880359,1.135615,1.13509,1.140125,1.13188,0.000619946,0.000323106,0.000488023,0.000603651,1.1345
12/11/2018,1.1314,1.1361,1.1401,1.1304,-0.003610744,-0.00359586,-0.003757427,-0.003965107,1.13574,1.135805,1.14065,1.13232,0.000118468,0.000641945,0.000467789,0.000396478,1.134675
12/12/2018,1.1368,1.1317,1.1389,1.1313,0.004772848,-0.003872899,-0.001052539,0.000796178,1.13604,1.13594,1.14085,1.132575,0.000272957,0.000127388,0.000180566,0.000231223,1.1364
12/13/2018,1.1361,1.137,1.1395,1.133,-0.000615764,0.00468322,0.000526824,0.001502696,1.136215,1.136245,1.14101,1.132875,0.00016258,0.000277403,0.000145228,0.00027084,1.13275
12/14/2018,1.1307,1.1362,1.1373,1.1268,-0.004753103,-0.000703606,-0.001930671,-0.005472198,1.13566,1.13641,1.14076,1.132615,-0.000481221,0.000153798,-0.000215321,-0.000224598,1.132775
12/17/2018,1.1346,1.1308,1.1359,1.1298,0.003449191,-0.004752684,-0.001230986,0.002662407,1.135135,1.135935,1.14022,1.13214,-0.00045327,-0.000410432,-0.000469464,-0.000413916,1.136225
12/18/2018,1.1361,1.1348,1.1404,1.1336,0.001322052,0.003537319,0.003961616,0.003363427,1.13509,1.13541,1.139875,1.132035,-3.34863E-05,-0.000452806,-0.000297545,-8.77528E-05,1.13845
12/19/2018,1.1375,1.1361,1.1442,1.136,0.001232286,0.001145576,0.003332164,0.002117149,1.13505,1.13536,1.139955,1.13202,-2.904E-05,-3.75428E-05,7.38918E-05,-8.31077E-06,1.14195
12/20/2018,1.1444,1.1377,1.1487,1.137,0.006065934,0.001408327,0.003932879,0.000880282,1.135235,1.13533,1.140215,1.13197,0.000168836,-1.98923E-05,0.000231152,-3.91009E-05,1.141025
12/21/2018,1.1367,1.1446,1.1475,1.1353,-0.006728417,0.006064868,-0.001044659,-0.001495163,1.13537,1.13554,1.14048,1.132105,0.000126095,0.000191108,0.000235762,0.000123399,1.138975
12/24/2018,1.1399,1.137,1.1439,1.1351,0.002815167,-0.006639874,-0.003137255,-0.000176165,1.135735,1.13568,1.14075,1.132245,0.000328582,0.000130949,0.000240867,0.000127835,1.138775
12/25/2018,1.1361,1.1399,1.143,1.1361,-0.003333626,0.002550572,-0.000786782,0.00088098,1.1361,1.136035,1.141175,1.132665,0.000329656,0.000320195,0.000377198,0.00037501,1.13695
12/26/2018,1.1351,1.1362,1.1423,1.1342,-0.000880204,-0.003245899,-0.000612423,-0.001672388,1.136025,1.136385,1.14135,1.133045,-5.9854E-05,0.000316799,0.000157066,0.000340163,1.139675
12/27/2018,1.1429,1.1353,1.1456,1.1349,0.006871641,-0.000792114,0.002888908,0.000617175,1.136215,1.136315,1.141615,1.13305,0.000173751,-5.49007E-05,0.000235653,7.09465E-06,1.14415
12/28/2018,1.1436,1.1429,1.1478,1.1423,0.000612477,0.006694266,0.001920391,0.006520398,1.13682,1.13649,1.141995,1.133645,0.000537972,0.000161048,0.000336057,0.000526981,1.1451
12/31/2018,1.1469,1.1443,1.1471,1.1421,0.002885624,0.001224954,-0.000609862,-0.000175085,1.137405,1.137135,1.142445,1.13418,0.000518753,0.000573357,0.000397653,0.000473995,1.145825
1/1/2019,1.1462,1.1466,1.148,1.1425,-0.000610341,0.002009962,0.000784587,0.000350232,1.137995,1.137695,1.142735,1.13472,0.000523472,0.000497083,0.000256758,0.000478249,1.14075
1/2/2019,1.1342,1.1465,1.1498,1.1325,-0.010469377,-8.72144E-05,0.001567944,-0.008752735,1.137985,1.138305,1.143415,1.13479,3.12818E-09,0.000541164,0.000597806,6.71206E-05,1.13645
1/3/2019,1.1392,1.1345,1.1412,1.1309,0.004408394,-0.010466638,-0.007479562,-0.001412804,1.138075,1.138305,1.143405,1.13473,8.81943E-05,9.01584E-06,-5.00523E-06,-4.77243E-05,1.138825
1/4/2019,1.1393,1.1393,1.1422,1.1345,8.77809E-05,0.004230939,0.000876271,0.003183305,1.13816,1.138385,1.14339,1.13466,8.37914E-05,7.95315E-05,-9.37813E-06,-5.63887E-05,1.14355
1/7/2019,1.1474,1.1392,1.1485,1.1391,0.007109629,-8.77732E-05,0.005515672,0.00405465,1.138755,1.138335,1.143595,1.13487,0.000531572,-3.4728E-05,0.000183254,0.000190362,1.14555
1/8/2019,1.144,1.1475,1.1486,1.1421,-0.002963221,0.007285815,8.70701E-05,0.002633658,1.139385,1.138905,1.14402,1.135455,0.000563949,0.000509356,0.000375479,0.0005203,1.14935
1/9/2019,1.1541,1.1443,1.1555,1.1435,0.008828671,-0.002788671,0.006007313,0.001225812,1.14025,1.139535,1.14485,1.136065,0.00076674,0.000563567,0.000728472,0.000541782,1.152375
1/10/2019,1.1498,1.1542,1.1571,1.1484,-0.003725847,0.008651577,0.001384682,0.00428509,1.140935,1.140395,1.14573,1.136835,0.000611236,0.000761985,0.000771365,0.000680901,1.1491
1/11/2019,1.1467,1.1499,1.1542,1.1456,-0.002696121,-0.003725524,-0.002506266,-0.002438175,1.141735,1.14108,1.146575,1.137775,0.000714085,0.000610889,0.000742585,0.000832602,1.146675
1/14/2019,1.1474,1.147,1.1484,1.1439,0.000610447,-0.002521958,-0.005025126,-0.001483939,1.142375,1.14189,1.1472,1.13848,0.000572147,0.000722425,0.000552878,0.000625285,1.143925
1/15/2019,1.1414,1.1471,1.1492,1.138,-0.005229214,8.7184E-05,0.000696621,-0.005157794,1.14264,1.142505,1.14764,1.1387,0.000244584,0.000549919,0.000389628,0.000199224,1.14035
1/16/2019,1.1397,1.1413,1.1428,1.1376,-0.001489399,-0.005056229,-0.005569092,-0.000351494,1.14275,1.142765,1.14757,1.13878,0.0001085,0.000239828,-5.54344E-05,7.57921E-05,1.139225
1/17/2019,1.1395,1.1395,1.141,1.1369,-0.000175485,-0.001577149,-0.001575079,-0.000615331,1.142505,1.142855,1.147185,1.138775,-0.000203571,9.05546E-05,-0.000330832,1.01145E-06,1.137825
1/18/2019,1.1361,1.1389,1.1412,1.1351,-0.002983765,-0.000526547,0.000175285,-0.001583253,1.142475,1.14257,1.14687,1.138765,-1.63384E-05,-0.000239016,-0.000269835,-3.39305E-06,1.13745
1/21/2019,1.1364,1.137,1.1409,1.1355,0.000264061,-0.001668276,-0.000262881,0.000352392,1.1423,1.14257,1.14672,1.138785,-0.000143894,9.56382E-06,-0.000126116,2.30348E-05,1.13615
1/22/2019,1.1358,1.1367,1.1387,1.1334,-0.000527983,-0.000263852,-0.001928302,-0.001849406,1.142285,1.14241,1.146505,1.13865,-3.61156E-06,-0.000131157,-0.000183192,-0.000113484,1.13715
1/23/2019,1.138,1.136,1.1397,1.1349,0.001936961,-0.000615818,0.000878194,0.001323452,1.14243,1.1424,1.146375,1.138685,0.000137247,3.46672E-07,-0.000108662,3.63075E-05,1.134325
1/24/2019,1.1305,1.1381,1.1399,1.1288,-0.00659051,0.001848592,0.000175485,-0.005374923,1.14181,1.14254,1.14609,1.13838,-0.000535861,0.000132382,-0.000244333,-0.000263297,1.13585
1/25/2019,1.1412,1.1305,1.1421,1.1296,0.009464839,-0.006677796,0.001929994,0.000708717,1.14169,1.14192,1.145805,1.137745,-9.32428E-05,-0.000536221,-0.000243853,-0.000553881,1.1419
1/28/2019,1.1433,1.1407,1.1447,1.1389,0.001840168,0.009022556,0.002276508,0.008233003,1.14151,1.14174,1.145685,1.137585,-0.000145516,-0.000146341,-9.9534E-05,-0.000133477,1.142975
1/29/2019,1.143,1.1427,1.1452,1.141,-0.000262398,0.001753309,0.000436796,0.001843884,1.14135,1.141545,1.145545,1.13751,-0.000128118,-0.000159174,-0.000116924,-5.87944E-05,1.145475
1/30/2019,1.1477,1.1433,1.1504,1.1405,0.004111986,0.000525072,0.004540692,-0.000438212,1.142025,1.141385,1.145575,1.13791,0.00060095,-0.000128559,3.17138E-05,0.000356932,1.14685
1/31/2019,1.1444,1.148,1.1517,1.1433,-0.002875316,0.004110907,0.001130042,0.002455064,1.142285,1.14206,1.1461,1.13853,0.000236764,0.000600318,0.000462194,0.000550325,1.145625
2/1/2019,1.1454,1.1448,1.149,1.1433,0.00087382,-0.002787456,-0.002344361,0,1.14259,1.142335,1.14644,1.13897,0.000276066,0.000249398,0.000301162,0.00039116,1.1444
2/4/2019,1.1435,1.1455,1.1466,1.142,-0.001658809,0.000611461,-0.002088773,-0.001137059,1.142395,1.14265,1.146345,1.139115,-0.000162356,0.00028436,-7.90598E-05,0.000131574,1.1426
2/5/2019,1.1412,1.1439,1.1454,1.1399,-0.002011369,-0.00139677,-0.001046572,-0.001838879,1.142255,1.14247,1.146185,1.139005,-0.000114763,-0.000149769,-0.000135742,-9.20525E-05,1.138625
2/6/2019,1.136,1.1406,1.142,1.1359,-0.004556607,-0.002884868,-0.002968395,-0.00350908,1.14135,1.142285,1.14551,1.138625,-0.000784027,-0.000154579,-0.000584527,-0.000328797,1.135025
2/7/2019,1.134,1.1362,1.1376,1.1323,-0.001760563,-0.003857619,-0.00385289,-0.003169293,1.14056,1.141385,1.144535,1.13782,-0.000685763,-0.000780039,-0.000846406,-0.000701516,1.1337
2/8/2019,1.1328,1.1347,1.1354,1.1319,-0.001058201,-0.00132019,-0.001933896,-0.000353263,1.139865,1.140625,1.143595,1.137135,-0.000603867,-0.000659772,-0.000817787,-0.000597271,1.129975
2/11/2019,1.1275,1.1328,1.1331,1.1265,-0.004678672,-0.001674451,-0.002025718,-0.004770739,1.13887,1.139915,1.14283,1.136265,-0.000868323,-0.000617397,-0.000667817,-0.000761611,1.1301
2/12/2019,1.1324,1.1281,1.1343,1.1256,0.004345898,-0.004149011,0.001059042,-0.000798935,1.13842,1.138965,1.142085,1.135645,-0.000389567,-0.000829207,-0.000649696,-0.000543668,1.12985
2/13/2019,1.1265,1.1326,1.1345,1.1258,-0.005210173,0.003989008,0.00017632,0.000177683,1.13776,1.13853,1.14167,1.135055,-0.000575606,-0.000376945,-0.000362425,-0.000517209,1.12795
2/14/2019,1.1299,1.1261,1.1311,1.1247,0.003018198,-0.005739008,-0.002996915,-0.000977083,1.13728,1.13786,1.141175,1.134445,-0.000415922,-0.000585038,-0.000433517,-0.000535297,1.128325
2/15/2019,1.1293,1.1294,1.1313,1.1233,-0.00053102,0.002930468,0.000176819,-0.001244776,1.13694,1.137385,1.14068,1.133855,-0.000293285,-0.000412187,-0.000433441,-0.000518373,1.13035
2/18/2019,1.1308,1.1287,1.1336,1.1283,0.001328256,-0.000619798,0.002033059,0.004451171,1.13666,1.13697,1.140315,1.133495,-0.000240075,-0.000359763,-0.000318644,-0.000313434,1.132075
2/19/2019,1.134,1.131,1.1359,1.1274,0.002829855,0.002037743,0.002028934,-0.00079766,1.13657,1.136685,1.140175,1.133195,-7.21829E-05,-0.000244683,-0.000120782,-0.000260847,1.13435
2/20/2019,1.1335,1.1341,1.1374,1.1324,-0.000440917,0.002740937,0.001320539,0.004434983,1.136345,1.13659,1.14006,1.13307,-0.000191077,-7.68457E-05,-9.86645E-05,-0.00010527,1.134
2/21/2019,1.1334,1.1338,1.1368,1.132,-8.82223E-05,-0.000264527,-0.000527519,-0.000353232,1.13649,1.136375,1.139905,1.13323,0.000134038,-0.000182502,-0.000133815,0.000145815,1.133775
2/22/2019,1.1341,1.1336,1.1359,1.1315,0.000617611,-0.000176398,-0.000791696,-0.000441696,1.136135,1.13653,1.139595,1.133325,-0.000308324,0.000142568,-0.000269899,8.82939E-05,1.13475
2/25/2019,1.1358,1.1338,1.137,1.1324,0.001498986,0.000176429,0.000968395,0.000795404,1.13576,1.136185,1.13921,1.133,-0.000325383,-0.000299738,-0.000335305,-0.000283586,1.137475
2/26/2019,1.1385,1.1367,1.1404,1.1343,0.002377179,0.00255777,0.002990325,0.001677852,1.135535,1.135885,1.13897,1.132665,-0.000193404,-0.000259515,-0.000207628,-0.000291888,1.1383
2/27/2019,1.1369,1.1397,1.1405,1.1361,-0.001405358,0.002639219,8.76885E-05,0.001586882,1.134995,1.135705,1.138475,1.132445,-0.000469271,-0.000153808,-0.000430279,-0.000190633,1.138025
2/28/2019,1.137,1.1372,1.1422,1.1357,8.79585E-05,-0.00219356,0.001490574,-0.000352082,1.134625,1.135165,1.138,1.132065,-0.000321108,-0.000469031,-0.000412252,-0.00033099,1.137625
3/1/2019,1.1374,1.137,1.141,1.1351,0.000351803,-0.000175871,-0.001050604,-0.000528309,1.134225,1.134775,1.1376,1.131655,-0.000347208,-0.000338452,-0.000347564,-0.000357406,1.135525
3/4/2019,1.1337,1.1379,1.1396,1.1309,-0.003253033,0.000791557,-0.001226994,-0.003700115,1.133735,1.134395,1.13725,1.1311,-0.00042692,-0.000329447,-0.000304475,-0.000485558,1.132175
3/5/2019,1.1306,1.1339,1.1353,1.1289,-0.002734409,-0.003515247,-0.003773254,-0.001768503,1.133205,1.133895,1.136745,1.13055,-0.000463072,-0.000435371,-0.000440809,-0.00048204,1.130775
3/6/2019,1.1305,1.1313,1.1327,1.1286,-8.84486E-05,-0.002292971,-0.002290144,-0.000265745,1.13293,1.13343,1.13628,1.130185,-0.000239664,-0.000405776,-0.000406897,-0.000319873,1.124925
3/7/2019,1.1192,1.1307,1.1322,1.1176,-0.009995577,-0.000530363,-0.000441423,-0.009746589,1.13219,1.133155,1.13601,1.12945,-0.000651414,-0.000239413,-0.000236323,-0.000648738,1.121575
3/8/2019,1.1238,1.1193,1.1248,1.1184,0.004110079,-0.01008225,-0.006535948,0.00071582,1.13174,1.132385,1.13548,1.128775,-0.000393,-0.000677516,-0.000466426,-0.000595283,1.124175
3/11/2019,1.1247,1.1239,1.1259,1.1222,0.000800854,0.004109711,0.000977952,0.003397711,1.1316,1.13194,1.13512,1.12856,-0.000119024,-0.000388308,-0.000316242,-0.000186861,1.1272
3/12/2019,1.1286,1.125,1.1308,1.1244,0.003467591,0.000978735,0.004352074,0.001960435,1.13141,1.131785,1.134945,1.1285,-0.000162939,-0.000131921,-0.000151591,-4.88924E-05,1.130775
3/13/2019,1.1325,1.1288,1.1341,1.1277,0.003455609,0.003377778,0.002918288,0.002934899,1.13171,1.131595,1.134925,1.128595,0.00027035,-0.000162482,-1.44924E-05,8.89683E-05,1.131675
3/14/2019,1.1302,1.133,1.1342,1.1293,-0.002030905,0.003720765,8.81756E-05,0.001418817,1.131725,1.13194,1.13508,1.128825,1.78945E-05,0.000310506,0.000139762,0.000208763,1.131825
3/15/2019,1.1325,1.1305,1.1347,1.1296,0.002035038,-0.002206531,0.000440839,0.000265651,1.131885,1.131995,1.13525,1.12914,0.000146197,5.36564E-05,0.000152963,0.000284285,1.133425
3/18/2019,1.1336,1.1323,1.1361,1.1317,0.000971302,0.001592216,0.001233806,0.001859065,1.132025,1.132175,1.135375,1.12931,0.00012835,0.000164257,0.000113001,0.000154679,1.13455
3/19/2019,1.1349,1.1337,1.1364,1.1332,0.001146789,0.001236421,0.000264061,0.00132544,1.13207,1.13231,1.1354,1.1296,4.41964E-05,0.000124191,2.47569E-05,0.000260834,1.13865
3/20/2019,1.1411,1.1351,1.145,1.1334,0.005463036,0.001234895,0.007567758,0.000176491,1.13245,1.13236,1.13578,1.12965,0.000339394,4.88889E-05,0.000337118,4.79099E-05,1.1392
3/21/2019,1.1373,1.1414,1.1439,1.1342,-0.00333012,0.005550172,-0.000960699,0.000705841,1.132645,1.13274,1.136135,1.12976,0.000177299,0.000339624,0.000315459,0.000100863,1.1339
3/22/2019,1.1313,1.1376,1.1394,1.1273,-0.005275653,-0.003329245,-0.00393391,-0.006083583,1.132505,1.13294,1.13631,1.12955,-0.000117364,0.000181981,0.000158348,-0.000181231,1.13055
3/25/2019,1.1311,1.1294,1.1333,1.1284,-0.000176788,-0.007208158,-0.005353695,0.000975783,1.13227,1.13272,1.136125,1.12935,-0.000201153,-0.000187248,-0.000157756,-0.000172212,1.1292
3/26/2019,1.1264,1.1313,1.1329,1.1262,-0.004155247,0.001682309,-0.000352952,-0.001949663,1.131665,1.13245,1.13575,1.128945,-0.000527774,-0.000231021,-0.00032492,-0.000353588,1.126125
3/27/2019,1.1247,1.1269,1.1287,1.1242,-0.001509233,-0.003889331,-0.0037073,-0.001775884,1.131055,1.13181,1.13516,1.12835,-0.000532968,-0.000557448,-0.00051467,-0.000521726,1.123525
3/28/2019,1.122,1.1244,1.1264,1.1213,-0.00240064,-0.002218475,-0.002037743,-0.002579612,1.130305,1.13117,1.13437,1.12763,-0.000657398,-0.000558694,-0.000691086,-0.000633102,1.12235
3/29/2019,1.1217,1.1221,1.1248,1.1208,-0.00026738,-0.002045535,-0.001420455,-0.000445911,1.12952,1.130425,1.13356,1.126915,-0.000688357,-0.000652177,-0.000709578,-0.000628983,1.122075
4/1/2019,1.1212,1.1218,1.125,1.1203,-0.000445752,-0.000267356,0.000177809,-0.00044611,1.128895,1.12962,1.13283,1.126385,-0.000547993,-0.000705123,-0.000639338,-0.000466282,1.1205
4/2/2019,1.1202,1.1216,1.1219,1.1183,-0.000891902,-0.000178285,-0.002755556,-0.001785236,1.128375,1.129005,1.13216,1.125855,-0.000455867,-0.000538275,-0.000588453,-0.000467119,1.122375
4/3/2019,1.1234,1.1205,1.1256,1.12,0.002856633,-0.000980742,0.003297977,0.001520165,1.12802,1.128465,1.131805,1.125425,-0.000308613,-0.000472663,-0.000309047,-0.000377824,1.12275
4/4/2019,1.122,1.1235,1.125,1.1205,-0.001246217,0.002677376,-0.000533049,0.000446429,1.12816,1.128105,1.131445,1.12557,0.000128855,-0.000312276,-0.000313628,0.000131827,1.122375
4/5/2019,1.1214,1.1224,1.1247,1.121,-0.000534759,-0.000979083,-0.000266667,0.000446229,1.12804,1.12826,1.13144,1.1257,-0.000103387,0.000142882,-1.64189E-07,0.000118348,1.12415
4/8/2019,1.1259,1.1218,1.1277,1.1212,0.004012841,-0.000534569,0.002667378,0.000178412,1.1281,1.128155,1.13153,1.12565,5.72122E-05,-8.93321E-05,8.43071E-05,-4.26171E-05,1.126825
4/9/2019,1.1261,1.1271,1.1287,1.1254,0.000177636,0.00472455,0.000886761,0.003745986,1.127975,1.12826,1.131425,1.1257,-0.000107286,9.79586E-05,-8.89585E-05,4.66604E-05,1.12635
4/10/2019,1.1273,1.1264,1.1288,1.1229,0.001065625,-0.000621063,8.85975E-05,-0.002221432,1.127715,1.12814,1.13116,1.12546,-0.000226785,-0.000101983,-0.000230443,-0.000211156,1.12655
4/11/2019,1.125,1.1273,1.1291,1.1248,-0.002040273,0.000799006,0.000265769,0.001692047,1.127455,1.127855,1.130905,1.125235,-0.000227253,-0.000248071,-0.000221563,-0.000197495,1.128325
4/12/2019,1.13,1.1254,1.1327,1.1252,0.004444444,-0.001685443,0.00318838,0.000355619,1.12733,1.1276,1.130805,1.125015,-0.000106783,-0.000222017,-8.41864E-05,-0.000192996,1.1306
4/15/2019,1.1307,1.13,1.1323,1.1294,0.000619469,0.004087436,-0.000353139,0.00373267,1.127185,1.127485,1.130615,1.1249,-0.000124375,-9.7256E-05,-0.000163534,-9.9316E-05,1.12945
4/16/2019,1.128,1.1304,1.1315,1.1279,-0.002387901,0.000353982,-0.000706527,-0.001328139,1.12684,1.12732,1.13037,1.124635,-0.000301109,-0.000141378,-0.000212063,-0.000231995,1.1295
4/17/2019,1.1294,1.1281,1.1326,1.1279,0.001241135,-0.002034678,0.000972161,0,1.126255,1.12697,1.12975,1.12436,-0.000512204,-0.000304857,-0.000541843,-0.000240819,1.126475
4/18/2019,1.1229,1.1297,1.1307,1.1226,-0.005755268,0.001418314,-0.001677556,-0.004698998,1.125535,1.126385,1.12909,1.12378,-0.000633462,-0.000511449,-0.000577686,-0.000511061,1.12425
4/19/2019,1.1246,1.1241,1.1254,1.1229,0.001513937,-0.004957068,-0.004687362,0.000267237,1.1252,1.12571,1.12839,1.12356,-0.000293982,-0.000592841,-0.000615358,-0.00019352,1.125
4/22/2019,1.1255,1.1245,1.1265,1.1235,0.000800285,0.00035584,0.00097743,0.000534331,1.12492,1.125465,1.12805,1.123315,-0.000245128,-0.000214641,-0.000298802,-0.000215593,1.12345
4/23/2019,1.1225,1.1258,1.1264,1.1191,-0.002665482,0.001156069,-8.87705E-05,-0.003916333,1.124725,1.12519,1.127725,1.12296,-0.00017064,-0.000240953,-0.000285593,-0.000313927,1.11885
4/24/2019,1.1152,1.1229,1.1233,1.114,-0.006503341,-0.002575946,-0.002752131,-0.004557233,1.12425,1.12499,1.127455,1.12245,-0.000420346,-0.000175284,-0.000237835,-0.000452994,1.114325
4/25/2019,1.113,1.1161,1.1164,1.1118,-0.00197274,-0.006055749,-0.006142616,-0.001974865,1.1238,1.124575,1.126955,1.121975,-0.000398951,-0.000367147,-0.000443078,-0.000422757,1.11415
4/26/2019,1.1148,1.1131,1.1176,1.1111,0.001617251,-0.002687931,0.001074884,-0.00062961,1.123455,1.124125,1.126595,1.12149,-0.000304719,-0.000399267,-0.000318311,-0.000431942,1.11675
4/29/2019,1.1185,1.1153,1.1191,1.1141,0.003318981,0.001976462,0.001342162,0.002700027,1.12332,1.1238,1.1263,1.12118,-0.000116482,-0.000287076,-0.000260094,-0.000274635,1.1202
4/30/2019,1.1215,1.1187,1.1231,1.1175,0.002682164,0.003048507,0.003574301,0.003051791,1.123385,1.123655,1.12636,1.12114,6.22209E-05,-0.000125736,5.63992E-05,-3.27834E-05,1.121625
5/1/2019,1.1194,1.1216,1.1267,1.1188,-0.001872492,0.002592295,0.003205414,0.001163311,1.123185,1.12371,1.126415,1.12108,-0.000174235,5.29154E-05,5.1771E-05,-5.06261E-05,1.11925
5/2/2019,1.1176,1.1203,1.1221,1.117,-0.001608004,-0.001159058,-0.004082719,-0.001608867,1.122965,1.12355,1.12627,1.120905,-0.000192325,-0.000138906,-0.000125712,-0.000153391,1.118025
5/3/2019,1.12,1.1179,1.1208,1.1134,0.002147459,-0.002142283,-0.001158542,-0.003222919,1.122895,1.123325,1.126075,1.120525,-5.82138E-05,-0.000197066,-0.000170306,-0.000336848,1.118475
5/6/2019,1.1197,1.1172,1.121,1.116,-0.000267857,-0.000626174,0.000178444,0.00233519,1.122585,1.123095,1.12574,1.120265,-0.000272249,-0.000201647,-0.000294753,-0.000229009,1.11945
5/7/2019,1.119,1.1199,1.1223,1.1166,-0.000625167,0.002416756,0.001159679,0.000537634,1.12223,1.122735,1.12542,1.119825,-0.000312389,-0.000317036,-0.000281107,-0.000389427,1.1195
5/8/2019,1.1191,1.1191,1.1216,1.1182,8.93655E-05,-0.000714349,-0.000623719,0.001432921,1.12182,1.12237,1.12506,1.11959,-0.000361202,-0.000321701,-0.000316723,-0.000206709,1.120925
5/9/2019,1.122,1.1192,1.1253,1.1172,0.002591368,8.93575E-05,0.003298859,-0.000894294,1.12167,1.121965,1.12487,1.11921,-0.00012962,-0.000357183,-0.000165068,-0.000336026,1.1229
5/10/2019,1.1233,1.1215,1.1254,1.1214,0.001158645,0.002055039,8.88652E-05,0.003759398,1.121335,1.12177,1.124505,1.11902,-0.00029391,-0.000170159,-0.000320044,-0.000165837,1.12385
5/13/2019,1.1223,1.1242,1.1267,1.1222,-0.000890234,0.00240749,0.001155145,0.000713394,1.120915,1.12148,1.124225,1.11866,-0.000369395,-0.000254156,-0.00024463,-0.000316801,1.121875
5/14/2019,1.1203,1.1224,1.1247,1.1201,-0.001782055,-0.001601139,-0.001775095,-0.001871324,1.12053,1.12108,1.123885,1.11827,-0.000339103,-0.000351912,-0.000298058,-0.00034396,1.12015
5/15/2019,1.12,1.1204,1.1226,1.1176,-0.000267785,-0.001781896,-0.001867165,-0.002231944,1.12006,1.120695,1.123385,1.117755,-0.000414549,-0.000339273,-0.000440025,-0.000455558,1.119175
5/16/2019,1.1172,1.1202,1.1227,1.1166,-0.0025,-0.000178508,8.90789E-05,-0.000894775,1.119775,1.12022,1.122985,1.117455,-0.000251785,-0.000419114,-0.000351693,-0.000265346,1.11675
5/17/2019,1.1156,1.1174,1.1186,1.1154,-0.001432152,-0.002499554,-0.003651911,-0.001074691,1.119325,1.119885,1.122645,1.11708,-0.00039909,-0.000296239,-0.00029992,-0.000332443,1.11635
5/20/2019,1.117,1.1158,1.1177,1.1149,0.00125493,-0.001431895,-0.000804577,-0.00044827,1.1189,1.11945,1.122205,1.11665,-0.000376357,-0.000385625,-0.000389021,-0.000381573,1.11645
5/21/2019,1.1158,1.117,1.1189,1.1141,-0.001074306,0.001075462,0.001073633,-0.000717553,1.118565,1.11901,1.12183,1.1164,-0.000296799,-0.000389656,-0.000330901,-0.000221634,1.1162
5/22/2019,1.1152,1.1167,1.1182,1.1147,-0.000537731,-0.000268577,-0.000625614,0.000538551,1.118565,1.1187,1.121575,1.116435,1.48193E-06,-0.000274287,-0.000224575,3.31554E-05,1.115675
5/23/2019,1.118,1.1151,1.1189,1.1107,0.00251076,-0.001432793,0.000626006,-0.003588409,1.118815,1.11865,1.1217,1.11638,0.000225657,-4.31395E-05,0.000113856,-4.75219E-05,1.1193
5/24/2019,1.1202,1.1182,1.1214,1.1174,0.0019678,0.00278002,0.002234337,0.006032232,1.119085,1.118905,1.12189,1.116695,0.000243184,0.000230258,0.000171829,0.00028557,1.11985
5/27/2019,1.1196,1.1196,1.1216,1.1186,-0.000535619,0.001252012,0.000178348,0.001073922,1.11914,1.11912,1.122015,1.11692,5.04544E-05,0.000194036,0.000113638,0.000204265,1.11805
5/28/2019,1.116,1.1199,1.1204,1.1159,-0.003215434,0.000267953,-0.0010699,-0.002413731,1.118865,1.11918,1.12188,1.11684,-0.000244425,5.50079E-05,-0.000118572,-6.90112E-05,1.1147
5/29/2019,1.1129,1.1161,1.1174,1.1124,-0.002777778,-0.00339316,-0.002677615,-0.003136482,1.11854,1.118905,1.121415,1.11652,-0.00028969,-0.000244265,-0.000412723,-0.000284001,1.11305
5/30/2019,1.113,1.1132,1.1145,1.1115,8.98553E-05,-0.002598333,-0.002595311,-0.000809061,1.11831,1.11855,1.121035,1.116245,-0.000204797,-0.000316229,-0.000338353,-0.000244011,1.115175
5/31/2019,1.1167,1.1134,1.1181,1.1125,0.003324349,0.000179662,0.003230148,0.000899685,1.118145,1.118325,1.1209,1.1162,-0.000145952,-0.000200131,-0.000118918,-3.78803E-05,1.120675
6/3/2019,1.124,1.1168,1.1264,1.1155,0.006537118,0.003053709,0.007423307,0.002696629,1.11836,1.118305,1.12117,1.116175,0.000194297,-1.61372E-05,0.000243325,-1.98084E-05,1.124925
6/4/2019,1.1251,1.1241,1.1279,1.1226,0.000978648,0.006536533,0.001331676,0.006364859,1.118665,1.118515,1.12145,1.116475,0.000274487,0.000189852,0.000251925,0.000271553,1.124925
6/5/2019,1.1219,1.1251,1.1308,1.1219,-0.002844192,0.000889601,0.00257115,-0.000623552,1.118805,1.118815,1.12191,1.11666,0.000127809,0.000270049,0.000411668,0.000168729,1.12565
6/6/2019,1.1274,1.1229,1.1309,1.1214,0.004902398,-0.001955382,8.8433E-05,-0.000445673,1.119075,1.119,1.12219,1.11687,0.000243361,0.000167812,0.000251147,0.00019116,1.130125
6/7/2019,1.1331,1.1275,1.1349,1.125,0.005055881,0.004096536,0.003537006,0.003210273,1.119565,1.1193,1.122665,1.11705,0.000438223,0.000269887,0.000423554,0.000163704,1.13145
6/10/2019,1.1312,1.1324,1.1332,1.129,-0.001676816,0.004345898,-0.001497929,0.003555556,1.12001,1.11971,1.12299,1.11739,0.000398894,0.000366807,0.0002909,0.000305812,1.132025
6/11/2019,1.1329,1.1312,1.1338,1.1302,0.001502829,-0.001059696,0.000529474,0.001062888,1.12064,1.12015,1.123445,1.117895,0.000563138,0.00039388,0.000406129,0.000452523,1.131
6/12/2019,1.1287,1.1326,1.1345,1.1282,-0.0037073,0.001237624,0.000617393,-0.001769598,1.121075,1.12076,1.12404,1.118425,0.000391162,0.000544856,0.000530357,0.00047564,1.128375
6/13/2019,1.1275,1.1287,1.1305,1.1268,-0.00106317,-0.003443405,-0.003525782,-0.001240915,1.12159,1.121185,1.12443,1.118935,0.000463004,0.000381611,0.000349614,0.000458333,1.12455
6/14/2019,1.1207,1.1283,1.129,1.1202,-0.006031042,-0.00035439,-0.001326847,-0.005857295,1.121845,1.12173,1.12495,1.119175,0.000233059,0.000488869,0.000465867,0.000219203,1.122125
6/17/2019,1.1217,1.1216,1.1248,1.1204,0.000892299,-0.005938137,-0.003720106,0.00017854,1.12208,1.12202,1.125305,1.11945,0.000214927,0.000263557,0.00032009,0.000250543,1.120875
6/18/2019,1.1191,1.1219,1.1244,1.1181,-0.00231791,0.000267475,-0.000355619,-0.002052838,1.122245,1.122265,1.12558,1.11965,0.000152747,0.000223157,0.000248628,0.000183779,1.12145
6/19/2019,1.1224,1.1193,1.1254,1.1187,0.002948798,-0.002317497,0.000889363,0.000536625,1.122605,1.122395,1.12594,1.11985,0.000327074,0.000120711,0.000324377,0.000183683,1.12655
6/20/2019,1.1291,1.1226,1.1319,1.1226,0.005969351,0.002948271,0.005775724,0.003486189,1.12316,1.12277,1.12659,1.120445,0.000500003,0.000339765,0.000581863,0.000537413,1.13295
6/21/2019,1.1366,1.1292,1.1378,1.1282,0.006642459,0.005879209,0.005212475,0.00498842,1.12398,1.12332,1.12741,1.120985,0.000733736,0.000494724,0.000730769,0.000485222,1.138075
6/24/2019,1.1396,1.1361,1.1405,1.1361,0.002639451,0.006110521,0.002373001,0.007002305,1.12498,1.124145,1.128355,1.12186,0.00089249,0.00073765,0.000840502,0.000781641,1.138025
6/25/2019,1.1365,1.1399,1.1413,1.1344,-0.002720253,0.003344776,0.000701447,-0.001496347,1.126005,1.125145,1.1294,1.122785,0.000917249,0.000891491,0.000929069,0.00082751,1.136825
6/26/2019,1.1368,1.1366,1.1391,1.1348,0.000263968,-0.002894991,-0.001927626,0.000352609,1.1272,1.12617,1.130485,1.123905,0.001069336,0.000916399,0.000966569,0.001001965,1.1367
6/27/2019,1.1368,1.1369,1.1383,1.1348,0,0.000263945,-0.000702309,0,1.12839,1.127355,1.131675,1.12507,0.001064843,0.001059513,0.001061219,0.001042418,1.137075
6/28/2019,1.1368,1.137,1.1394,1.1351,0,8.79585E-05,0.000966353,0.000264364,1.129395,1.128535,1.13274,1.1262,0.000898626,0.001054928,0.000948029,0.001010652,1.13295
7/1/2019,1.1285,1.1376,1.1376,1.1281,-0.007301196,0.000527704,-0.001579779,-0.006166858,1.12962,1.129575,1.1333,1.12683,0.00020671,0.000928628,0.000497875,0.000567477,1.129125
7/2/2019,1.1283,1.1286,1.1321,1.1275,-0.000177226,-0.007911392,-0.00483474,-0.000531868,1.12978,1.1298,1.13351,1.127075,0.000148916,0.000206231,0.000189554,0.000222641,1.128525
7/3/2019,1.1277,1.1285,1.1311,1.1268,-0.000531773,-8.86054E-05,-0.000883314,-0.000620843,1.13007,1.12997,1.133525,1.12732,0.000264537,0.000157321,1.68309E-05,0.000222777,1.12825
7/4/2019,1.1284,1.1277,1.1296,1.1273,0.000620732,-0.000708906,-0.001326143,0.000443734,1.13012,1.13021,1.13346,1.127615,5.04541E-05,0.000219645,-5.38979E-05,0.000267247,1.125125
7/5/2019,1.1224,1.1285,1.1289,1.1207,-0.005317263,0.000709409,-0.000619688,-0.005854697,1.129585,1.13026,1.13316,1.1274,-0.000468203,5.02886E-05,-0.000261733,-0.000186001,1.121975
7/8/2019,1.1214,1.1223,1.1235,1.1207,-0.000890948,-0.005494019,-0.004783417,0,1.129095,1.129755,1.132675,1.126985,-0.00042891,-0.000441707,-0.000426007,-0.000363779,1.12085
7/9/2019,1.1206,1.1215,1.122,1.1193,-0.000713394,-0.000712822,-0.001335113,-0.001249219,1.12848,1.12927,1.132085,1.12644,-0.000539721,-0.000424364,-0.000519236,-0.000479385,1.12305
7/10/2019,1.1249,1.1208,1.1264,1.1201,0.00383723,-0.000624164,0.003921569,0.000714732,1.12829,1.12868,1.13168,1.126035,-0.000162494,-0.000517453,-0.000354028,-0.000355168,1.125875
7/11/2019,1.1252,1.1251,1.1287,1.1245,0.00026669,0.003836545,0.002041903,0.003928221,1.128175,1.1285,1.13159,1.12592,-9.60013E-05,-0.000153455,-7.56434E-05,-9.67113E-05,1.1259
7/12/2019,1.1269,1.1254,1.1276,1.1237,0.001510843,0.000266643,-0.000974573,-0.000711427,1.128485,1.128355,1.13152,1.126095,0.000281093,-0.000122404,-5.80297E-05,0.000160582,1.126575
7/15/2019,1.1257,1.1269,1.1285,1.1252,-0.001064868,0.001332859,0.000798155,0.001334876,1.128685,1.12862,1.131705,1.126335,0.000183235,0.000241146,0.000167883,0.000218399,1.123325
7/16/2019,1.1209,1.1258,1.1265,1.1201,-0.004264014,-0.000976129,-0.001772264,-0.004532528,1.128775,1.128815,1.13181,1.126435,8.59293E-05,0.000178966,9.70512E-05,9.44144E-05,1.121725
7/17/2019,1.1223,1.1211,1.1235,1.12,0.001248996,-0.004174809,-0.002663116,-8.92777E-05,1.12877,1.128905,1.131715,1.1265,9.39254E-07,8.61002E-05,-8.05728E-05,6.31193E-05,1.12465
7/18/2019,1.1275,1.1224,1.1282,1.1205,0.004633342,0.001159575,0.004183356,0.000446429,1.12869,1.128895,1.13153,1.126395,-6.58612E-05,-3.33458E-06,-0.000160191,-8.88687E-05,1.124575
7/19/2019,1.122,1.1277,1.1283,1.1203,-0.004878049,0.004722024,8.86368E-05,-0.000178492,1.12796,1.12882,1.131055,1.126,-0.000641887,-6.11938E-05,-0.000416383,-0.000347214,1.12145
7/22/2019,1.1208,1.1218,1.1226,1.1206,-0.001069519,-0.005231888,-0.005051848,0.000267785,1.12702,1.128105,1.13016,1.125225,-0.000827335,-0.000628314,-0.000787626,-0.00068394,1.117925
7/23/2019,1.1151,1.121,1.1211,1.1145,-0.005085653,-0.00071314,-0.001336184,-0.005443512,1.12595,1.12716,1.12915,1.12423,-0.000945605,-0.00083121,-0.000889507,-0.000881299,1.114425
7/24/2019,1.1139,1.1152,1.1159,1.1127,-0.001076137,-0.005173952,-0.004638302,-0.001615074,1.124805,1.12609,1.12799,1.123125,-0.00101261,-0.000945158,-0.001025041,-0.000979683,1.1144
7/25/2019,1.1145,1.1141,1.1189,1.1101,0.000538648,-0.00098637,0.002688413,-0.002336659,1.12369,1.12495,1.12702,1.12189,-0.000985678,-0.001007674,-0.000855505,-0.001096516,1.11335
7/26/2019,1.1125,1.1147,1.1151,1.1111,-0.001794527,0.000538551,-0.003396193,0.00090082,1.122475,1.123835,1.125805,1.12069,-0.001075404,-0.000985144,-0.001073632,-0.001064693,1.113375
7/29/2019,1.1144,1.1127,1.1151,1.1113,0.001707865,-0.001794205,0,0.000180002,1.12177,1.12259,1.12468,1.11985,-0.000624951,-0.00110124,-0.000994643,-0.00074735,1.114775
7/30/2019,1.1153,1.1144,1.1162,1.1132,0.000807609,0.001527815,0.000986459,0.001709709,1.12112,1.12188,1.123885,1.119135,-0.000575709,-0.000629279,-0.000703583,-0.000635271,1.1113
7/31/2019,1.1074,1.1155,1.1163,1.106,-0.007083296,0.000987078,8.95897E-05,-0.00646784,1.120105,1.12123,1.123145,1.118095,-0.000903286,-0.000575495,-0.000654938,-0.000927621,1.10705
8/1/2019,1.1083,1.1076,1.1096,1.1027,0.000812714,-0.007082026,-0.006001971,-0.002983725,1.1191,1.120225,1.122145,1.116865,-0.000893686,-0.000894151,-0.000888729,-0.001098994,1.1095
8/2/2019,1.1107,1.1086,1.1118,1.1069,0.002165479,0.000902853,0.001982696,0.003808833,1.118515,1.11923,1.12129,1.116175,-0.000519549,-0.000884479,-0.00075861,-0.000615817,1.11555
8/5/2019,1.1202,1.1103,1.1214,1.1103,0.008553165,0.001533466,0.008634647,0.003071642,1.118455,1.11863,1.121185,1.115655,-4.73437E-05,-0.000533105,-8.77069E-05,-0.000462235,1.120475
8/6/2019,1.1198,1.1203,1.125,1.1168,-0.000357079,0.009006575,0.003210273,0.005854274,1.118415,1.11857,1.121335,1.11553,-2.95279E-05,-4.71348E-05,0.000139562,-0.000107061,1.12045
8/7/2019,1.1197,1.1199,1.1243,1.1179,-8.93017E-05,-0.000357047,-0.000622222,0.000984957,1.118155,1.118525,1.12123,1.11542,-0.000225855,-3.3779E-05,-8.76272E-05,-9.35494E-05,1.119675
8/8/2019,1.1178,1.1199,1.1233,1.1177,-0.001696883,0,-0.000889442,-0.000178907,1.117785,1.118265,1.12096,1.11508,-0.000324033,-0.000225606,-0.000234194,-0.000298906,1.119575
8/9/2019,1.1198,1.1181,1.1224,1.118,0.001789229,-0.001607286,-0.000801211,0.000268408,1.11743,1.1179,1.1207,1.114795,-0.000310114,-0.000319303,-0.000225526,-0.000249914,1.120225
8/12/2019,1.1212,1.1204,1.1231,1.1162,0.001250223,0.002057061,0.000623664,-0.001610018,1.117205,1.117575,1.12043,1.114345,-0.000194359,-0.000283093,-0.000234251,-0.000397159,1.11955
8/13/2019,1.1169,1.1214,1.1229,1.117,-0.003835177,0.000892538,-0.000178079,0.000716717,1.117005,1.117355,1.12025,1.11419,-0.000172917,-0.000189659,-0.000154542,-0.000134696,1.115725
8/14/2019,1.1138,1.117,1.1191,1.113,-0.002775539,-0.003923667,-0.003384095,-0.003581021,1.11658,1.11715,1.12003,1.11384,-0.000374144,-0.000177102,-0.000190591,-0.000309284,1.112375
8/15/2019,1.1106,1.1139,1.116,1.109,-0.002873047,-0.002775291,-0.002770083,-0.00359389,1.115735,1.116725,1.11942,1.113265,-0.000749464,-0.000373845,-0.000538263,-0.0005113,1.109375
8/16/2019,1.1089,1.1107,1.1113,1.1066,-0.001530704,-0.002872789,-0.00421147,-0.002164112,1.11508,1.115875,1.11857,1.11258,-0.000582096,-0.000753586,-0.000753268,-0.000610581,1.10895
8/19/2019,1.1076,1.1092,1.1115,1.1075,-0.001172333,-0.0013505,0.000179969,0.000813302,1.11442,1.115245,1.118015,1.111925,-0.000587237,-0.000559517,-0.000491677,-0.000583305,1.108775
8/20/2019,1.1099,1.1079,1.1107,1.1066,0.002076562,-0.001172016,-0.000719748,-0.000812641,1.11416,1.11459,1.117495,1.11153,-0.000229126,-0.000582461,-0.000460855,-0.000351761,1.1093
8/21/2019,1.1083,1.11,1.1108,1.1081,-0.001441571,0.001895478,9.00333E-05,0.001355503,1.11388,1.11433,1.11724,1.1113,-0.000247398,-0.000228989,-0.000224438,-0.000203232,1.108475
8/22/2019,1.1078,1.1085,1.1113,1.1063,-0.000451141,-0.001351351,0.000450126,-0.001624402,1.113545,1.11405,1.11686,1.11111,-0.000296888,-0.000247238,-0.000336353,-0.000167619,1.110725
8/23/2019,1.1144,1.108,1.1154,1.1051,0.005957754,-0.00045106,0.003689373,-0.001084697,1.11364,1.113715,1.116875,1.11081,9.07264E-05,-0.000296719,1.79255E-05,-0.000266895,1.11265
8/26/2019,1.11,1.1146,1.1166,1.1094,-0.003948313,0.005956679,0.001075847,0.003891051,1.11342,1.11381,1.11695,1.110715,-0.000192083,9.08255E-05,7.17178E-05,-8.13429E-05,1.1099
8/27/2019,1.109,1.1103,1.1117,1.1086,-0.000900901,-0.003857886,-0.004388322,-0.000721111,1.113105,1.113605,1.116725,1.110485,-0.000277508,-0.00017846,-0.000197021,-0.000202884,1.108475
8/28/2019,1.1077,1.109,1.1099,1.1073,-0.001172227,-0.001170855,-0.001619142,-0.00117265,1.11312,1.11328,1.116405,1.11055,1.80454E-05,-0.000286356,-0.000282458,6.18757E-05,1.10665
8/29/2019,1.1055,1.1077,1.1092,1.1042,-0.001986097,-0.001172227,-0.000630687,-0.002799603,1.11298,1.113285,1.116385,1.110625,-0.000121895,9.13369E-06,-1.38936E-05,7.10818E-05,1.10175
8/30/2019,1.0989,1.1056,1.1062,1.0963,-0.005970149,-0.00189582,-0.002704652,-0.007154501,1.11239,1.113135,1.116105,1.110095,-0.000528677,-0.0001308,-0.000248261,-0.000477085,1.0978
9/2/2019,1.0966,1.0989,1.1,1.0957,-0.002093002,-0.006060058,-0.005604773,-0.000547295,1.11121,1.112565,1.115035,1.109365,-0.001060985,-0.000510476,-0.000960232,-0.000658032,1.0962
9/3/2019,1.0972,1.097,1.098,1.0926,0.000547146,-0.001729002,-0.001818182,-0.002829242,1.11008,1.1114,1.113685,1.108155,-0.001015774,-0.001047255,-0.001211655,-0.001092208,1.10035
9/4/2019,1.1033,1.0974,1.1039,1.0968,0.005559606,0.000364631,0.005373406,0.003844042,1.10926,1.110275,1.112665,1.1071,-0.000733328,-0.001011171,-0.000911873,-0.000949253,1.1043
9/5/2019,1.1033,1.1037,1.1086,1.1016,0,0.005740842,0.004257632,0.004376368,1.108535,1.109465,1.11193,1.106295,-0.000648484,-0.000724129,-0.00065452,-0.00072149,1.1035
9/6/2019,1.1027,1.1035,1.1058,1.102,-0.000543823,-0.000181209,-0.002525708,0.000363108,1.10768,1.108735,1.1111,1.105495,-0.000765137,-0.000652825,-0.000740744,-0.000716755,1.10385
9/9/2019,1.1046,1.1024,1.1069,1.1015,0.001723043,-0.000996828,0.000994755,-0.000453721,1.10685,1.107835,1.11029,1.10476,-0.000741496,-0.00080552,-0.00072219,-0.00065894,1.104525
9/10/2019,1.1043,1.1047,1.1061,1.103,-0.000271592,0.002086357,-0.000722739,0.001361779,1.10622,1.107,1.10945,1.10406,-0.000563316,-0.000745829,-0.000749423,-0.000626687,1.10235
9/11/2019,1.1009,1.1044,1.1056,1.0985,-0.003078873,-0.000271567,-0.000452039,-0.004079782,1.105575,1.10637,1.108775,1.103335,-0.000578483,-0.000563224,-0.00060282,-0.000651625,1.10215
9/12/2019,1.1061,1.1011,1.1088,1.0926,0.004723408,-0.002988048,0.002894356,-0.00537096,1.10535,1.10573,1.108415,1.102515,-0.00019866,-0.000573861,-0.000319598,-0.000740478,1.1075
9/13/2019,1.1073,1.1063,1.111,1.1054,0.001084893,0.00472255,0.001984127,0.011715175,1.10527,1.10551,1.1084,1.102455,-6.78806E-05,-0.000194094,-9.81835E-06,-4.65138E-05,1.104325
9/16/2019,1.1,1.1087,1.1093,1.0993,-0.006592613,0.002169393,-0.001530153,-0.005518364,1.10489,1.105485,1.10829,1.102045,-0.000338895,-1.80998E-05,-9.53245E-05,-0.000363097,1.103375
9/17/2019,1.1071,1.1,1.1075,1.0989,0.006454545,-0.007847028,-0.001622645,-0.000363868,1.10475,1.10509,1.10813,1.10166,-0.000119995,-0.00035185,-0.000140469,-0.000340659,1.104825
9/18/2019,1.1029,1.1073,1.1077,1.1014,-0.003793695,0.006636364,0.000180587,0.002275002,1.10448,1.104955,1.107975,1.101325,-0.000237602,-0.000114806,-0.000135942,-0.000294684,1.1042
9/19/2019,1.104,1.103,1.1075,1.1023,0.000997371,-0.00388332,-0.000180554,0.000817142,1.10429,1.10468,1.107785,1.101125,-0.000165176,-0.000241405,-0.000167476,-0.000172606,1.103075
9/20/2019,1.1017,1.1042,1.1069,1.0995,-0.002083333,0.001087942,-0.000541761,-0.002540143,1.103655,1.10449,1.10736,1.100845,-0.00056723,-0.000164454,-0.000379032,-0.000245379,1.1
9/23/2019,1.0991,1.1016,1.1027,1.0966,-0.002359989,-0.002354646,-0.003794381,-0.002637563,1.10311,1.10384,1.106665,1.100205,-0.000487814,-0.000580021,-0.000622544,-0.000571809,1.1005
9/24/2019,1.1018,1.0994,1.1025,1.0983,0.002456555,-0.001997095,-0.000181373,0.001550246,1.10275,1.103295,1.106205,1.09969,-0.000319941,-0.000486981,-0.000412196,-0.000458242,1.098075
9/25/2019,1.0941,1.102,1.1025,1.0937,-0.006988564,0.002364926,0,-0.004188291,1.10207,1.102945,1.105835,1.09901,-0.000610758,-0.000310192,-0.000331239,-0.000609024,1.093525
9/26/2019,1.0921,1.0943,1.0968,1.0909,-0.001827986,-0.006987296,-0.005170068,-0.002560117,1.1014,1.102275,1.105215,1.098345,-0.000602853,-0.000600946,-0.000558208,-0.000597049,1.0931
9/27/2019,1.0938,1.0921,1.096,1.0905,0.001556634,-0.002010418,-0.000729395,-0.00036667,1.101145,1.1016,1.104705,1.098055,-0.000226513,-0.000606675,-0.000459445,-0.000257658,1.0918
9/30/2019,1.0898,1.094,1.0949,1.0885,-0.003656976,0.001739767,-0.00100365,-0.001834021,1.100805,1.101355,1.10445,1.097695,-0.000304712,-0.000216684,-0.000229389,-0.000321994,1.091325
10/1/2019,1.093,1.09,1.0944,1.0879,0.002936319,-0.003656307,-0.000456663,-0.000551217,1.100595,1.101005,1.10427,1.09746,-0.000185254,-0.000313049,-0.000161313,-0.000208093,1.093975
10/2/2019,1.0958,1.0932,1.0965,1.0904,0.002561757,0.00293578,0.00191886,0.002298005,1.10022,1.100795,1.1039,1.09714,-0.000335146,-0.000184492,-0.000334041,-0.000285395,1.096625
10/3/2019,1.0964,1.0959,1.1001,1.0941,0.000547545,0.002469813,0.003283174,0.00339325,1.099875,1.100405,1.103475,1.096765,-0.000307769,-0.000348043,-0.000382763,-0.00033455,1.0974
10/4/2019,1.0976,1.0964,1.0999,1.0957,0.001094491,0.000456246,-0.000181802,0.001462389,1.09962,1.10005,1.10318,1.09645,-0.000225853,-0.000316171,-0.000265568,-0.000279586,1.097725
10/7/2019,1.097,1.0976,1.1001,1.0962,-0.000546647,0.001094491,0.000181835,0.000456329,1.09924,1.09981,1.10284,1.096185,-0.000339338,-0.000211605,-0.000306214,-0.000234084,1.096575
10/8/2019,1.0954,1.0971,1.0997,1.0941,-0.001458523,-0.000455539,-0.000363603,-0.001915709,1.098795,1.09943,1.10252,1.09574,-0.000398684,-0.0003387,-0.000288257,-0.000397958,1.0967
10/9/2019,1.0969,1.0957,1.0991,1.0951,0.001369363,-0.001276092,-0.000545603,0.000913993,1.098595,1.098995,1.102195,1.09557,-0.000176272,-0.000388926,-0.000292936,-0.00014827,1.099525
10/10/2019,1.1004,1.0972,1.1035,1.097,0.00319081,0.001368988,0.004003275,0.001735001,1.09831,1.0988,1.10193,1.09579,-0.000252902,-0.000171074,-0.00023749,0.000207029,1.102775
10/11/2019,1.104,1.1006,1.1064,1.1001,0.003271538,0.003098797,0.002628002,0.002825889,1.098145,1.098515,1.1017,1.095525,-0.00014357,-0.000252262,-0.000205296,-0.000237436,1.10335
10/14/2019,1.1028,1.1044,1.105,1.1012,-0.001086957,0.003452662,-0.001265365,0.000999909,1.098285,1.0983,1.101485,1.09562,0.000131713,-0.000188098,-0.000192056,8.84779E-05,1.10245
10/15/2019,1.1031,1.1029,1.1047,1.0991,0.000272035,-0.001358204,-0.000271493,-0.001907011,1.098085,1.098445,1.101345,1.09563,-0.000177413,0.000136343,-0.000124499,1.13208E-05,1.1053
10/16/2019,1.107,1.1033,1.1087,1.1022,0.003535491,0.00036268,0.003620893,0.002820489,1.09829,1.098245,1.101395,1.09567,0.000189047,-0.000177341,4.75164E-05,3.85951E-05,1.11
10/17/2019,1.1122,1.1072,1.1141,1.1065,0.00469738,0.00353485,0.004870569,0.003901288,1.0987,1.098455,1.101725,1.09588,0.000374047,0.000193567,0.000300073,0.000192802,1.114525
10/18/2019,1.1169,1.1125,1.1173,1.1114,0.004225859,0.00478685,0.002872274,0.004428378,1.09946,1.09887,1.102245,1.096475,0.000689507,0.000378513,0.000470774,0.000541229,1.1152
10/21/2019,1.1148,1.1143,1.118,1.1137,-0.001880204,0.001617978,0.00062651,0.002069462,1.100245,1.099505,1.10301,1.09733,0.000713496,0.000577144,0.000691819,0.00077658,1.11375
10/22/2019,1.1124,1.115,1.1158,1.1118,-0.002152853,0.000628197,-0.0019678,-0.001706025,1.100775,1.100285,1.103675,1.098005,0.000483026,0.000708409,0.000602497,0.000613766,1.112525
10/23/2019,1.1129,1.1125,1.1141,1.1106,0.000449479,-0.002242152,-0.001523571,-0.001079331,1.101715,1.10081,1.104255,1.09885,0.000854928,0.000478055,0.000526319,0.000769214,1.112275
10/24/2019,1.1104,1.1131,1.1164,1.1092,-0.002246383,0.000539326,0.002064447,-0.00126058,1.10263,1.10175,1.105235,1.099765,0.000834008,0.000854386,0.000888045,0.000834191,1.109475
10/25/2019,1.1078,1.1104,1.1124,1.1073,-0.002341499,-0.002425658,-0.003582945,-0.001712946,1.10333,1.102665,1.106055,1.100605,0.000639101,0.000833624,0.000745367,0.000766877,1.109075
10/28/2019,1.1098,1.1082,1.1108,1.1075,0.00180538,-0.001981268,-0.001438332,0.00018062,1.10433,1.103375,1.10685,1.101555,0.000912219,0.000647572,0.000723633,0.000867609,1.11005
10/29/2019,1.111,1.1099,1.112,1.1073,0.001081276,0.001534019,0.001080302,-0.000180587,1.10523,1.10437,1.10773,1.102525,0.000819467,0.000907088,0.000800481,0.000886141,1.112325
10/30/2019,1.1148,1.1112,1.1153,1.108,0.003420342,0.001171277,0.002967626,0.000632168,1.10618,1.10527,1.10867,1.103405,0.000862396,0.000818863,0.00085292,0.000802849,1.115175
10/31/2019,1.115,1.1151,1.1176,1.113,0.000179404,0.003509719,0.002062225,0.004512635,1.10711,1.10623,1.109545,1.10435,0.000843989,0.000870858,0.000791872,0.000858818,1.115425
11/1/2019,1.1165,1.1152,1.1172,1.1128,0.001345291,8.96781E-05,-0.00035791,-0.000179695,1.108055,1.10717,1.11041,1.105205,0.000856529,0.00085253,0.000783067,0.000776714,1.1148
11/4/2019,1.1126,1.1166,1.1176,1.1124,-0.003493059,0.00125538,0.000358038,-0.000359454,1.108835,1.10812,1.111285,1.106015,0.000709209,0.000860574,0.000791877,0.000735925,1.11015
11/5/2019,1.1074,1.1128,1.1141,1.1063,-0.004673737,-0.003403188,-0.003131711,-0.005483639,1.109435,1.108905,1.112005,1.106625,0.000548448,0.000713192,0.000653472,0.000557528,1.10745
11/6/2019,1.1065,1.1075,1.1094,1.1064,-0.000812714,-0.004762761,-0.004218652,9.03914E-05,1.109915,1.109495,1.11252,1.10719,0.000439344,0.000538858,0.000469819,0.000516348,1.10605
11/7/2019,1.1049,1.1066,1.1092,1.1035,-0.001446001,-0.000812641,-0.000180278,-0.002621114,1.11014,1.109965,1.112805,1.107515,0.000207503,0.000429777,0.000260642,0.000298543,1.10345
11/8/2019,1.1016,1.105,1.1056,1.1016,-0.002986696,-0.00144587,-0.003245582,-0.001721794,1.11002,1.110185,1.112765,1.10759,-0.000105408,0.000202544,-3.30377E-05,7.11583E-05,1.10285
11/11/2019,1.1032,1.1022,1.1044,1.1016,0.001452433,-0.002533937,-0.001085384,0,1.11004,1.110075,1.112735,1.10761,2.15612E-05,-9.67863E-05,-2.40386E-05,2.11629E-05,1.10205
11/12/2019,1.1007,1.1033,1.104,1.1002,-0.002266135,0.000998004,-0.000362188,-0.001270879,1.10992,1.110095,1.1127,1.107665,-0.000105347,2.10241E-05,-2.85733E-05,5.29695E-05,1.1008
11/13/2019,1.1006,1.101,1.1021,1.0995,-9.08513E-05,-0.002084655,-0.001721014,-0.000636248,1.1096,1.10998,1.11237,1.10753,-0.000286664,-0.000101343,-0.000295669,-0.000119867,1.1011
11/14/2019,1.1021,1.1006,1.1028,1.0989,0.001362893,-0.000363306,0.000635151,-0.000545703,1.109095,1.10965,1.111805,1.10715,-0.000453389,-0.00029625,-0.00050744,-0.000342217,1.1036
11/15/2019,1.105,1.1022,1.1058,1.1014,0.00263134,0.001453752,0.002720348,0.002275002,1.1085,1.109135,1.11123,1.10665,-0.000533115,-0.000462905,-0.000515036,-0.000449886,1.106525
11/18/2019,1.107,1.1052,1.1091,1.1048,0.001809955,0.002721829,0.002984265,0.00308698,1.10811,1.10868,1.110785,1.106205,-0.000348607,-0.000407713,-0.000397148,-0.00039901,1.107425
11/19/2019,1.1078,1.1072,1.1085,1.1062,0.000722674,0.001809627,-0.000540979,0.001267198,1.10788,1.10829,1.11042,1.105925,-0.00020483,-0.000348641,-0.000325807,-0.000250349,1.107125
11/20/2019,1.1072,1.1078,1.1083,1.1052,-0.000541614,0.000541908,-0.000180424,-0.000903996,1.107595,1.108055,1.11013,1.105655,-0.000254385,-0.000209438,-0.00025865,-0.000241582,1.107025
11/21/2019,1.1057,1.1074,1.1098,1.1052,-0.001354769,-0.000361076,0.001353424,0,1.10736,1.10777,1.1098,1.105455,-0.000209804,-0.000254458,-0.000294201,-0.000178553,1.10455
11/22/2019,1.1022,1.1059,1.1087,1.1014,-0.003165416,-0.001354524,-0.00099117,-0.003438292,1.10708,1.107545,1.109615,1.10516,-0.000251,-0.000200902,-0.000164612,-0.00026482,1.10185
11/25/2019,1.1013,1.1024,1.1033,1.1004,-0.000816549,-0.003164843,-0.004870569,-0.000907935,1.106655,1.107255,1.10924,1.104805,-0.000382097,-0.00026008,-0.000336224,-0.000319248,1.101625
11/26/2019,1.1018,1.1014,1.1027,1.1006,0.000454009,-0.000907112,-0.000543823,0.000181752,1.106195,1.10683,1.108775,1.10447,-0.00041346,-0.000382137,-0.00041743,-0.000301131,1.100875
11/27/2019,1.0998,1.102,1.1026,1.0991,-0.001815211,0.000544761,-9.06865E-05,-0.001362893,1.105445,1.10637,1.10814,1.104025,-0.000675238,-0.000413463,-0.000570346,-0.000400884,1.1006
11/28/2019,1.1007,1.0999,1.1019,1.0999,0.000818331,-0.001905626,-0.000634863,0.000727868,1.10473,1.10561,1.107355,1.10337,-0.000643291,-0.00068423,-0.0007052,-0.000590122,1.100825
11/29/2019,1.1015,1.1008,1.1029,1.0981,0.00072681,0.000818256,0.000907523,-0.001636512,1.10398,1.10489,1.10664,1.102635,-0.000674215,-0.000647801,-0.000641929,-0.000662963,1.1046
12/2/2019,1.1077,1.1014,1.109,1.1003,0.005628688,0.000545058,0.005530873,0.002003461,1.103735,1.10413,1.10621,1.10203,-0.000218128,-0.000683317,-0.000383287,-0.000544818,1.107975
12/3/2019,1.1081,1.1079,1.1094,1.1065,0.000361109,0.00590158,0.000360685,0.005634827,1.10377,1.103885,1.105975,1.10204,3.36143E-05,-0.000218079,-0.000208667,1.11057E-05,1.108525
12/4/2019,1.1076,1.1082,1.1117,1.1066,-0.000451223,0.000270783,0.002073193,9.03751E-05,1.103825,1.10392,1.10609,1.10205,5.16889E-05,3.35984E-05,0.000105925,1.11049E-05,1.109175
12/5/2019,1.1102,1.1079,1.1109,1.1077,0.002347418,-0.000270709,-0.000719619,0.000994036,1.10409,1.103985,1.106175,1.10226,0.00024136,6.0695E-05,7.89581E-05,0.000191862,1.107825
12/6/2019,1.1057,1.1105,1.1111,1.104,-0.004053324,0.002346782,0.000180034,-0.003340255,1.104295,1.10426,1.10645,1.10238,0.000188028,0.000250328,0.000250239,0.000110939,1.106175
12/9/2019,1.1062,1.1054,1.1079,1.1052,0.000452202,-0.004592526,-0.002880029,0.001086957,1.104445,1.10442,1.106625,1.10256,0.000138017,0.000147398,0.000160507,0.000165287,1.107925
12/10/2019,1.1092,1.1064,1.1099,1.1062,0.002711987,0.00090465,0.001805217,0.000904814,1.10487,1.104575,1.10692,1.10286,0.000386923,0.00014273,0.000268877,0.000274072,1.110875
12/11/2019,1.1128,1.1092,1.1146,1.1069,0.003245582,0.00253073,0.004234616,0.000632797,1.10548,1.104985,1.107545,1.10323,0.000553745,0.0003735,0.000566658,0.000337524,1.1129
12/12/2019,1.1128,1.113,1.1155,1.1103,0,0.003425893,0.000807465,0.003071642,1.106015,1.105605,1.10818,1.1038,0.0004856,0.00056296,0.000575274,0.000518391,1.114025
12/13/2019,1.1119,1.113,1.1201,1.1111,-0.000808771,0,0.004123711,0.000720526,1.10636,1.106145,1.108895,1.104285,0.000313594,0.000490272,0.000645442,0.000440667,1.113625
12/16/2019,1.1142,1.1122,1.1159,1.1122,0.002068531,-0.000718778,-0.003749665,0.00099001,1.10672,1.106495,1.109235,1.104655,0.000326523,0.000318242,0.000308746,0.000335819,1.1149
12/17/2019,1.1149,1.1143,1.1176,1.1128,0.000628253,0.00188815,0.001523434,0.000539471,1.107075,1.10685,1.10969,1.104985,0.000321802,0.000322168,0.000411966,0.000299433,1.11315
12/18/2019,1.1111,1.115,1.1155,1.111,-0.003408377,0.000628197,-0.001879026,-0.001617541,1.10727,1.10721,1.11005,1.105275,0.000178464,0.000326482,0.000327036,0.000263755,1.112125
12/19/2019,1.112,1.1113,1.1145,1.1107,0.000810008,-0.003318386,-0.000896459,-0.000270027,1.107585,1.107405,1.110285,1.10555,0.000286703,0.000178617,0.000214542,0.000250254,1.109825
12/20/2019,1.1078,1.1122,1.1127,1.1066,-0.003776978,0.000809862,-0.001615074,-0.003691366,1.107865,1.10772,1.110485,1.10581,0.000256125,0.000286836,0.000183347,0.0002376,1.1083
12/23/2019,1.1086,1.1081,1.1096,1.1069,0.000722152,-0.003686387,-0.002786016,0.000271101,1.10823,1.108005,1.1108,1.106135,0.00033306,0.000260759,0.000287575,0.000296552,1.1085
12/24/2019,1.1087,1.1089,1.1095,1.1069,9.02039E-05,0.000721957,-9.01226E-05,0,1.108575,1.10838,1.11114,1.10645,0.00031487,0.000342212,0.00031026,0.000287464,1.108975
12/25/2019,1.109,1.1089,1.1107,1.1073,0.000270587,0,0.001081568,0.00036137,1.109035,1.108725,1.111545,1.10686,0.000419159,0.000314974,0.000368872,0.000373678,1.109475
12/26/2019,1.1096,1.1091,1.111,1.1082,0.000541028,0.000180359,0.0002701,0.000812788,1.10948,1.109185,1.112,1.107275,0.000405294,0.000419273,0.00041412,0.000377924,1.1139
12/27/2019,1.1175,1.1096,1.1189,1.1096,0.007119683,0.000450816,0.007110711,0.00126331,1.11028,1.109625,1.1128,1.10785,0.000724938,0.000400901,0.00072428,0.000522915,1.119125
12/30/2019,1.1197,1.1175,1.1223,1.117,0.00196868,0.007119683,0.003038699,0.00666907,1.11088,1.11043,1.113465,1.108685,0.000541938,0.000729633,0.000599671,0.000756195,1.121125
12/31/2019,1.121,1.1198,1.124,1.1197,0.001161025,0.002058166,0.001514747,0.002417189,1.111525,1.111025,1.114195,1.109345,0.000581933,0.000537462,0.000657374,0.000595313,1.12125
1/1/2020,1.121,1.1212,1.1223,1.1205,0,0.001250223,-0.001512456,0.000714477,1.112195,1.111675,1.114725,1.11004,0.000604495,0.000586434,0.000478092,0.000626518,1.1193
1/2/2020,1.117,1.1212,1.1227,1.1163,-0.003568243,0,0.000356411,-0.003748327,1.112535,1.11234,1.115315,1.11047,0.000308712,0.000599969,0.000531893,0.0003894,1.1159
1/3/2020,1.1158,1.1172,1.1181,1.1125,-0.001074306,-0.003567606,-0.004097266,-0.003404103,1.11304,1.112675,1.115665,1.110895,0.000457662,0.00030425,0.000318028,0.000386208,1.118075
1/6/2020,1.1193,1.1168,1.1207,1.1155,0.003136763,-0.000358038,0.002325373,0.002696629,1.113695,1.113245,1.116305,1.11141,0.00059189,0.000515974,0.000578298,0.000466691,1.11695
1/7/2020,1.1151,1.1197,1.1198,1.1132,-0.003752345,0.002596705,-0.00080307,-0.002061856,1.11399,1.11391,1.1168,1.11176,0.000268674,0.000600577,0.000447884,0.000318358,1.1132
1/8/2020,1.1103,1.1154,1.1169,1.1102,-0.004304547,-0.003840314,-0.002589748,-0.002694934,1.113865,1.11422,1.116915,1.111925,-0.000108833,0.000282025,0.000106666,0.000151971,1.110625
1/9/2020,1.1105,1.1106,1.1122,1.1092,0.000180131,-0.004303389,-0.004208076,-0.000900739,1.11375,1.1141,1.11675,1.11187,-9.9826E-05,-0.000104439,-0.000144111,-4.66476E-05,1.111025
1/10/2020,1.112,1.1106,1.113,1.1085,0.001350743,0,0.000719295,-0.000631085,1.113755,1.11398,1.116395,1.11174,8.14964E-06,-0.000104439,-0.000314332,-0.000114228,1.112925
1/13/2020,1.1133,1.1125,1.1147,1.1112,0.001169065,0.001710787,0.001527403,0.002435724,1.11371,1.113995,1.116335,1.11169,-3.68237E-05,1.70392E-05,-5.04786E-05,-4.19424E-05,1.1128
1/14/2020,1.1127,1.1135,1.1146,1.1104,-0.000538938,0.000898876,-8.97102E-05,-0.000719942,1.1136,1.113955,1.116185,1.11157,-9.51833E-05,-3.24245E-05,-0.000131136,-0.000104913,1.11405
1/15/2020,1.1149,1.113,1.1165,1.1118,0.001977173,-0.000449035,0.001704647,0.001260807,1.11379,1.113855,1.116235,1.11161,0.000174094,-8.62861E-05,4.80479E-05,3.90043E-05,1.114675
1/16/2020,1.1135,1.1151,1.1173,1.1128,-0.001255718,0.001886792,0.000716525,0.000899442,1.113865,1.114045,1.116375,1.111715,7.08079E-05,0.000173973,0.000128697,9.74778E-05,1.11135
1/17/2020,1.1088,1.1136,1.1144,1.1086,-0.004220925,-0.001345171,-0.002595543,-0.003774263,1.113915,1.114115,1.11646,1.111815,4.86106E-05,6.62212E-05,7.96737E-05,9.33329E-05,1.10915
1/20/2020,1.1094,1.1092,1.1104,1.1076,0.000541126,-0.003951149,-0.003589375,-0.000902039,1.113955,1.11417,1.1165,1.11185,3.95593E-05,5.29831E-05,3.95057E-05,3.46759E-05,1.109425
1/21/2020,1.1082,1.1095,1.1119,1.1081,-0.001081666,0.000270465,0.001350865,0.000451427,1.11393,1.1142,1.11662,1.11191,-1.90342E-05,3.04085E-05,0.000111555,5.72473E-05,1.108575
1/22/2020,1.1091,1.1084,1.1099,1.1069,0.000812128,-0.000991438,-0.001798723,-0.001082935,1.113935,1.114175,1.11658,1.11189,8.04281E-06,-1.91634E-05,-3.24595E-05,-1.4968E-05,1.107225
1/23/2020,1.1052,1.1092,1.1109,1.1036,-0.003516365,0.000721761,0.000900982,-0.002981299,1.113715,1.11418,1.116575,1.11166,-0.000194827,7.90674E-06,-9.15401E-07,-0.000204672,1.104
1/24/2020,1.1023,1.1054,1.1063,1.102,-0.002623959,-0.003425893,-0.004140787,-0.001449801,1.112955,1.11397,1.115945,1.11128,-0.000682009,-0.000185929,-0.00056349,-0.000340328,1.102125
1/27/2020,1.1016,1.1021,1.1039,1.1009,-0.000635036,-0.002985345,-0.002169393,-0.000998185,1.11205,1.1132,1.115025,1.110475,-0.000812195,-0.00069118,-0.000823895,-0.000723691,1.101575
1/28/2020,1.102,1.1019,1.1026,1.0998,0.000363108,-0.000181472,-0.001177643,-0.000999182,1.1111,1.112305,1.113955,1.10948,-0.000852091,-0.000803162,-0.000958514,-0.000894509,1.101275
1/29/2020,1.1009,1.1022,1.1029,1.0991,-0.000998185,0.000272257,0.000272084,-0.000636479,1.110095,1.111355,1.112985,1.10841,-0.000902,-0.00085206,-0.000869287,-0.000962057,1.10215
1/30/2020,1.103,1.101,1.104,1.1006,0.00190753,-0.001088732,0.000997371,0.001364753,1.109395,1.110345,1.11205,1.107625,-0.000628211,-0.000906497,-0.000837239,-0.000706403,1.10595
1/31/2020,1.1093,1.1032,1.1097,1.1016,0.005711695,0.001998183,0.005163043,0.000908595,1.10907,1.109645,1.11163,1.10708,-0.000288911,-0.000628207,-0.000374224,-0.000490768,1.107025
2/3/2020,1.1058,1.1092,1.1096,1.1035,-0.003155143,0.005438724,-9.01144E-05,0.001724764,1.108395,1.109265,1.111075,1.10648,-0.000603506,-0.000338369,-0.000494998,-0.000539361,1.105
2/4/2020,1.1042,1.106,1.1065,1.1033,-0.001446916,-0.002884962,-0.0027938,-0.000181242,1.10785,1.10858,1.11041,1.105985,-0.000488235,-0.000612453,-0.000594535,-0.000445331,1.102075
2/5/2020,1.0997,1.1045,1.1048,1.0993,-0.004075349,-0.001356239,-0.001536376,-0.003625487,1.10732,1.108035,1.109805,1.10544,-0.000476775,-0.000488249,-0.000541866,-0.000491858,1.09895
2/6/2020,1.098,1.1,1.1014,1.0964,-0.001545876,-0.004074242,-0.00307748,-0.002638042,1.106695,1.107505,1.109265,1.1048,-0.000563075,-0.000476791,-0.000485336,-0.000578724,1.09635
2/7/2020,1.0943,1.0983,1.0986,1.0942,-0.003369763,-0.001545455,-0.002542219,-0.002006567,1.10581,1.10689,1.108545,1.104085,-0.000799101,-0.000554064,-0.000648412,-0.000647498,1.09315
2/10/2020,1.0909,1.0951,1.0959,1.0907,-0.003107009,-0.002913594,-0.002457673,-0.003198684,1.10469,1.10602,1.107605,1.10306,-0.001012904,-0.000785283,-0.000847666,-0.000929218,1.091025
2/11/2020,1.0914,1.0911,1.0926,1.089,0.000458337,-0.003652634,-0.003011224,-0.001558632,1.103625,1.1049,1.106505,1.10199,-0.000963041,-0.001012859,-0.000993742,-0.000971152,1.08945
2/12/2020,1.0871,1.0916,1.0926,1.0865,-0.003939894,0.000458253,0,-0.002295684,1.102235,1.10383,1.10531,1.100725,-0.001258894,-0.000967494,-0.001078974,-0.001148977,1.085925
2/13/2020,1.084,1.0874,1.089,1.0833,-0.002851624,-0.003847563,-0.003294893,-0.002945237,1.10076,1.102445,1.103895,1.09925,-0.001338689,-0.001254212,-0.001279545,-0.001341211,1.084
2/14/2020,1.083,1.0841,1.0862,1.0827,-0.000922509,-0.003034762,-0.002571166,-0.000553863,1.09947,1.10097,1.102485,1.097955,-0.001173768,-0.001338692,-0.001278326,-0.001180191,1.083475
2/17/2020,1.0834,1.0832,1.0852,1.0821,0.000369344,-0.000830182,-0.000920641,-0.00055417,1.09817,1.09967,1.101225,1.09668,-0.001182358,-0.001182643,-0.001144889,-0.001162798,1.081325
2/18/2020,1.0791,1.0838,1.0839,1.0785,-0.003968987,0.000553914,-0.001197936,-0.003326864,1.096715,1.098385,1.099825,1.0952,-0.001326724,-0.001168471,-0.001272329,-0.001351712,1.079725
2/19/2020,1.0804,1.0791,1.0812,1.0782,0.001204708,-0.004336593,-0.002491005,-0.000278164,1.09528,1.09692,1.09839,1.093765,-0.001307095,-0.001335729,-0.001306943,-0.001311474,1.0797
2/20/2020,1.0783,1.0806,1.0822,1.0777,-0.001943725,0.001390047,0.000924898,-0.000463736,1.093935,1.09549,1.096955,1.09247,-0.001228463,-0.001302314,-0.001305748,-0.001185595,1.081925
2/21/2020,1.0843,1.0785,1.0865,1.0784,0.005564314,-0.001943365,0.003973388,0.000649531,1.093035,1.094145,1.095965,1.09129,-0.000819049,-0.001228188,-0.000900039,-0.001080629,1.084275
2/24/2020,1.0852,1.0841,1.0873,1.0805,0.000830029,0.005192397,0.000736309,0.001947329,1.092215,1.093245,1.095135,1.09027,-0.000745796,-0.000819301,-0.000754754,-0.000933353,1.086325
2/25/2020,1.0879,1.0854,1.0891,1.0829,0.002488021,0.001199151,0.001655477,0.002221194,1.09151,1.09242,1.09446,1.089425,-0.00063955,-0.00075027,-0.000613098,-0.000772334,1.088075
2/26/2020,1.0879,1.0881,1.0909,1.0854,0,0.002487562,0.001652741,0.002308616,1.09086,1.091715,1.09386,1.08874,-0.000589641,-0.000639504,-0.000544065,-0.00062508,1.0941
2/27/2020,1.0998,1.0881,1.1006,1.0879,0.010938505,0,0.008891741,0.002303298,1.0907,1.09107,1.09369,1.088105,-0.000138092,-0.000585068,-0.000149346,-0.000578152,1.100775
2/28/2020,1.1025,1.1001,1.1054,1.0951,0.002454992,0.011028398,0.004361257,0.006618255,1.09036,1.090915,1.093475,1.08778,-0.000300927,-0.000133557,-0.000189436,-0.000292669,1.108125
3/2/2020,1.1132,1.1003,1.1187,1.1003,0.009705215,0.000181802,0.012031844,0.004748425,1.09073,1.09047,1.09393,1.08762,0.000342091,-0.000396403,0.000416662,-0.000141486,1.115325
3/3/2020,1.1171,1.1133,1.1214,1.1095,0.003503414,0.01181496,0.002413516,0.008361356,1.091375,1.090835,1.094675,1.08793,0.000589607,0.000338593,0.000677028,0.000285644,1.1147
3/4/2020,1.1134,1.1172,1.1188,1.1094,-0.003312148,0.003503099,-0.00231853,-9.01307E-05,1.09206,1.09147,1.095375,1.088435,0.000627767,0.00058156,0.00063792,0.000462411,1.1185
3/5/2020,1.1239,1.1136,1.1246,1.1119,0.009430573,-0.003222342,0.005184126,0.00225347,1.093355,1.09215,1.096535,1.08921,0.00117659,0.000624155,0.001051,0.000706987,1.127275
3/6/2020,1.1285,1.1238,1.1356,1.1212,0.004092891,0.009159483,0.009781256,0.008364062,1.095065,1.093425,1.098385,1.09056,0.001549722,0.001159402,0.001667174,0.001225519,1.137925
3/9/2020,1.1447,1.1292,1.1494,1.1284,0.014355339,0.004805125,0.012152166,0.006421691,1.097755,1.09513,1.10106,1.092445,0.00242284,0.001545338,0.002397666,0.001706537,1.136475
3/10/2020,1.1279,1.1446,1.1459,1.1275,-0.014676334,0.013637974,-0.003045067,-0.00079759,1.09958,1.097805,1.103725,1.09437,0.001666106,0.002409868,0.002395974,0.001744589,1.129325
3/11/2020,1.1267,1.1281,1.1368,1.1257,-0.001063924,-0.014415516,-0.007941356,-0.001596452,1.10156,1.09963,1.105935,1.09633,0.001809905,0.001666179,0.001998906,0.001779551,1.121025
3/12/2020,1.1183,1.1269,1.1334,1.1055,-0.007455401,-0.001063735,-0.002990852,-0.01794439,1.103275,1.101605,1.108155,1.09744,0.001579716,0.001805371,0.002014108,0.001029593,1.114175
3/13/2020,1.1105,1.1185,1.1223,1.1054,-0.006974873,-0.007454078,-0.009793542,-9.04568E-05,1.10465,1.103325,1.10996,1.098575,0.001277098,0.001584405,0.00165299,0.001052764,1.113725
3/16/2020,1.1181,1.1085,1.1237,1.1046,0.006843764,-0.008940545,0.001247438,-0.00072372,1.106385,1.10459,1.111885,1.0997,0.001600819,0.001178887,0.001761393,0.001044286,1.1081
3/17/2020,1.0996,1.1183,1.119,1.0955,-0.016545926,0.008840776,-0.004182611,-0.008238276,1.10741,1.106315,1.11364,1.10055,0.000971972,0.00159323,0.00161216,0.000798716,1.09395
3/18/2020,1.0913,1.0997,1.1046,1.0802,-0.007548199,-0.016632388,-0.012868633,-0.013966225,1.107955,1.107345,1.11481,1.10065,0.000534326,0.00097844,0.001093278,0.000114313,1.08105
3/19/2020,1.069,1.0915,1.0982,1.0655,-0.020434344,-0.007456579,-0.005793953,-0.013608591,1.10749,1.10789,1.11561,1.10004,-0.000390205,0.000536109,0.000757336,-0.00054293,1.071375
3/20/2020,1.0694,1.0692,1.0832,1.0637,0.000374181,-0.0204306,-0.013658714,-0.001689348,1.106745,1.107425,1.115445,1.099305,-0.000649711,-0.000388253,-0.000124269,-0.000659874,1.072075
3/23/2020,1.0721,1.0696,1.0829,1.0637,0.00252478,0.000374111,-0.000276957,0,1.10609,1.1067,1.115225,1.098465,-0.000564974,-0.000629167,-0.000174933,-0.000757241,1.0781
3/24/2020,1.0787,1.0726,1.0889,1.0722,0.006156142,0.002804787,0.005540678,0.007990975,1.10563,1.10606,1.115215,1.09793,-0.000381568,-0.000548885,1.93274E-05,-0.000468752,1.0831
3/25/2020,1.088,1.0789,1.0894,1.0761,0.008621489,0.005873578,0.000459179,0.003637381,1.105635,1.1056,1.11514,1.097465,4.95068E-05,-0.000379585,-4.03507E-05,-0.000402313,1.09595
3/26/2020,1.1028,1.0881,1.106,1.0869,0.013602941,0.008527204,0.015237746,0.010036242,1.105785,1.1056,1.11541,1.097415,0.000182729,4.67756E-05,0.00027695,-1.56661E-05,1.10675
3/27/2020,1.114,1.103,1.1147,1.0953,0.010155967,0.013693594,0.007866184,0.007728402,1.10636,1.105745,1.115875,1.097425,0.000567777,0.000180035,0.000452196,3.98412E-05,1.108425
3/30/2020,1.1046,1.1136,1.1145,1.101,-0.008438061,0.009610154,-0.00017942,0.005204054,1.10593,1.10641,1.115665,1.09746,-0.000339386,0.000651453,-0.000158367,6.26226E-05,1.1015
3/31/2020,1.1029,1.1049,1.1056,1.0926,-0.001539019,-0.0078125,-0.007985644,-0.007629428,1.10522,1.10599,1.114875,1.096615,-0.000591508,-0.00032992,-0.000678325,-0.000736917,1.0984
4/1/2020,1.0962,1.1031,1.104,1.0903,-0.006074893,-0.001629107,-0.001447178,-0.00210507,1.10436,1.105285,1.114135,1.09566,-0.000729645,-0.00058653,-0.000634758,-0.000837664,1.090275
4/2/2020,1.0856,1.0964,1.097,1.0821,-0.009669768,-0.006073792,-0.00634058,-0.007520866,1.102445,1.104425,1.112755,1.09417,-0.001684662,-0.000729103,-0.001210993,-0.00132638,1.082575
4/3/2020,1.0808,1.0858,1.0865,1.0772,-0.004421518,-0.009668004,-0.009571559,-0.004528232,1.10006,1.102525,1.1103,1.09197,-0.002110383,-0.001670477,-0.002178634,-0.001970995,1.080225
4/6/2020,1.0791,1.0814,1.0836,1.0768,-0.001572909,-0.004052312,-0.002669121,-0.000371333,1.09678,1.100135,1.10701,1.08939,-0.002906795,-0.002113349,-0.002919698,-0.002310646,1.0848
4/7/2020,1.0889,1.0793,1.0926,1.0784,0.009081642,-0.001941927,0.008305648,0.001485884,1.09483,1.09687,1.104345,1.086935,-0.001718896,-0.002892344,-0.002352162,-0.002196473,1.087
4/8/2020,1.0856,1.0891,1.0904,1.0829,-0.003030581,0.009079959,-0.002013546,0.004172849,1.092775,1.09492,1.102025,1.084795,-0.001817229,-0.00171757,-0.002055772,-0.001908008,1.08945
4/9/2020,1.0927,1.0857,1.0953,1.0841,0.006540162,-0.003121844,0.004493764,0.001108136,1.091495,1.09286,1.10012,1.083725,-0.001117451,-0.001820476,-0.001681541,-0.000955381,1.093425
4/10/2020,1.0935,1.093,1.0953,1.0919,0.000732131,0.006723773,0,0.007194908,1.090645,1.091585,1.09877,1.08305,-0.000732101,-0.001111583,-0.001191864,-0.000591113,1.092875
4/13/2020,1.0913,1.0942,1.0968,1.0892,-0.002011888,0.001097896,0.001369488,-0.002472754,1.089305,1.09087,1.097425,1.08228,-0.001174884,-0.000609661,-0.001185761,-0.000678565,1.094625
4/14/2020,1.0979,1.0914,1.0988,1.0904,0.006047833,-0.002558947,0.001823487,0.001101726,1.08922,1.089525,1.096415,1.082025,-4.51956E-05,-0.001179647,-0.000885457,-0.000211565,1.0934
4/15/2020,1.0907,1.0981,1.0991,1.0857,-0.006557974,0.006138904,0.000273025,-0.004310345,1.08919,1.089445,1.09614,1.0823,4.31561E-06,-4.10826E-05,-0.000228374,0.000271229,1.0869
4/16/2020,1.0835,1.0911,1.0913,1.0817,-0.006601265,-0.006374647,-0.007096715,-0.003684259,1.089915,1.089425,1.095795,1.08311,0.00069597,1.3014E-05,-0.000293512,0.000767446,1.085425
4/17/2020,1.0876,1.0835,1.0894,1.0812,0.003784033,-0.006965448,-0.001741043,-0.000462235,1.090825,1.09014,1.096105,1.083985,0.000866462,0.000686272,0.000302372,0.000828802,1.0869
4/20/2020,1.0862,1.0875,1.0898,1.0841,-0.001287238,0.00369174,0.000367175,0.002682205,1.09153,1.091035,1.09645,1.085005,0.000675861,0.000852153,0.000334578,0.000962912,1.0854
4/21/2020,1.0856,1.0862,1.0882,1.0816,-0.000552384,-0.001195402,-0.001468159,-0.00230606,1.091875,1.091715,1.096415,1.085475,0.000340435,0.000652144,-1.58635E-05,0.00044806,1.084175
4/22/2020,1.0822,1.0857,1.0886,1.0802,-0.003131909,-0.00046032,0.000367579,-0.001294379,1.091585,1.092055,1.096375,1.08568,-0.000247235,0.000335449,-2.04435E-05,0.000201472,1.0801
4/23/2020,1.0776,1.0824,1.0848,1.0756,-0.004250601,-0.003039514,-0.003490722,-0.004258471,1.090325,1.09177,1.095315,1.085115,-0.001139912,-0.000242887,-0.000956867,-0.000513263,1.078875
4/24/2020,1.082,1.0778,1.0831,1.0726,0.004083148,-0.004249815,-0.001567109,-0.002789141,1.088725,1.09051,1.093735,1.08398,-0.001443553,-0.001140058,-0.001428532,-0.001039141,1.0827
4/27/2020,1.0828,1.0809,1.0863,1.0808,0.000739372,0.002876229,0.002954483,0.007644975,1.087635,1.088875,1.092325,1.08297,-0.000984681,-0.001476754,-0.001271836,-0.000917095,1.083675
4/28/2020,1.0818,1.0829,1.089,1.081,-0.000923532,0.00185031,0.002485501,0.000185048,1.08658,1.087775,1.091495,1.08239,-0.000953907,-0.000993613,-0.000748279,-0.000526371,1.084925
4/29/2020,1.0873,1.082,1.0886,1.0818,0.005084119,-0.000831102,-0.000367309,0.000740056,1.086135,1.08672,1.090725,1.081965,-0.000395956,-0.000953713,-0.000694286,-0.000384114,1.090825
4/30/2020,1.0955,1.0872,1.0973,1.0833,0.007541617,0.004805915,0.007991916,0.001386578,1.08663,1.08626,1.09074,1.082025,0.000464613,-0.000409728,2.23391E-05,6.12577E-05,1.0973
5/1/2020,1.0983,1.0956,1.1019,1.0934,0.002555911,0.007726269,0.004192108,0.009323364,1.087505,1.08675,1.09151,1.082835,0.000813484,0.000459986,0.000710522,0.000753838,1.094075
5/4/2020,1.0906,1.0981,1.0981,1.0895,-0.007010835,0.002281855,-0.003448589,-0.003566856,1.08808,1.087585,1.092235,1.08347,0.000541588,0.000776694,0.000671549,0.000594061,1.0874
5/5/2020,1.0838,1.0907,1.0926,1.0825,-0.0062351,-0.006738913,-0.005008651,-0.006424966,1.087825,1.088155,1.092235,1.083675,-0.000224249,0.000536845,5.83406E-06,0.000198519,1.081525
5/6/2020,1.0794,1.0837,1.0848,1.0782,-0.00405979,-0.006417897,-0.007138935,-0.003972286,1.087515,1.087885,1.091955,1.08344,-0.00027571,-0.000238048,-0.000250435,-0.000208738,1.0807
5/7/2020,1.0832,1.0795,1.0835,1.0766,0.003520474,-0.003875611,-0.001198378,-0.001483955,1.08704,1.087575,1.091365,1.083065,-0.000426694,-0.000275736,-0.000535042,-0.000338342,1.0841
5/8/2020,1.084,1.0833,1.0877,1.0814,0.000738552,0.003520148,0.003876327,0.00445848,1.086565,1.08709,1.090985,1.08254,-0.000426373,-0.000435917,-0.000341226,-0.000475164,1.0824
5/11/2020,1.0806,1.0838,1.0851,1.0801,-0.003136531,0.000461553,-0.002390365,-0.001202145,1.08603,1.08657,1.0904,1.082085,-0.000482605,-0.000467735,-0.000529219,-0.000411633,1.083075
5/12/2020,1.0846,1.0807,1.0886,1.0784,0.003701647,-0.002860306,0.003225509,-0.001573928,1.085365,1.086035,1.08989,1.081485,-0.000599914,-0.000482803,-0.000459118,-0.000545416,1.0843
5/13/2020,1.0816,1.0848,1.0897,1.0811,-0.002765997,0.003793837,0.001010472,0.002503709,1.08491,1.08537,1.08942,1.081255,-0.000410315,-0.000600056,-0.000422245,-0.000204713,1.08055
5/14/2020,1.0804,1.0819,1.0825,1.0774,-0.001109467,-0.002673304,-0.006607323,-0.00342244,1.084755,1.08491,1.08898,1.08104,-0.000135726,-0.000414989,-0.000397776,-0.000191622,1.0815
5/15/2020,1.0815,1.0805,1.0851,1.0789,0.001018141,-0.00129402,0.002401848,0.001392241,1.08445,1.08476,1.088765,1.080925,-0.00027402,-0.000131417,-0.000190631,-9.88986E-05,1.0864
5/18/2020,1.0912,1.0816,1.0928,1.08,0.008969025,0.001018047,0.00709612,0.001019557,1.0847,1.084465,1.088915,1.08072,0.000238793,-0.000265102,0.000145816,-0.000182031,1.09285
5/19/2020,1.0921,1.0913,1.0978,1.0902,0.00082478,0.008968195,0.004575403,0.009444444,1.085025,1.08472,1.089395,1.08115,0.000307651,0.000243078,0.000447994,0.000405494,1.095575
5/20/2020,1.0977,1.0928,1.1,1.0918,0.005127736,0.001374507,0.002004008,0.001467621,1.0858,1.085075,1.089965,1.08173,0.000720633,0.000334819,0.000529816,0.000543594,1.0969
5/21/2020,1.0949,1.098,1.101,1.0937,-0.002550788,0.004758419,0.000909091,0.001740245,1.086665,1.085855,1.090775,1.082635,0.000805624,0.000724716,0.000749806,0.00084353,1.092375
5/22/2020,1.09,1.0949,1.0961,1.0885,-0.004475295,-0.002823315,-0.0044505,-0.004754503,1.087065,1.08671,1.091425,1.08343,0.000377702,0.000796041,0.000605637,0.000745262,1.089675
5/25/2020,1.0899,1.0903,1.0915,1.087,-9.17431E-05,-0.004201297,-0.004196697,-0.001378043,1.08742,1.08718,1.091685,1.08374,0.000336146,0.000442165,0.000248078,0.000294111,1.094225
5/26/2020,1.098,1.09,1.0997,1.0892,0.007431874,-0.000275154,0.007512597,0.002023919,1.08823,1.087535,1.09222,1.08415,0.000753917,0.000335891,0.000499433,0.000386055,1.098775
5/27/2020,1.1003,1.0983,1.1031,1.0934,0.002094718,0.007614679,0.003091752,0.003856041,1.08888,1.08835,1.092945,1.08473,0.000604446,0.00075818,0.000672386,0.000541854,1.10415
5/28/2020,1.1076,1.1005,1.1094,1.0991,0.006634554,0.002003096,0.005711178,0.005213097,1.089485,1.089015,1.09355,1.08552,0.000559093,0.000618039,0.000558349,0.00073318,1.109775
5/29/2020,1.1098,1.1078,1.1146,1.1069,0.001986277,0.006633348,0.004687218,0.007096715,1.09006,1.089625,1.094185,1.086195,0.000530612,0.000563393,0.000583104,0.000621847,1.112025
6/1/2020,1.1134,1.1096,1.1155,1.1096,0.003243828,0.001624842,0.000807465,0.002439245,1.0912,1.0902,1.095055,1.0872,0.001043345,0.000530543,0.000795907,0.000922152,1.11545
6/2/2020,1.1169,1.1137,1.1197,1.1115,0.003143524,0.003695025,0.003765128,0.001712329,1.092855,1.09135,1.09641,1.08865,0.001512276,0.00105224,0.001234596,0.001329017,1.120725
6/3/2020,1.1232,1.1172,1.1258,1.1167,0.005640612,0.003142678,0.005447888,0.004678363,1.095045,1.093025,1.09846,1.090575,0.001997296,0.001530268,0.001863937,0.00176155,1.1282
6/4/2020,1.1336,1.1234,1.1363,1.1195,0.009259259,0.005549588,0.009326701,0.002507388,1.097565,1.09522,1.1011,1.09272,0.002284235,0.002001528,0.002390191,0.001961117,1.132125
6/5/2020,1.1284,1.1338,1.1385,1.1278,-0.004587156,0.009257611,0.001936108,0.007414024,1.099785,1.097745,1.10364,1.09504,0.00201795,0.002288402,0.00229318,0.002108894,1.12925
6/8/2020,1.1292,1.1289,1.1321,1.1268,0.000708968,-0.00432175,-0.005621432,-0.000886682,1.102215,1.1,1.10599,1.097375,0.002210225,0.002049236,0.002131627,0.002124667,1.1311
6/9/2020,1.134,1.1297,1.1366,1.1241,0.004250797,0.000708654,0.003974914,-0.002396166,1.104685,1.10245,1.10839,1.09966,0.002237682,0.002227684,0.002169097,0.002083555,1.136375
6/10/2020,1.1369,1.134,1.1423,1.1323,0.002557319,0.00380632,0.005014957,0.007294725,1.10745,1.10491,1.11102,1.10222,0.002503848,0.002228309,0.002369321,0.002323106,1.134075
6/11/2020,1.1297,1.1374,1.1404,1.1288,-0.006333011,0.002998236,-0.001663311,-0.003091054,1.109915,1.107685,1.113915,1.10479,0.002242671,0.002511886,0.002616522,0.002339675,1.12765
6/12/2020,1.1254,1.1299,1.1341,1.1212,-0.00380632,-0.006593986,-0.005524377,-0.006732814,1.11211,1.110155,1.116365,1.106905,0.002001448,0.002246887,0.002220211,0.001933423,1.1282
6/15/2020,1.1322,1.1246,1.1334,1.1226,0.006042296,-0.004690681,-0.00061723,0.001248662,1.11416,1.112305,1.118395,1.109035,0.001855112,0.001961451,0.001834543,0.001944878,1.129225
6/16/2020,1.1263,1.1325,1.1353,1.1228,-0.005211093,0.00702472,0.001676372,0.000178158,1.11587,1.114365,1.12027,1.110665,0.001553318,0.001864277,0.001689592,0.001481563,1.12525
6/17/2020,1.1243,1.1265,1.1295,1.1207,-0.001775726,-0.005298013,-0.005108782,-0.001870324,1.1172,1.11605,1.121745,1.11211,0.001208145,0.001530651,0.001333952,0.001314666,1.1224
6/18/2020,1.1202,1.1244,1.1264,1.1186,-0.003646714,-0.001864181,-0.002744577,-0.001873829,1.118465,1.11737,1.123015,1.113355,0.001153349,0.001199521,0.001151269,0.001133963,1.120075
6/19/2020,1.1175,1.1205,1.1255,1.1168,-0.002410284,-0.003468517,-0.000799006,-0.001609154,1.11984,1.11865,1.124485,1.11477,0.001256599,0.001167261,0.001333843,0.00129123,1.12205
6/22/2020,1.1258,1.1185,1.1271,1.1168,0.007427293,-0.001784917,0.00142159,0,1.121635,1.12006,1.126265,1.11626,0.001632551,0.00128808,0.001614758,0.001360132,1.128725
6/23/2020,1.1306,1.126,1.135,1.1233,0.004263635,0.006705409,0.007009138,0.005820201,1.123265,1.12186,1.12803,1.117965,0.001474139,0.001637108,0.001589585,0.001549946,1.12835
6/24/2020,1.125,1.1309,1.1327,1.1248,-0.004953122,0.004351687,-0.002026432,0.001335351,1.1245,1.12349,1.12951,1.119535,0.001121747,0.001473959,0.001333676,0.001423912,1.123
6/25/2020,1.1217,1.1252,1.1261,1.119,-0.002933333,-0.005040233,-0.005826786,-0.005156472,1.125205,1.124725,1.130345,1.12053,0.000643352,0.001121792,0.000756777,0.000905433,1.121775
6/26/2020,1.1217,1.1218,1.1241,1.1195,0,-0.003021685,-0.001776041,0.000446828,1.1258,1.125425,1.13082,1.12116,0.000544039,0.00063904,0.000433614,0.000572939,1.1243
6/29/2020,1.124,1.1227,1.1289,1.1216,0.002050459,0.000802282,0.004270083,0.001875837,1.12633,1.12608,1.13149,1.12176,0.00048437,0.000597912,0.000606745,0.000544768,1.123175
6/30/2020,1.1231,1.1242,1.1263,1.1191,-0.000800712,0.001336065,-0.002303127,-0.002228959,1.12664,1.126605,1.13182,1.12214,0.000287158,0.000479964,0.000303333,0.000347704,1.123575
7/1/2020,1.125,1.1233,1.1275,1.1185,0.001691746,-0.000800569,0.001065435,-0.000536145,1.12673,1.12691,1.131905,1.12223,8.97151E-05,0.000282802,8.421E-05,8.69787E-05,1.125425
7/2/2020,1.1238,1.1252,1.1304,1.1223,-0.001066667,0.001691445,0.002572062,0.003397407,1.12624,1.127,1.13161,1.12237,-0.000426581,8.98949E-05,-0.000253522,0.00013148,1.124
7/3/2020,1.1248,1.1239,1.1254,1.1219,0.000889838,-0.00115535,-0.004423213,-0.000356411,1.12606,1.126505,1.130955,1.122075,-0.000152731,-0.000430753,-0.000571488,-0.000257042,1.128425
7/6/2020,1.1308,1.1242,1.1347,1.124,0.005334282,0.000266928,0.008263728,0.001871825,1.12614,1.12627,1.131085,1.121935,7.85342E-05,-0.000201319,0.00012277,-0.000119117,1.12925
7/7/2020,1.127,1.1308,1.1334,1.1258,-0.003360453,0.005870841,-0.001145677,0.001601423,1.12579,1.126325,1.130925,1.12202,-0.000302028,5.679E-05,-0.00013326,8.07628E-05,1.130425
7/8/2020,1.1329,1.1273,1.1353,1.1262,0.005235138,-0.003095154,0.001676372,0.000355303,1.12559,1.12599,1.130575,1.121715,-0.000168137,-0.000288284,-0.000300189,-0.000266208,1.13155
7/9/2020,1.1281,1.1329,1.1372,1.128,-0.004236914,0.004967622,0.001673566,0.001598295,1.12551,1.125765,1.130415,1.121675,-6.33326E-05,-0.000189814,-0.000133345,-3.17409E-05,1.129075
7/10/2020,1.1298,1.1285,1.1326,1.1254,0.001506959,-0.003883838,-0.004045023,-0.002304965,1.12573,1.125695,1.13034,1.121885,0.000202331,-5.4307E-05,-5.93772E-05,0.000189652,1.132825
7/13/2020,1.134,1.13,1.1376,1.1297,0.003717472,0.001329198,0.004414621,0.003820864,1.12582,1.125965,1.13055,1.12224,8.60902E-05,0.000246687,0.000192215,0.000318262,1.13685
7/14/2020,1.1396,1.1343,1.141,1.1325,0.004938272,0.00380531,0.002988748,0.002478534,1.126485,1.126055,1.130835,1.122725,0.000593558,8.57164E-05,0.000257834,0.00043328,1.141325
7/15/2020,1.141,1.14,1.1452,1.1391,0.001228501,0.005025126,0.003680982,0.005827815,1.12732,1.12673,1.13162,1.123645,0.00074377,0.000601873,0.000697322,0.000818187,1.140175
7/16/2020,1.1383,1.1411,1.1443,1.137,-0.002366345,0.000964912,-0.000785889,-0.001843561,1.128225,1.127565,1.132515,1.124565,0.000807788,0.000743328,0.000795257,0.000819701,1.1408
7/17/2020,1.1426,1.1384,1.1445,1.1377,0.003777563,-0.002366138,0.000174779,0.000615655,1.12948,1.12846,1.133465,1.12561,0.001117181,0.000798447,0.000843946,0.000930941,1.143125
7/20/2020,1.1444,1.141,1.1469,1.1402,0.001575354,0.002283907,0.002096986,0.002197416,1.13041,1.129585,1.134455,1.12678,0.000824584,0.001001888,0.000877716,0.001040812,1.148425
7/21/2020,1.1526,1.1448,1.154,1.1423,0.007165327,0.003330412,0.006190601,0.001841782,1.13151,1.130525,1.135405,1.12773,0.000969668,0.000833138,0.000836789,0.000841891,1.155125
7/22/2020,1.1568,1.1528,1.1602,1.1507,0.003643935,0.00698812,0.005372617,0.007353585,1.1331,1.13162,1.13678,1.129025,0.001399521,0.00096496,0.001206741,0.001142803,1.158425
7/23/2020,1.1594,1.1575,1.1628,1.154,0.00224758,0.00407703,0.002240993,0.00286782,1.134985,1.133235,1.138615,1.130775,0.001658567,0.001420823,0.00161013,0.001544017,1.162275
7/24/2020,1.1654,1.1597,1.166,1.158,0.005175091,0.001900648,0.002751978,0.003466205,1.13717,1.13513,1.14071,1.1327,0.001917321,0.00166694,0.001836531,0.001694986,1.170425
7/27/2020,1.1751,1.1647,1.1782,1.1637,0.008323322,0.00431146,0.010463122,0.00492228,1.139725,1.13723,1.143175,1.134805,0.002230964,0.001842399,0.002146183,0.001847308,1.173475
7/28/2020,1.1714,1.1753,1.1774,1.1698,-0.003148668,0.009101056,-0.000679002,0.005241901,1.14214,1.139785,1.14573,1.13734,0.002113567,0.002230648,0.002227389,0.002220851,1.1757
7/29/2020,1.179,1.1718,1.1807,1.1713,0.006487963,-0.002977963,0.002802786,0.00128227,1.14484,1.14221,1.14839,1.13998,0.002353377,0.002121779,0.002314257,0.002311772,1.18035
7/30/2020,1.1846,1.1788,1.1849,1.1731,0.004749788,0.005973716,0.003557212,0.001536754,1.14788,1.14489,1.151115,1.14252,0.0026442,0.002335892,0.002363514,0.002218739,1.18225
7/31/2020,1.1774,1.1846,1.191,1.176,-0.006078001,0.004920258,0.005148114,0.002472083,1.15051,1.147925,1.154395,1.145225,0.002295808,0.002639673,0.002842081,0.002360164,1.175925
8/3/2020,1.1761,1.1783,1.1797,1.1696,-0.001104128,-0.005318251,-0.009487825,-0.005442177,1.152775,1.15063,1.156645,1.147505,0.001973888,0.002360414,0.001954503,0.001994464,1.177325
8/4/2020,1.18,1.1765,1.1807,1.1721,0.003316045,-0.001527625,0.000847673,0.002137483,1.155425,1.152915,1.15901,1.14982,0.002307713,0.00199049,0.002054171,0.002021267,1.18405
8/5/2020,1.1861,1.1802,1.1906,1.1793,0.005169492,0.003144921,0.008384856,0.006142821,1.158085,1.15556,1.161775,1.152475,0.00230443,0.002302494,0.002389595,0.002310643,1.186825
8/6/2020,1.1875,1.1863,1.1917,1.1818,0.001180339,0.005168615,0.000923904,0.002119902,1.161055,1.15823,1.1645,1.155165,0.002575293,0.002312544,0.002352112,0.002336723,1.182575
8/7/2020,1.1786,1.1877,1.1885,1.1755,-0.007494737,0.00118014,-0.00268524,-0.005330851,1.163495,1.16119,1.167295,1.15767,0.002125208,0.002565743,0.002420101,0.002185429,1.176575
8/10/2020,1.1736,1.1788,1.1803,1.1736,-0.004242321,-0.007493475,-0.006899453,-0.001616333,1.165475,1.16363,1.16943,1.159865,0.001727219,0.002124609,0.001854397,0.001913569,1.175175
8/11/2020,1.1739,1.1738,1.1808,1.1722,0.000255624,-0.004241602,0.000423621,-0.001192911,1.16719,1.165605,1.17142,1.16185,0.001493086,0.001722263,0.001726141,0.001729997,1.176225
8/12/2020,1.1782,1.174,1.1816,1.1711,0.003663004,0.000170387,0.000677507,-0.000938406,1.16905,1.167305,1.17324,1.16345,0.001614811,0.001479526,0.001575967,0.001391686,1.181075
8/13/2020,1.1812,1.1786,1.1865,1.178,0.002546257,0.003918228,0.004146919,0.005891897,1.171195,1.16918,1.17535,1.1655,0.001860441,0.001627192,0.001822607,0.001778459,1.18225
8/14/2020,1.1841,1.1815,1.1852,1.1782,0.00245513,0.002460546,-0.00109566,0.000169779,1.17327,1.171335,1.177385,1.167525,0.00179432,0.001868526,0.001759085,0.001756165,1.185475
8/17/2020,1.1869,1.184,1.1881,1.1829,0.002364665,0.002115954,0.002446844,0.003989136,1.175395,1.173485,1.179445,1.16966,0.001833785,0.001860129,0.001776578,0.001845751,1.1908
8/18/2020,1.1929,1.1871,1.1967,1.1865,0.005055186,0.002618243,0.007238448,0.003043368,1.17741,1.1756,1.18158,1.17187,0.001728278,0.00182452,0.001828971,0.00190583,1.188775
8/19/2020,1.1836,1.1931,1.1954,1.183,-0.007796127,0.005054334,-0.001086321,-0.002949853,1.17875,1.177615,1.18334,1.173485,0.001156275,0.001727831,0.001506024,0.001390658,1.184225
8/20/2020,1.1859,1.1839,1.187,1.1801,0.001943224,-0.007711005,-0.007026937,-0.002451395,1.180075,1.178935,1.18455,1.17479,0.001141057,0.001138429,0.001042627,0.001124698,1.1823
8/21/2020,1.1795,1.186,1.1883,1.1754,-0.005396745,0.001773798,0.001095198,-0.003982713,1.18078,1.18025,1.185665,1.17566,0.000612466,0.001132087,0.000959788,0.000752252,1.180225
8/24/2020,1.1787,1.1787,1.1851,1.1784,-0.000678253,-0.006155143,-0.002692923,0.002552323,1.18096,1.18095,1.18601,1.176395,0.000162387,0.000608757,0.000301986,0.000633754,1.18135
8/25/2020,1.1833,1.1793,1.1845,1.1783,0.003902605,0.000509035,-0.000506286,-8.48608E-05,1.181555,1.18115,1.186365,1.17682,0.00051495,0.000179156,0.000310622,0.000367416,1.181925
8/26/2020,1.1829,1.1835,1.1841,1.1772,-0.000338038,0.003561435,-0.000337695,-0.000933548,1.18175,1.181735,1.186535,1.177115,0.00017365,0.000506126,0.000153598,0.000256625,1.1829
8/27/2020,1.1821,1.1831,1.1902,1.1762,-0.000676304,-0.000337981,0.005151592,-0.000849473,1.181625,1.18195,1.1868,1.17727,-9.76543E-05,0.000190541,0.000233317,0.000137313,1.186425
8/28/2020,1.1903,1.1822,1.1921,1.1811,0.006936807,-0.000760713,0.00159637,0.004165958,1.18227,1.18183,1.186855,1.177525,0.000553086,-9.35078E-05,5.57297E-05,0.000222007,1.192125
8/31/2020,1.1936,1.1899,1.1967,1.1883,0.00277241,0.00651328,0.003858737,0.006096012,1.183145,1.18241,1.187705,1.17846,0.000746913,0.000498069,0.000723058,0.000798917,1.193975
9/1/2020,1.191,1.1936,1.2013,1.19,-0.002178284,0.003109505,0.003843904,0.001430615,1.183695,1.183265,1.188735,1.179355,0.000472197,0.000729925,0.000872869,0.000763573,1.187925
9/2/2020,1.1853,1.1911,1.1931,1.1822,-0.004785894,-0.002094504,-0.006825939,-0.006554622,1.183655,1.18381,1.18886,1.1795,-2.55727E-05,0.000467954,0.00011233,0.000128701,1.1839
9/3/2020,1.1849,1.1852,1.1866,1.1789,-0.000337467,-0.004953404,-0.005447993,-0.002791406,1.183525,1.183755,1.188605,1.179355,-0.000101463,-3.8147E-05,-0.000206265,-0.000116864,1.18335
9/4/2020,1.1838,1.185,1.1866,1.178,-0.000928348,-0.000168748,0,-0.000763424,1.183785,1.18362,1.18851,1.17948,0.000226856,-0.000105591,-7.20032E-05,0.000111507,1.1828
9/7/2020,1.1817,1.1833,1.185,1.1812,-0.001773948,-0.001434599,-0.00134839,0.002716469,1.18419,1.183845,1.188745,1.17986,0.000350275,0.000197352,0.00020555,0.000328147,1.17975
9/8/2020,1.1779,1.1817,1.1829,1.1765,-0.003215706,-0.001352151,-0.001772152,-0.003979004,1.18439,1.18424,1.18885,1.180075,0.000176709,0.000341825,9.57613E-05,0.000188843,1.179175
9/9/2020,1.1802,1.1777,1.1835,1.1753,0.001952628,-0.003384954,0.000507228,-0.001019975,1.18449,1.184425,1.188945,1.180285,9.11898E-05,0.000164058,8.72473E-05,0.000184764,1.183275
9/10/2020,1.1813,1.1801,1.1917,1.18,0.000932045,0.00203787,0.006928602,0.003998979,1.184495,1.1845,1.189205,1.180385,1.04792E-05,7.004E-05,0.000226331,9.01183E-05,1.183675
9/11/2020,1.1845,1.1814,1.1875,1.1813,0.00270888,0.001101602,-0.003524377,0.001101695,1.184515,1.184495,1.18932,1.18054,2.31667E-05,2.09276E-06,0.000104896,0.000136714,1.185675
9/14/2020,1.1868,1.184,1.1889,1.183,0.001941748,0.002200779,0.001178947,0.001439093,1.18451,1.184495,1.18936,1.180545,2.02084E-06,6.33398E-06,4.15007E-05,9.2119E-06,1.186225
9/15/2020,1.1845,1.1865,1.19,1.1839,-0.001937984,0.002111486,0.000925225,0.000760778,1.18409,1.184465,1.189025,1.180415,-0.000347638,-1.90039E-05,-0.00027416,-0.000104918,1.18335
9/16/2020,1.1814,1.185,1.1883,1.1787,-0.002617138,-0.001264223,-0.001428571,-0.004392263,1.18398,1.18406,1.18867,1.1802,-8.86882E-05,-0.000334932,-0.000291273,-0.000177038,1.181325
9/17/2020,1.1847,1.1816,1.1854,1.1736,0.002793296,-0.002869198,-0.002440461,-0.004326801,1.18392,1.183945,1.18859,1.179875,-4.61846E-05,-9.28414E-05,-6.19492E-05,-0.000270808,1.1846
9/18/2020,1.1837,1.1849,1.1871,1.1827,-0.000844096,0.002792823,0.001434115,0.00775392,1.18413,1.18389,1.18853,1.18024,0.000181448,-4.18901E-05,-4.50034E-05,0.000316023,1.180525
9/21/2020,1.1769,1.1848,1.1873,1.1731,-0.005744699,-8.43953E-05,0.000168478,-0.00811702,1.18404,1.184195,1.18864,1.179975,-7.18744E-05,0.000261647,9.80667E-05,-0.000217444,1.173575
9/22/2020,1.1706,1.1771,1.1774,1.1692,-0.005353046,-0.006498987,-0.008338246,-0.003324525,1.183405,1.184085,1.188285,1.17952,-0.000534657,-8.87538E-05,-0.000293531,-0.000379427,1.168425
9/23/2020,1.1659,1.1708,1.1719,1.1651,-0.004015035,-0.005352137,-0.00467131,-0.003506671,1.182555,1.18345,1.187675,1.178915,-0.000718507,-0.000534432,-0.000510212,-0.000508083,1.166175
9/24/2020,1.1672,1.166,1.1689,1.1626,0.001115018,-0.004099761,-0.002559945,-0.002145739,1.18181,1.182595,1.18661,1.178235,-0.000628941,-0.000722521,-0.000895789,-0.000572897,1.164975
9/25/2020,1.163,1.1671,1.1686,1.1612,-0.003598355,0.000943396,-0.000256652,-0.001204197,1.180445,1.18184,1.185435,1.17724,-0.001155699,-0.000637316,-0.00098844,-0.000841404,1.164875
9/28/2020,1.1664,1.1638,1.1679,1.1614,0.002923474,-0.002827521,-0.000599007,0.000172236,1.179085,1.180535,1.183995,1.175895,-0.001148146,-0.001104356,-0.001211327,-0.001137593,1.170375
9/29/2020,1.1742,1.1666,1.1747,1.166,0.006687243,0.002405912,0.005822416,0.003960737,1.178245,1.179185,1.182665,1.174695,-0.000704869,-0.001139536,-0.001112402,-0.001011087,1.17255
9/30/2020,1.1718,1.1743,1.1756,1.1685,-0.002043945,0.006600377,0.000766153,0.002144082,1.17757,1.178345,1.18179,1.17401,-0.000567772,-0.000704792,-0.000732797,-0.000576152,1.17385
10/1/2020,1.1747,1.1719,1.1771,1.1717,0.002474825,-0.002043771,0.001275944,0.002738554,1.17706,1.17768,1.181315,1.17365,-0.000427157,-0.00055931,-0.0003966,-0.000299654,1.1727
10/2/2020,1.1713,1.1748,1.1751,1.1696,-0.002894356,0.002474614,-0.001699091,-0.001792268,1.176435,1.17717,1.18074,1.17323,-0.000525458,-0.000427142,-0.000481555,-0.000351096,1.175075
10/5/2020,1.1781,1.1716,1.1799,1.1707,0.005805515,-0.002723868,0.004084759,0.000940492,1.176255,1.176585,1.180485,1.172705,-0.000146484,-0.000491605,-0.000209897,-0.000439895,1.176425
10/6/2020,1.1734,1.1782,1.1809,1.1732,-0.003989475,0.005633322,0.000847529,0.002135475,1.17603,1.17641,1.180385,1.17254,-0.000185173,-0.000142332,-7.89132E-05,-0.000134171,1.175075
10/7/2020,1.176,1.1735,1.1783,1.1725,0.002215783,-0.003989136,-0.002201711,-0.000596659,1.17582,1.1762,1.180125,1.1724,-0.000172015,-0.000172541,-0.00021436,-0.000113005,1.17585
10/8/2020,1.1758,1.1762,1.1782,1.1732,-0.000170068,0.00230081,-8.4868E-05,0.000597015,1.175545,1.176005,1.17945,1.17206,-0.000227121,-0.000159394,-0.000565034,-0.000283103,1.179225
10/9/2020,1.1824,1.1759,1.1833,1.1753,0.0056132,-0.000255059,0.004328637,0.001789976,1.17544,1.17573,1.17924,1.17176,-8.19047E-05,-0.000227227,-0.000172383,-0.000248689,1.181175
10/12/2020,1.1813,1.182,1.1828,1.1786,-0.000930311,0.005187516,-0.000422547,0.002807794,1.175165,1.17563,1.178935,1.17154,-0.000225508,-7.789E-05,-0.000252458,-0.000180254,1.177625
10/13/2020,1.1744,1.1813,1.1817,1.1731,-0.005841023,-0.000592217,-0.000929997,-0.004666554,1.17466,1.17537,1.17852,1.171,-0.00042066,-0.000213075,-0.000345219,-0.000451621,1.174575
10/14/2020,1.1746,1.1746,1.1772,1.1719,0.0001703,-0.005671718,-0.003808073,-0.001022931,1.17432,1.17485,1.177965,1.17066,-0.000281288,-0.00043345,-0.000464194,-0.000283154,1.172525
10/15/2020,1.1706,1.1748,1.1759,1.1688,-0.003405415,0.000170271,-0.001104315,-0.002645277,1.173615,1.17451,1.17749,1.17042,-0.000591223,-0.000281476,-0.000397387,-0.000199078,1.171675
10/16/2020,1.1718,1.1708,1.1747,1.1694,0.001025115,-0.003404835,-0.001020495,0.000513347,1.17302,1.173805,1.17687,1.169755,-0.000497763,-0.000591359,-0.000520117,-0.000561107,1.174625
10/19/2020,1.1766,1.1721,1.1795,1.1703,0.004096262,0.001110352,0.00408615,0.000769625,1.173005,1.17317,1.17648,1.169615,-5.71464E-06,-0.000531622,-0.000324233,-0.000116774,1.179775
10/20/2020,1.1821,1.177,1.1841,1.1759,0.004674486,0.004180531,0.003899958,0.004785098,1.17358,1.173165,1.176815,1.16995,0.000495662,2.35393E-06,0.000287677,0.000288707,1.184625
10/21/2020,1.1861,1.1822,1.1881,1.1821,0.003383808,0.004418012,0.003378093,0.005272557,1.17459,1.173735,1.177625,1.1708,0.000865604,0.000490861,0.000690147,0.000727668,1.18395
10/22/2020,1.1816,1.1862,1.1868,1.1812,-0.003793947,0.003383522,-0.001094184,-0.000761357,1.17531,1.174745,1.17852,1.17173,0.000620156,0.000865026,0.000763435,0.000796887,1.183275
10/23/2020,1.1859,1.1819,1.1866,1.1787,0.003639133,-0.003625021,-0.00016852,-0.002116492,1.176455,1.175485,1.17942,1.172605,0.00098203,0.000636605,0.000767842,0.000751273,1.18325
10/26/2020,1.1808,1.1858,1.1861,1.1803,-0.004300531,0.003299772,-0.000421372,0.001357428,1.177175,1.176585,1.18033,1.17355,0.00062083,0.000942969,0.000776723,0.000810532,1.180925
10/27/2020,1.1795,1.181,1.1839,1.1793,-0.001100949,-0.0040479,-0.001854818,-0.000847242,1.17744,1.177305,1.18079,1.174215,0.00023142,0.000620279,0.000392862,0.000570133,1.176375
10/28/2020,1.1744,1.1795,1.1799,1.1717,-0.004323866,-0.00127011,-0.003378664,-0.006444501,1.17757,1.177565,1.181005,1.174375,0.000117424,0.000226754,0.000185621,0.000140704,1.17075
10/29/2020,1.1674,1.1747,1.1759,1.165,-0.00596049,-0.004069521,-0.003390118,-0.005718187,1.177205,1.177705,1.180945,1.17404,-0.000304341,0.000125467,-4.76824E-05,-0.000282133,1.166625
10/30/2020,1.1647,1.1674,1.1705,1.1639,-0.002312832,-0.006214353,-0.004592227,-0.000944206,1.176875,1.177335,1.180715,1.173755,-0.000275265,-0.000308982,-0.000192339,-0.00023973,1.16445
11/2/2020,1.164,1.1658,1.1658,1.1622,-0.000601013,-0.001370567,-0.004015378,-0.001460607,1.17617,1.177045,1.18001,1.17333,-0.000595592,-0.000241316,-0.000597346,-0.000359785,1.168125
11/3/2020,1.1711,1.1641,1.174,1.1633,0.006099656,-0.001458226,0.007033797,0.000946481,1.176055,1.17634,1.179665,1.172835,-9.1135E-05,-0.000595894,-0.000288033,-0.000419235,1.170275
11/4/2020,1.1722,1.1715,1.177,1.1604,0.000939288,0.006356842,0.002555366,-0.002492908,1.175865,1.17624,1.1796,1.17223,-0.00015496,-7.8595E-05,-5.01788E-05,-0.000514047,1.177925
11/5/2020,1.1821,1.1725,1.186,1.1711,0.008445658,0.000853606,0.007646559,0.009220958,1.17618,1.176055,1.17999,1.172125,0.000275827,-0.000150955,0.000336393,-8.28498E-05,1.18465
11/6/2020,1.1872,1.1827,1.1892,1.1795,0.004314356,0.00869936,0.002698145,0.007172744,1.17642,1.176395,1.180285,1.172335,0.000210884,0.000296766,0.000254868,0.000186289,1.18525
11/9/2020,1.1813,1.1881,1.1921,1.1795,-0.004969677,0.004565824,0.002438614,0,1.17642,1.1767,1.18075,1.17238,8.91605E-06,0.000265681,0.000397926,4.58988E-05,1.181275
11/10/2020,1.1814,1.1813,1.1844,1.178,8.46525E-05,-0.005723424,-0.00645919,-0.001271725,1.17677,1.1767,1.180885,1.172625,0.0003052,9.12087E-06,0.000121466,0.00021564,1.179175
11/11/2020,1.1777,1.181,1.1835,1.1745,-0.003131877,-0.000253958,-0.000759878,-0.002971138,1.176925,1.17702,1.1812,1.172755,0.000140091,0.000280009,0.000273876,0.00011823,1.179075
11/12/2020,1.1804,1.1777,1.1824,1.1758,0.002292604,-0.002794242,-0.000929447,0.001106854,1.177415,1.177165,1.181525,1.173105,0.000424992,0.000131783,0.00028262,0.000305836,1.18185
11/13/2020,1.1832,1.1805,1.1838,1.1799,0.002372077,0.002377515,0.001184032,0.003486988,1.177985,1.17765,1.18198,1.17363,0.00049234,0.000420901,0.000392846,0.000454518,1.18415
11/16/2020,1.1853,1.1829,1.187,1.1814,0.001774848,0.002033037,0.002703159,0.001271294,1.17842,1.17819,1.182355,1.174185,0.000376269,0.000467035,0.000323696,0.000479602,1.18625
11/17/2020,1.1861,1.1852,1.1894,1.1843,0.000674935,0.001944374,0.002021904,0.002454715,1.17862,1.1786,1.18262,1.174605,0.000176292,0.000355227,0.000229794,0.000363083,1.186425
11/18/2020,1.1852,1.1863,1.1893,1.1849,-0.000758789,0.000928113,-8.4076E-05,0.000506628,1.178575,1.178805,1.18268,1.174745,-3.08382E-05,0.000180732,5.66852E-05,0.000124786,1.18565
11/19/2020,1.1873,1.1854,1.1883,1.1816,0.001771853,-0.000758661,-0.000840831,-0.002785045,1.17886,1.178765,1.182755,1.174765,0.000247452,-2.63769E-05,6.93529E-05,2.36019E-05,1.18675
11/20/2020,1.1853,1.1875,1.1892,1.185,-0.001684494,0.001771554,0.000757384,0.002877454,1.17883,1.179045,1.182885,1.17508,-1.87296E-05,0.000243452,0.000115648,0.000273299,1.185
11/23/2020,1.184,1.1853,1.1907,1.18,-0.001096769,-0.001852632,0.001261352,-0.004219409,1.17899,1.17902,1.183115,1.175065,0.000141459,-1.41683E-05,0.000199784,-5.54263E-06,1.186575
11/24/2020,1.1888,1.1842,1.1896,1.1837,0.004054054,-0.000928035,-0.000923826,0.003135593,1.179455,1.17918,1.1834,1.175285,0.000399209,0.000141825,0.000246334,0.000193599,1.1904
11/25/2020,1.1913,1.1891,1.1931,1.1881,0.002102961,0.004137815,0.002942165,0.003717158,1.1803,1.17966,1.18406,1.176105,0.00072055,0.000412221,0.000562375,0.000701682,1.1914
11/26/2020,1.1913,1.1916,1.1942,1.1885,0,0.00210243,0.000921968,0.000336672,1.181495,1.180505,1.184975,1.17728,0.001018575,0.000720819,0.00077798,0.001004425,1.1937
11/27/2020,1.1962,1.1914,1.1965,1.1907,0.004113154,-0.000167842,0.001925976,0.001851073,1.18307,1.181705,1.186275,1.17862,0.001339874,0.001023144,0.00110389,0.001144189,1.195325
11/30/2020,1.1928,1.1957,1.2005,1.1923,-0.002842334,0.003609199,0.003343084,0.001343747,1.18451,1.1832,1.18801,1.180125,0.001227808,0.001272133,0.001471813,0.001284407,1.200025
12/1/2020,1.207,1.1928,1.2077,1.1926,0.011904762,-0.002425358,0.005997501,0.000251615,1.186305,1.184635,1.189695,1.18159,0.001518063,0.001223776,0.001419998,0.001249663,1.208575
12/2/2020,1.2115,1.207,1.2119,1.2039,0.003728252,0.011904762,0.003477685,0.009475096,1.18827,1.18641,1.19144,1.183765,0.001657511,0.001501172,0.001466114,0.001848064,1.213275
12/3/2020,1.214,1.2115,1.2176,1.21,0.002063558,0.003728252,0.004703358,0.005066866,1.189865,1.18836,1.19302,1.18571,0.001338406,0.001644904,0.001318954,0.001640359,1.21375
12/4/2020,1.212,1.2142,1.2178,1.211,-0.001647446,0.002228642,0.000164258,0.000826446,1.191105,1.189935,1.19445,1.187285,0.001040316,0.001321368,0.00119226,0.001323044,1.21205
12/7/2020,1.2108,1.2129,1.2167,1.2078,-0.000990099,-0.001070664,-0.000903268,-0.002642444,1.19258,1.191175,1.19568,1.1887,0.001239295,0.001039544,0.001025166,0.001190922,1.211
12/8/2020,1.2101,1.2109,1.2135,1.2095,-0.00057813,-0.001648941,-0.002630065,0.001407518,1.194015,1.192655,1.197135,1.190275,0.001206156,0.001243268,0.001216622,0.001324884,1.209775
12/9/2020,1.2081,1.2103,1.2149,1.2058,-0.001652756,-0.000495499,0.001153688,-0.003059115,1.195535,1.19412,1.198705,1.19184,0.001280112,0.001231191,0.0013123,0.001320485,1.211325
12/10/2020,1.2136,1.2083,1.2159,1.2075,0.004552603,-0.001652483,0.000823113,0.001409852,1.197195,1.19565,1.20038,1.193425,0.001393112,0.001288279,0.001399928,0.001335635,1.212875
12/11/2020,1.2111,1.2137,1.2163,1.2104,-0.002059987,0.004469089,0.000328974,0.002401656,1.19859,1.19731,1.202005,1.19495,0.001171509,0.001392858,0.001357175,0.001281369,1.214175
12/14/2020,1.2143,1.2131,1.2178,1.2115,0.002642226,-0.000494356,0.001233248,0.00090879,1.20004,1.19882,1.203545,1.196455,0.001214878,0.001266488,0.00128368,0.001263243,1.214675
12/15/2020,1.2151,1.2144,1.2171,1.2121,0.000658816,0.001071635,-0.000574807,0.000495254,1.20149,1.20028,1.20493,1.197845,0.001214072,0.001222851,0.001153844,0.00116527,1.217175
12/16/2020,1.2197,1.2152,1.2213,1.2125,0.003785697,0.000658762,0.003450826,0.000330006,1.203215,1.201725,1.20653,1.199225,0.001441296,0.001209383,0.001330589,0.001156439,1.22325
12/17/2020,1.2266,1.2199,1.2274,1.2191,0.005657129,0.003867676,0.004994678,0.005443299,1.20518,1.20345,1.208485,1.2011,0.00163556,0.0014407,0.001622365,0.001567856,1.225525
12/18/2020,1.2255,1.2268,1.2273,1.2225,-0.000896788,0.005656201,-8.1473E-05,0.002788943,1.20719,1.205415,1.21039,1.202975,0.001674945,0.001634933,0.001580422,0.001563431,1.2217
12/21/2020,1.2242,1.2242,1.2254,1.213,-0.001060792,-0.002119335,-0.001548114,-0.007770961,1.2092,1.20736,1.212125,1.204625,0.001676744,0.001621598,0.001439948,0.001385853,1.220375
12/22/2020,1.2161,1.2244,1.2258,1.2152,-0.006616566,0.000163372,0.000326424,0.001813685,1.210565,1.20937,1.213935,1.2062,0.001143213,0.001676168,0.001502461,0.001319758,1.2181
12/23/2020,1.2185,1.2163,1.2222,1.2154,0.001973522,-0.006615485,-0.002936858,0.000164582,1.211925,1.21073,1.21539,1.207565,0.001136741,0.001138503,0.00120851,0.001142129,1.21915
12/24/2020,1.2186,1.2188,1.2216,1.2176,8.20681E-05,0.002055414,-0.000490918,0.001810104,1.21329,1.21209,1.21676,1.20902,0.001140844,0.001136152,0.001137865,0.001215801,1.2192
12/25/2020,1.2204,1.2187,1.2212,1.2165,0.001477105,-8.20479E-05,-0.000327439,-0.000903417,1.2145,1.213455,1.217995,1.21031,0.001009042,0.001140442,0.001025195,0.001078076,1.221175
12/28/2020,1.2214,1.2202,1.2251,1.218,0.000819403,0.00123082,0.00319358,0.001233046,1.21593,1.21468,1.219225,1.211595,0.001192129,0.001021523,0.00101772,0.001072541,1.2237
12/29/2020,1.2247,1.2217,1.2276,1.2208,0.002701818,0.001229307,0.00204065,0.002298851,1.216815,1.216125,1.22022,1.213005,0.000731982,0.001204256,0.000819877,0.001174903,1.227475
12/30/2020,1.2295,1.2248,1.2311,1.2245,0.003919327,0.002537448,0.002851092,0.003030799,1.217715,1.217015,1.22118,1.214035,0.000741535,0.00073589,0.000788547,0.000852688,1.22575
12/31/2020,1.2213,1.2298,1.231,1.2209,-0.006669378,0.004082299,-8.12282E-05,-0.002939976,1.21808,1.21793,1.22185,1.21458,0.000304889,0.000753593,0.000549318,0.000452346,1.22135
1/1/2021,1.2212,1.2216,1.2216,1.221,-8.188E-05,-0.006667751,-0.007636068,8.19068E-05,1.21854,1.2183,1.22204,1.21508,0.000383167,0.000308773,0.000159302,0.000415119,1.2253
1/4/2021,1.2248,1.2231,1.231,1.2223,0.00294792,0.001227898,0.007694826,0.001064701,1.21924,1.21881,1.222755,1.215805,0.000580068,0.000423701,0.000589206,0.000600476,1.227325
1/5/2021,1.2294,1.2247,1.2307,1.2245,0.003755715,0.001308151,-0.000243704,0.001799885,1.220205,1.2195,1.223615,1.216555,0.00079676,0.000571556,0.000708524,0.000620095,1.230925
1/6/2021,1.2325,1.2296,1.235,1.2266,0.002521555,0.00400098,0.003493947,0.001714986,1.221425,1.220465,1.22462,1.217595,0.001005476,0.00079638,0.000825537,0.0008588,1.2297
1/7/2021,1.227,1.2327,1.2346,1.2245,-0.004462475,0.002521145,-0.000323887,-0.00171205,1.222095,1.221685,1.225555,1.218445,0.000554722,0.001005061,0.000768187,0.000702705,1.2242
1/8/2021,1.2218,1.2273,1.2285,1.2192,-0.004237979,-0.004380628,-0.004940872,-0.004328297,1.22263,1.222365,1.226165,1.218885,0.000445822,0.000562575,0.000504695,0.000366207,1.218125
1/11/2021,1.2149,1.2217,1.2227,1.2132,-0.005647405,-0.004562862,-0.004721205,-0.00492126,1.22266,1.222795,1.22641,1.21897,3.13406E-05,0.00035915,0.000206972,7.47043E-05,1.21765
1/12/2021,1.2207,1.2152,1.2211,1.2136,0.004774055,-0.005320455,-0.001308579,0.000329707,1.22294,1.222835,1.22661,1.219045,0.000237103,3.95455E-05,0.000170284,6.6427E-05,1.218225
1/13/2021,1.2157,1.2208,1.2224,1.214,-0.00409601,0.004608295,0.001064614,0.000329598,1.22274,1.223115,1.226665,1.21912,-0.000156983,0.000237022,5.09733E-05,6.64066E-05,1.2151
1/14/2021,1.2156,1.2157,1.218,1.2111,-8.22571E-05,-0.004177588,-0.003599476,-0.002388797,1.22219,1.222905,1.226195,1.21872,-0.000443952,-0.000165241,-0.000378734,-0.000325198,1.21175
1/15/2021,1.2078,1.2155,1.2163,1.2074,-0.006416584,-0.000164514,-0.001395731,-0.003055074,1.221305,1.22234,1.225645,1.217965,-0.000719942,-0.000456277,-0.000444447,-0.000617399,1.20765
1/18/2021,1.2076,1.2085,1.2091,1.2054,-0.00016559,-0.005758947,-0.005919592,-0.001656452,1.220475,1.221555,1.22483,1.217585,-0.000675182,-0.000638257,-0.000663021,-0.000311674,1.21065
1/19/2021,1.2128,1.2078,1.2146,1.2074,0.004306062,-0.00057923,0.004548838,0.0016592,1.22031,1.220725,1.22427,1.217195,-0.00012905,-0.000675388,-0.000451901,-0.000319398,1.2117
1/20/2021,1.2104,1.2128,1.2159,1.2077,-0.001978892,0.004139758,0.001070311,0.000248468,1.219905,1.22055,1.223955,1.21681,-0.000326671,-0.000137625,-0.000251542,-0.000315204,1.213625
1/21/2021,1.2162,1.2106,1.2175,1.2102,0.004791804,-0.001813984,0.001315898,0.002070051,1.219785,1.22014,1.22375,1.21644,-9.11843E-05,-0.000331095,-0.000161201,-0.000302206,1.216825
1/22/2021,1.2167,1.2164,1.2191,1.2151,0.000411117,0.004791013,0.001314168,0.004048918,1.2196,1.220025,1.223645,1.21637,-0.000144484,-8.74423E-05,-7.91209E-05,-5.45895E-05,1.2151
1/25/2021,1.2137,1.2168,1.2184,1.2115,-0.002465686,0.000328839,-0.000574194,-0.002962719,1.219215,1.219855,1.22331,1.216045,-0.000308738,-0.000132541,-0.00026751,-0.000264378,1.21455
1/26/2021,1.216,1.2138,1.2176,1.2108,0.001895032,-0.002465483,-0.000656599,-0.000577796,1.21878,1.21946,1.22281,1.215545,-0.000349077,-0.000317281,-0.000402372,-0.00040821,1.2124
1/27/2021,1.2108,1.216,1.2171,1.2057,-0.004276316,0.00181249,-0.000410644,-0.004212091,1.217845,1.21902,1.22211,1.214605,-0.00075886,-0.000353529,-0.000565459,-0.000770355,1.211275
1/28/2021,1.2121,1.2109,1.2142,1.2079,0.00107367,-0.004194079,-0.002382713,0.001824666,1.217385,1.218075,1.22127,1.213955,-0.000371707,-0.000767348,-0.000680533,-0.000532123,1.212675
1/29/2021,1.2136,1.2121,1.2157,1.2093,0.001237522,0.000990998,0.001235381,0.001159036,1.217005,1.2176,1.220975,1.21337,-0.000305737,-0.00038441,-0.000236961,-0.000478266,1.209975
2/1/2021,1.2059,1.214,1.2146,1.2054,-0.006344759,0.001567527,-0.000904828,-0.003225006,1.21606,1.217145,1.220155,1.212525,-0.000770371,-0.000367429,-0.000666943,-0.000692751,1.205
2/2/2021,1.2042,1.2058,1.2089,1.2011,-0.001409735,-0.00675453,-0.004692903,-0.003567281,1.2148,1.2162,1.219065,1.211355,-0.001028644,-0.000770563,-0.000889403,-0.00096111,1.2033
2/3/2021,1.2034,1.2044,1.2051,1.2003,-0.000664341,-0.001161055,-0.003143353,-0.000666056,1.213345,1.21494,1.21757,1.21004,-0.001187938,-0.001028665,-0.001221268,-0.001080162,1.1999
2/4/2021,1.1962,1.2034,1.2043,1.1957,-0.005983048,-0.000830289,-0.000663845,-0.003832375,1.211805,1.213475,1.216055,1.2086,-0.001263967,-0.001196236,-0.001238266,-0.001186178,1.200225
2/5/2021,1.2042,1.1964,1.2051,1.1952,0.006687845,-0.005816852,0.000664286,-0.000418165,1.210925,1.21193,1.214885,1.2074,-0.000717676,-0.001268047,-0.000958008,-0.000990671,1.204375
2/8/2021,1.2048,1.2042,1.2067,1.2018,0.000498256,0.006519559,0.001327691,0.005522088,1.21042,1.211055,1.214085,1.20683,-0.000410393,-0.000713926,-0.000655564,-0.000468504,1.20835
2/9/2021,1.2117,1.2049,1.2123,1.2045,0.005727092,0.000581299,0.004640756,0.00224663,1.20997,1.21054,1.213645,1.206375,-0.000362741,-0.000418839,-0.000358097,-0.000372658,1.212175
2/10/2021,1.2116,1.2119,1.2144,1.2108,-8.25287E-05,0.005809611,0.001732244,0.005230386,1.209765,1.210095,1.213245,1.206215,-0.000162067,-0.000358773,-0.000324715,-0.000127618,1.212725
2/11/2021,1.2128,1.2118,1.215,1.2113,0.000990426,-8.25151E-05,0.000494071,0.00041295,1.209625,1.2099,1.213095,1.206225,-0.000108433,-0.000154019,-0.000120038,1.24689E-05,1.211625
2/12/2021,1.2118,1.213,1.2136,1.2081,-0.000824538,0.000990262,-0.001152263,-0.00264179,1.209825,1.209775,1.21296,1.20626,0.000171169,-9.62805E-05,-0.000107865,3.31331E-05,1.2128
2/15/2021,1.2127,1.2123,1.2146,1.2116,0.000742697,-0.000577082,0.000823995,0.002897111,1.21008,1.209965,1.213235,1.20657,0.000216584,0.000162813,0.000229315,0.000260811,1.2125
2/16/2021,1.2104,1.213,1.2171,1.2095,-0.001896594,0.000577415,0.002058291,-0.001733245,1.20996,1.210225,1.21336,1.206675,-9.3549E-05,0.000220645,0.000104787,9.1189E-05,1.2069
2/17/2021,1.2036,1.2107,1.2111,1.2022,-0.005617978,-0.001896125,-0.004929751,-0.006035552,1.20962,1.21012,1.21312,1.2064,-0.000275503,-8.11491E-05,-0.000195216,-0.000223012,1.2064
2/18/2021,1.2088,1.2037,1.2096,1.2035,0.004320372,-0.005781779,-0.001238543,0.001081351,1.20925,1.209775,1.212725,1.206065,-0.000299075,-0.000279539,-0.000322938,-0.000272447,1.21085
2/19/2021,1.2117,1.2091,1.2145,1.2081,0.002399073,0.004486168,0.004050926,0.003822185,1.209,1.20941,1.212495,1.205715,-0.000199677,-0.000294781,-0.0001861,-0.000283784,1.213325
2/22/2021,1.2154,1.2117,1.2171,1.2091,0.003053561,0.00215036,0.002140799,0.000827746,1.209085,1.209155,1.21243,1.205595,7.62853E-05,-0.000203705,-5.03502E-05,-9.42604E-05,1.215475
2/23/2021,1.2149,1.2155,1.218,1.2135,-0.000411387,0.00313609,0.000739463,0.00363907,1.20903,1.20924,1.21245,1.20573,-3.90356E-05,7.63736E-05,1.94529E-05,0.000116583,1.214975
2/24/2021,1.2164,1.215,1.2176,1.2109,0.00123467,-0.000411353,-0.000328407,-0.002142563,1.20931,1.20919,1.212475,1.20599,0.000236514,-3.48186E-05,2.35647E-05,0.000220059,1.218425
2/25/2021,1.2176,1.2163,1.2243,1.2155,0.000986518,0.001069959,0.005502628,0.003798827,1.209585,1.20946,1.21298,1.20637,0.000232156,0.000228383,0.000417832,0.000318767,1.21245
2/26/2021,1.2074,1.2176,1.2186,1.2062,-0.008377135,0.001068815,-0.004655722,-0.007651172,1.209275,1.209735,1.213125,1.206215,-0.000248577,0.000232274,0.000123277,-0.000121743,1.206375
3/1/2021,1.2047,1.2079,1.2102,1.2027,-0.00223621,-0.007966491,-0.006893156,-0.002901675,1.209215,1.20943,1.212905,1.20608,-4.31494E-05,-0.000244427,-0.00017614,-0.000105576,1.2056
3/2/2021,1.2089,1.2049,1.2095,1.1991,0.003486345,-0.002483649,-0.000578417,-0.002993265,1.20945,1.209385,1.212935,1.20598,0.000201655,-3.08827E-05,2.95845E-05,-7.68756E-05,1.20775
3/3/2021,1.2062,1.2091,1.2114,1.2043,-0.002233435,0.003485766,0.001570897,0.004336586,1.20959,1.20962,1.21325,1.20618,0.0001232,0.000201458,0.000265297,0.000173256,1.201475
3/4/2021,1.1966,1.2064,1.2068,1.1961,-0.007958879,-0.002233066,-0.003797259,-0.006808935,1.20961,1.20977,1.213375,1.2062,2.44084E-05,0.000131319,0.000108626,2.44285E-05,1.193925
3/5/2021,1.1917,1.1968,1.1978,1.1894,-0.004094936,-0.00795756,-0.007457739,-0.005601538,1.208985,1.20979,1.21301,1.20591,-0.000514731,2.42841E-05,-0.000297475,-0.00023474,1.18855
3/8/2021,1.1843,1.1922,1.1933,1.1844,-0.006209617,-0.003843583,-0.003756888,-0.0042038,1.20796,1.20919,1.21234,1.20504,-0.000850124,-0.000493873,-0.000551704,-0.000721035,1.187425
3/9/2021,1.1898,1.1847,1.1917,1.1835,0.004644094,-0.006290891,-0.00134082,-0.000759878,1.206865,1.20818,1.21131,1.20399,-0.000904274,-0.000837482,-0.000850783,-0.00087136,1.190625
3/10/2021,1.1925,1.19,1.1931,1.1869,0.002269289,0.004473706,0.001174792,0.002872835,1.20591,1.207085,1.210245,1.202795,-0.000786683,-0.000904278,-0.000878655,-0.000989238,1.195475
3/11/2021,1.1984,1.1929,1.1991,1.1915,0.004947589,0.002436975,0.005028916,0.003875642,1.20519,1.20614,1.20945,1.201805,-0.000588825,-0.000778303,-0.000651913,-0.000816103,1.195875
3/12/2021,1.1952,1.1983,1.199,1.191,-0.002670227,0.004526783,-8.33959E-05,-0.000419639,1.20436,1.205405,1.20872,1.20095,-0.00068111,-0.000601477,-0.00059847,-0.000704995,1.194
3/15/2021,1.1928,1.1952,1.1969,1.1911,-0.002008032,-0.002586998,-0.00175146,8.39631E-05,1.203365,1.20455,1.207835,1.199925,-0.000818646,-0.000701973,-0.000727242,-0.000845653,1.1916
3/16/2021,1.19,1.1929,1.1953,1.1882,-0.002347418,-0.001924364,-0.001336787,-0.002434724,1.202345,1.203545,1.206745,1.19886,-0.000841187,-0.000827062,-0.000896996,-0.000880727,1.1939
3/17/2021,1.1978,1.1906,1.1986,1.1886,0.006554622,-0.001928074,0.002760813,0.000336644,1.202055,1.20254,1.20612,1.19818,-0.000232557,-0.000828659,-0.000512468,-0.000562117,1.19475
3/18/2021,1.1915,1.1979,1.199,1.1906,-0.005259643,0.006131362,0.000333723,0.001682652,1.20119,1.20225,1.20559,1.197535,-0.000711558,-0.000233002,-0.000433855,-0.000532052,1.19075
3/19/2021,1.1903,1.1915,1.1939,1.1873,-0.001007134,-0.005342683,-0.004253545,-0.002771712,1.20012,1.20137,1.20456,1.196495,-0.000881868,-0.000724445,-0.000849078,-0.000861747,1.191225
3/22/2021,1.1931,1.1899,1.1948,1.1871,0.002352348,-0.001342845,0.000753832,-0.000168449,1.199005,1.20028,1.203445,1.195395,-0.000916929,-0.000899105,-0.000918427,-0.000911557,1.189175
3/23/2021,1.1849,1.1935,1.1942,1.1841,-0.006872852,0.003025464,-0.000502176,-0.002527167,1.197505,1.19918,1.202255,1.193925,-0.001240002,-0.000904636,-0.000980508,-0.001219868,1.18315
3/24/2021,1.1812,1.1851,1.1854,1.1809,-0.003122626,-0.007038123,-0.00736895,-0.002702474,1.195745,1.197685,1.200645,1.192425,-0.001457867,-0.001235975,-0.001332536,-0.001247864,1.179175
3/25/2021,1.1764,1.1813,1.1829,1.1761,-0.004063664,-0.00320648,-0.002108993,-0.004064696,1.193685,1.195935,1.198575,1.190455,-0.001710376,-0.001449797,-0.001713117,-0.00164104,1.178225
3/26/2021,1.1796,1.1764,1.1806,1.1763,0.002720163,-0.004147973,-0.001944374,0.000170054,1.192295,1.193875,1.196675,1.18896,-0.001155511,-0.001710636,-0.001577549,-0.001249979,1.177875
3/29/2021,1.1762,1.1795,1.1797,1.1761,-0.002882333,0.002635158,-0.000762324,-0.000170025,1.19087,1.192455,1.19515,1.18763,-0.001187817,-0.001180554,-0.001271008,-0.001113396,1.1741
3/30/2021,1.1714,1.1764,1.1774,1.1712,-0.004080939,-0.002628232,-0.001949648,-0.004166312,1.188995,1.19103,1.193545,1.186235,-0.001566181,-0.001187783,-0.001339569,-0.001172049,1.172725
3/31/2021,1.1728,1.1716,1.1761,1.1704,0.001195151,-0.004080245,-0.001104128,-0.00068306,1.187325,1.189155,1.19178,1.18454,-0.001394752,-0.001566083,-0.00147332,-0.001423031,1.174975
4/1/2021,1.1775,1.1731,1.178,1.1713,0.004007503,0.0012803,0.001615509,0.000768968,1.18637,1.18749,1.19034,1.1833,-0.000796433,-0.001390415,-0.001202682,-0.001044136,1.1769
4/2/2021,1.1762,1.1777,1.1788,1.1749,-0.001104034,0.003921234,0.000679117,0.003073508,1.185595,1.186535,1.18939,1.182575,-0.000646888,-0.000796475,-0.000795839,-0.000610384,1.17825
4/5/2021,1.1811,1.1761,1.182,1.1738,0.004165958,-0.00135858,0.002714625,-0.00093625,1.185435,1.18573,1.188825,1.182045,-0.000128109,-0.000672225,-0.000472264,-0.000447006,1.184075
4/6/2021,1.1875,1.1814,1.1879,1.1795,0.005418678,0.00450642,0.00499154,0.004856023,1.18532,1.185565,1.188635,1.181845,-8.938E-05,-0.00013236,-0.000155646,-0.000166211,1.188
4/7/2021,1.187,1.1875,1.1915,1.186,-0.000421053,0.005163365,0.003030558,0.00551081,1.185045,1.18544,1.188555,1.1818,-0.000223897,-9.78768E-05,-6.28573E-05,-3.43123E-05,1.189175
4/8/2021,1.1912,1.1867,1.1928,1.186,0.003538332,-0.000673684,0.001091062,0,1.184685,1.18513,1.18824,1.181525,-0.00029436,-0.00025341,-0.00025975,-0.000228094,1.189925
4/9/2021,1.1896,1.1913,1.1921,1.1867,-0.001343183,0.003876296,-0.000586854,0.000590219,1.184405,1.18478,1.187895,1.18131,-0.000228008,-0.000285934,-0.000284923,-0.000177602,1.189775
4/12/2021,1.1909,1.1891,1.192,1.1871,0.001092804,-0.001846722,-8.38856E-05,0.000337069,1.18431,1.184475,1.18765,1.18111,-7.2966E-05,-0.00024892,-0.000201544,-0.000164946,1.192325
4/13/2021,1.1946,1.1911,1.1957,1.1879,0.003106894,0.001681944,0.003104027,0.000673911,1.18454,1.184385,1.18767,1.181095,0.00019975,-6.86049E-05,2.04964E-05,-9.51443E-06,1.19655
4/14/2021,1.1978,1.1949,1.1988,1.1947,0.002678721,0.003190328,0.002592624,0.005724388,1.18454,1.1846,1.18768,1.1814,5.95459E-06,0.000187315,1.20869E-05,0.000259873,1.197375
4/15/2021,1.1965,1.198,1.1995,1.1955,-0.001085323,0.002594359,0.000583917,0.000669624,1.18479,1.184605,1.187705,1.181645,0.000214671,1.04651E-05,2.45966E-05,0.000209221,1.197375
4/16/2021,1.1983,1.1967,1.1995,1.195,0.001504388,-0.001085142,0,-0.000418235,1.18519,1.184865,1.187985,1.18203,0.000340247,0.000223342,0.000237274,0.000326895,1.2002
4/19/2021,1.2033,1.1984,1.2049,1.1942,0.004172578,0.001420573,0.004501876,-0.000669456,1.1857,1.18529,1.18849,1.182385,0.000431258,0.000361513,0.000424676,0.000301845,1.2043
4/20/2021,1.2033,1.2036,1.2081,1.2022,0,0.004339119,0.002655822,0.006699045,1.18662,1.185795,1.189185,1.18329,0.000774901,0.000427196,0.000582576,0.000763156,1.202825
4/21/2021,1.2033,1.2037,1.2045,1.1998,0,8.30841E-05,-0.002979886,-0.00199634,1.187725,1.186725,1.19014,1.184235,0.000931032,0.000783256,0.000802029,0.000798462,1.20285
4/22/2021,1.2015,1.2035,1.2071,1.1993,-0.001495886,-0.000166154,0.002158572,-0.000416736,1.18898,1.187835,1.19135,1.185395,0.001059421,0.000935272,0.001015407,0.00098086,1.20565
4/23/2021,1.2099,1.2015,1.21,1.2012,0.006991261,-0.00166182,0.002402452,0.001584257,1.190495,1.18909,1.19282,1.18664,0.001272976,0.00105958,0.001232749,0.00105157,1.20885
4/26/2021,1.2083,1.2094,1.2117,1.206,-0.001322423,0.006575114,0.001404959,0.003996004,1.1921,1.190585,1.19442,1.188135,0.001350971,0.001256578,0.001341113,0.001259872,1.20815
4/27/2021,1.209,1.2086,1.2094,1.2056,0.000579326,-0.000661485,-0.00189816,-0.000331675,1.19398,1.192195,1.19602,1.189855,0.001583985,0.001354915,0.001343687,0.001451604,1.21015
4/28/2021,1.2123,1.2091,1.2136,1.2056,0.002729529,0.000413702,0.003472796,0,1.195955,1.19407,1.197895,1.191615,0.001660703,0.001579613,0.001572534,0.001485757,1.212425
4/29/2021,1.2118,1.2126,1.2151,1.2102,-0.000412439,0.002894715,0.001235992,0.003815528,1.19767,1.196045,1.19975,1.19356,0.001439706,0.001660333,0.001553558,0.001638085,1.20695
4/30/2021,1.2018,1.2116,1.2128,1.2016,-0.008252187,-0.000824674,-0.001892848,-0.007106263,1.19895,1.19774,1.20145,1.194895,0.001082299,0.001423038,0.001424959,0.001129096,1.20455
5/3/2021,1.2061,1.2031,1.2077,1.2013,0.003577966,-0.007015517,-0.004205145,-0.000249667,1.2002,1.19909,1.202735,1.19627,0.001052899,0.001140191,0.001078971,0.001163425,1.20355
5/4/2021,1.2013,1.2064,1.2066,1.1999,-0.00397977,0.002742914,-0.000910822,-0.001165404,1.20089,1.20034,1.20367,1.19729,0.000582977,0.001052016,0.000783853,0.000862354,1.2008
5/5/2021,1.2005,1.2013,1.2028,1.1986,-0.000665945,-0.004227454,-0.003149345,-0.001083424,1.201565,1.20103,1.204235,1.19792,0.000570732,0.000582475,0.000474858,0.000532642,1.203375
5/6/2021,1.2064,1.2005,1.2073,1.1993,0.004914619,-0.000665945,0.00374127,0.000584015,1.202325,1.20172,1.20496,1.198585,0.000639546,0.000582862,0.000607368,0.000561843,1.211375
5/7/2021,1.2163,1.2066,1.2173,1.2053,0.008206233,0.005081216,0.008282945,0.005002918,1.20366,1.202485,1.20622,1.199515,0.001117017,0.000643108,0.001050858,0.000782478,1.2149
5/10/2021,1.2129,1.2161,1.2178,1.2128,-0.002795363,0.007873363,0.000410745,0.006222517,1.20476,1.203835,1.20751,1.2008,0.000922609,0.001129112,0.00107559,0.00107675,1.2145
5/11/2021,1.2146,1.2129,1.2182,1.2123,0.001401599,-0.002631363,0.000328461,-0.000412269,1.20576,1.204925,1.208635,1.20202,0.000837344,0.000913447,0.000936811,0.001022441,1.210875
5/12/2021,1.2069,1.2148,1.2153,1.2065,-0.006339536,0.001566494,-0.002380561,-0.004784294,1.206215,1.20592,1.20946,1.20261,0.000386431,0.000832255,0.000688152,0.000497007,1.20775
5/13/2021,1.2078,1.2073,1.2108,1.2051,0.000745712,-0.006173856,-0.003702789,-0.001160381,1.20678,1.206385,1.210025,1.20309,0.000477983,0.000393844,0.000473817,0.000405507,1.21105
5/14/2021,1.214,1.208,1.2151,1.2071,0.0051333,0.000579806,0.003551371,0.001659613,1.207565,1.20695,1.210805,1.203695,0.000659429,0.000477092,0.000651385,0.000509399,1.21465
5/17/2021,1.2151,1.214,1.217,1.2125,0.000906096,0.004966887,0.001563657,0.004473532,1.208155,1.20773,1.21141,1.20461,0.000496105,0.000654407,0.000504474,0.000766549,1.218975
5/18/2021,1.222,1.2153,1.2235,1.2151,0.005678545,0.00107084,0.005341002,0.00214433,1.20909,1.208315,1.21218,1.205255,0.000780032,0.000490993,0.000638733,0.000538813,1.21995
5/19/2021,1.2172,1.2222,1.2245,1.2159,-0.003927987,0.00567761,0.000817327,0.000658382,1.209785,1.20924,1.21318,1.20606,0.000583633,0.00077072,0.000828594,0.000671549,1.2199
5/20/2021,1.2226,1.2171,1.223,1.2169,0.004436411,-0.004172803,-0.00122499,0.000822436,1.21084,1.20992,1.213975,1.20694,0.000880247,0.000570387,0.000659416,0.000733508,1.22025
5/21/2021,1.2179,1.2229,1.2241,1.2161,-0.003844266,0.004765426,0.000899428,-0.000657408,1.21124,1.21099,1.21468,1.207685,0.000338471,0.00089175,0.000584265,0.000621424,1.2199
5/24/2021,1.2215,1.2178,1.2231,1.2172,0.002955908,-0.004170415,-0.000816927,0.000904531,1.2119,1.21141,1.21525,1.208245,0.000552388,0.000354473,0.00047317,0.000466851,1.223625
5/25/2021,1.225,1.2217,1.2267,1.2211,0.00286533,0.003202496,0.002943341,0.003204075,1.2127,1.212065,1.216115,1.20902,0.000666688,0.000547672,0.000715245,0.000643638,1.2222
5/26/2021,1.219,1.2252,1.2264,1.2182,-0.004897959,0.00286486,-0.000244559,-0.002374908,1.213035,1.21287,1.216755,1.20965,0.000285313,0.00067023,0.000529378,0.000524893,1.219375
5/27/2021,1.2192,1.2192,1.2216,1.2175,0.000164069,-0.00489716,-0.003913894,-0.000574618,1.213405,1.2132,1.21708,1.210015,0.000314139,0.000280636,0.000271883,0.000305386,1.218025
5/28/2021,1.2189,1.2195,1.2205,1.2132,-0.000246063,0.000246063,-0.000900458,-0.003531828,1.21426,1.213595,1.217465,1.210595,0.000714445,0.000334173,0.000321503,0.000484107,1.220825
5/31/2021,1.2225,1.2192,1.2233,1.2183,0.002953483,-0.000246002,0.002294142,0.004203759,1.21508,1.2144,1.218245,1.211445,0.000683221,0.000672649,0.000646467,0.000706779,1.2226
6/1/2021,1.2211,1.2227,1.2255,1.2211,-0.001145194,0.002870735,0.001798414,0.002298284,1.21607,1.215215,1.21919,1.212505,0.00082495,0.00067904,0.000781929,0.000879963,1.22035
6/2/2021,1.2209,1.2214,1.2228,1.2163,-0.000163787,-0.001063221,-0.002203182,-0.003930882,1.21709,1.21622,1.22019,1.21339,0.000850057,0.000837252,0.000829237,0.00073759,1.216675
6/3/2021,1.2124,1.221,1.2216,1.2117,-0.006962077,-0.000327493,-0.000981354,-0.003781962,1.21739,1.217245,1.220905,1.21401,0.000256223,0.000854174,0.000593106,0.000519291,1.214625
6/4/2021,1.2165,1.2129,1.2187,1.2104,0.003381722,-0.006633907,-0.002373936,-0.001072873,1.2174,1.21756,1.220975,1.214265,1.49971E-05,0.000268418,6.02619E-05,0.000215502,1.2176
6/7/2021,1.2189,1.2168,1.2203,1.2144,0.001972873,0.003215434,0.001312874,0.003304693,1.2177,1.217595,1.2211,1.214345,0.000253409,3.55217E-05,0.000105368,6.96106E-05,1.218
6/8/2021,1.2171,1.219,1.2196,1.2163,-0.001476741,0.001808021,-0.000573629,0.001564559,1.217825,1.2179,1.22117,1.214545,0.000109492,0.000257491,6.02638E-05,0.000168452,1.218525
6/9/2021,1.2178,1.2173,1.2219,1.2171,0.000575138,-0.001394586,0.001885864,0.000657732,1.21837,1.218025,1.2215,1.215075,0.000455226,0.000109437,0.000273585,0.000440553,1.21715
6/10/2021,1.2169,1.218,1.2195,1.2142,-0.000739038,0.000575043,-0.001964154,-0.002382713,1.218825,1.21856,1.221935,1.21553,0.000380988,0.000446882,0.000360517,0.000379437,1.214125
6/11/2021,1.2106,1.217,1.2196,1.2093,-0.005177089,-0.000821018,8.20008E-05,-0.004035579,1.218655,1.21901,1.22216,1.21564,-0.000134531,0.000376841,0.000187048,9.46771E-05,1.211325
6/14/2021,1.2118,1.211,1.2131,1.2094,0.000991244,-0.004930156,-0.005329616,8.26925E-05,1.21849,1.21886,1.221965,1.215485,-0.000130274,-0.000118012,-0.000157615,-0.000124865,1.212325
6/15/2021,1.2124,1.212,1.2149,1.21,0.000495131,0.000825764,0.001483802,0.000496114,1.21801,1.218695,1.221535,1.21523,-0.000389445,-0.000130265,-0.000350475,-0.000207276,1.206275
6/16/2021,1.1994,1.2127,1.2136,1.1994,-0.010722534,0.000577558,-0.001070047,-0.008760331,1.21712,1.21822,1.22099,1.214405,-0.000729172,-0.000385268,-0.000444844,-0.000678211,1.195025
6/17/2021,1.1906,1.1996,1.2007,1.1892,-0.007337002,-0.010802342,-0.010629532,-0.008504252,1.21552,1.217345,1.219875,1.21302,-0.001317843,-0.000716745,-0.000915071,-0.001144546,1.18855
6/18/2021,1.186,1.1908,1.1927,1.1847,-0.003863598,-0.007335779,-0.00666278,-0.003784057,1.213925,1.21574,1.218305,1.21145,-0.001318809,-0.001321805,-0.001293182,-0.001300878,1.1888
6/21/2021,1.1915,1.1868,1.1922,1.1847,0.004637437,-0.003359086,-0.000419217,0,1.212425,1.21419,1.21676,1.209825,-0.001234733,-0.001281239,-0.001273296,-0.001346105,1.192275
6/22/2021,1.1938,1.1918,1.1954,1.1881,0.00193034,0.00421301,0.002684113,0.002869925,1.210865,1.212695,1.215195,1.208175,-0.001281482,-0.001230713,-0.001286257,-0.001362812,1.19365
6/23/2021,1.1925,1.1939,1.1971,1.1911,-0.00108896,0.001762041,0.001422118,0.00252504,1.20954,1.21113,1.21373,1.20682,-0.001091032,-0.001285854,-0.001202924,-0.001117815,1.193275
6/24/2021,1.193,1.1927,1.1957,1.1917,0.000419287,-0.001005109,-0.001169493,0.000503736,1.20823,1.209805,1.212435,1.20553,-0.001078271,-0.001091252,-0.001065704,-0.001063897,1.194175
6/25/2021,1.1933,1.1932,1.1976,1.1926,0.000251467,0.000419217,0.001589027,0.000755224,1.20695,1.20849,1.21129,1.2045,-0.001053395,-0.001082594,-0.000941229,-0.000849545,1.192675
6/28/2021,1.1924,1.1935,1.1946,1.1902,-0.000754211,0.000251425,-0.00250501,-0.00201241,1.205445,1.207205,1.209855,1.203095,-0.00123878,-0.001057722,-0.001181187,-0.001160353,1.190775
6/29/2021,1.1895,1.1926,1.1933,1.1877,-0.00243207,-0.000754085,-0.00108823,-0.002100487,1.203865,1.2057,1.208245,1.201425,-0.001303123,-0.001238963,-0.001325519,-0.001380292,1.187675
6/30/2021,1.1855,1.1897,1.191,1.1845,-0.003362757,-0.002431662,-0.001927428,-0.002694283,1.202095,1.204115,1.206655,1.199835,-0.001463072,-0.001307386,-0.001311731,-0.001318462,1.185725
7/1/2021,1.1848,1.1859,1.1885,1.1837,-0.000590468,-0.003194083,-0.002099076,-0.00067539,1.200715,1.20236,1.205,1.198435,-0.001144491,-0.001450715,-0.001367617,-0.001163133,1.1849
7/2/2021,1.1864,1.185,1.1875,1.1807,0.001350439,-0.000758917,-0.000841397,-0.002534426,1.19921,1.200965,1.20344,1.19695,-0.001246056,-0.001156966,-0.001290991,-0.001236211,1.186375
7/5/2021,1.1861,1.1862,1.1881,1.1851,-0.000252866,0.001012658,0.000505263,0.003726603,1.19757,1.199435,1.20183,1.195485,-0.001357343,-0.001267104,-0.001331371,-0.001215115,1.1847
7/6/2021,1.1822,1.1863,1.1896,1.1807,-0.003288087,8.43028E-05,0.00126252,-0.003712767,1.195825,1.1978,1.20033,1.193705,-0.00144791,-0.00135329,-0.001239564,-0.001478981,1.180825
7/7/2021,1.1789,1.1823,1.1839,1.1782,-0.002791406,-0.003371828,-0.004791527,-0.002117388,1.19388,1.19605,1.19843,1.19176,-0.001616237,-0.001452152,-0.001573433,-0.001617737,1.18215
7/8/2021,1.1842,1.1792,1.1869,1.1783,0.004495716,-0.002622008,0.002533998,8.48752E-05,1.192245,1.19411,1.1968,1.189965,-0.001354499,-0.001612005,-0.001348526,-0.001494358,1.1856
7/9/2021,1.1873,1.1844,1.1882,1.1825,0.002617801,0.004409769,0.00109529,0.003564457,1.19108,1.19248,1.19523,1.188625,-0.000964755,-0.001350466,-0.001297861,-0.001114356,1.186175
7/12/2021,1.1859,1.1872,1.1881,1.1835,-0.001179146,0.002364066,-8.41609E-05,0.000845666,1.189785,1.19129,1.19398,1.18733,-0.001073274,-0.000985754,-0.001035588,-0.001076208,1.1821
7/13/2021,1.1774,1.1862,1.1876,1.1772,-0.007167552,-0.000842318,-0.00042084,-0.005323194,1.188035,1.19,1.192615,1.18569,-0.001456408,-0.001069159,-0.00113082,-0.001367173,1.18055
7/14/2021,1.1835,1.1776,1.1839,1.1772,0.005180907,-0.007250042,-0.003115527,0,1.18724,1.188245,1.19113,1.18458,-0.000661236,-0.001460539,-0.001233094,-0.000929156,1.1824
7/15/2021,1.1812,1.1837,1.1852,1.1795,-0.001943388,0.005180027,0.001098066,0.001953789,1.18677,1.18745,1.190355,1.184095,-0.000391556,-0.00066142,-0.000646715,-0.000406254,1.18085
7/16/2021,1.1805,1.1814,1.1823,1.1792,-0.000592618,-0.00194306,-0.002446844,-0.000254345,1.186495,1.18698,1.189835,1.18382,-0.000228007,-0.000391784,-0.000435918,-0.000229769,1.179875
7/19/2021,1.1798,1.1808,1.1825,1.1764,-0.000592969,-0.000507872,0.000169162,-0.002374491,1.18591,1.18668,1.18935,1.183405,-0.000489527,-0.000249223,-0.000406499,-0.000348493,1.1785
7/20/2021,1.1779,1.1801,1.1805,1.1755,-0.001610442,-0.000592818,-0.001691332,-0.000765046,1.185115,1.186095,1.188605,1.182775,-0.000666566,-0.000489515,-0.000625271,-0.000530242,1.1783
7/21/2021,1.1792,1.1782,1.1806,1.1752,0.001103659,-0.001610033,8.47099E-05,-0.000255211,1.18445,1.18531,1.18778,1.18198,-0.000556935,-0.000658119,-0.000692141,-0.000669254,1.178775
7/22/2021,1.177,1.1793,1.1831,1.1757,-0.001865672,0.000933628,0.002117567,0.000425459,1.18365,1.18464,1.18715,1.18118,-0.000671183,-0.000561182,-0.000527788,-0.000673168,1.177025
7/23/2021,1.1771,1.1769,1.1788,1.1753,8.49618E-05,-0.002035106,-0.003634519,-0.000340223,1.18284,1.183825,1.18621,1.180315,-0.000679508,-0.000683898,-0.000788966,-0.000727941,1.17895
7/26/2021,1.1799,1.1778,1.1818,1.1763,0.002378727,0.000764721,0.002544961,0.000850847,1.182215,1.18304,1.18557,1.17962,-0.000522861,-0.000658233,-0.000536467,-0.000584778,1.180725
7/27/2021,1.1814,1.1804,1.1841,1.177,0.001271294,0.002207506,0.001946184,0.000595086,1.18181,1.18243,1.18511,1.179085,-0.000337693,-0.000510153,-0.000384747,-0.000449999,1.182075
7/28/2021,1.1842,1.1817,1.1851,1.1773,0.002370069,0.001101322,0.000844523,0.000254885,1.181745,1.18203,1.184815,1.178725,-5.10519E-05,-0.000333504,-0.000246149,-0.000302541,1.18665
7/29/2021,1.1886,1.1845,1.1894,1.1841,0.003715589,0.002369468,0.003628386,0.005775928,1.181935,1.18196,1.18486,1.178745,0.000164251,-5.53268E-05,4.02241E-05,2.00253E-05,1.187975
7/30/2021,1.187,1.1888,1.191,1.1851,-0.001346121,0.003630224,0.001345216,0.000844523,1.181965,1.18215,1.185035,1.178965,2.94229E-05,0.00016413,0.000149555,0.000188973,1.187175
8/2/2021,1.1867,1.1864,1.1898,1.1858,-0.000252738,-0.002018843,-0.001007557,0.000590667,1.181995,1.18216,1.18512,1.179,2.94293E-05,1.25552E-05,7.39138E-05,3.2176E-05,1.186875
8/3/2021,1.186,1.1868,1.1894,1.1853,-0.000589871,0.000337154,-0.000336191,-0.000421656,1.182185,1.182185,1.18511,1.17923,0.00016434,2.51978E-05,-6.02177E-06,0.000196731,1.1858
8/4/2021,1.1835,1.1864,1.19,1.1833,-0.002107926,-0.000337041,0.000504456,-0.001687337,1.182415,1.18239,1.185415,1.179485,0.000198514,0.000176937,0.000258777,0.000218234,1.183875
8/5/2021,1.1832,1.1837,1.1858,1.1828,-0.000253485,-0.002275792,-0.003529412,-0.000422547,1.182365,1.182615,1.18536,1.17971,-3.8946E-05,0.000194248,-4.43931E-05,0.000192863,1.1796
8/6/2021,1.176,1.1834,1.1837,1.1753,-0.006085193,-0.000253443,-0.001770956,-0.006340886,1.1818,1.182565,1.185135,1.17935,-0.000474096,-3.89126E-05,-0.000187705,-0.000302404,1.175075
8/9/2021,1.1737,1.1762,1.177,1.1734,-0.001955782,-0.006084164,-0.005660218,-0.001616609,1.18119,1.182015,1.18458,1.178845,-0.000512928,-0.000461324,-0.000466508,-0.000425518,1.17275
8/10/2021,1.1718,1.1738,1.1744,1.171,-0.001618812,-0.002040469,-0.002209006,-0.002045338,1.18091,1.181395,1.18392,1.178535,-0.000235491,-0.000521232,-0.000555917,-0.000261625,1.1729
8/11/2021,1.1737,1.172,1.1753,1.1706,0.001621437,-0.001533481,0.000766349,-0.000341588,1.18042,1.181115,1.18349,1.178205,-0.000413464,-0.000235404,-0.000361823,-0.000278705,1.17345
8/12/2021,1.1727,1.1738,1.1749,1.1724,-0.000852006,0.001535836,-0.000340339,0.001537673,1.179995,1.18062,1.182975,1.17785,-0.000358895,-0.000417613,-0.000433743,-0.00029951,1.176375
8/13/2021,1.1791,1.173,1.1806,1.1728,0.005457491,-0.000681547,0.004851477,0.00034118,1.179925,1.1802,1.18289,1.17753,-5.63895E-05,-0.000354538,-6.8827E-05,-0.000269734,1.178475
8/16/2021,1.1777,1.1794,1.1801,1.1767,-0.001187346,0.005456095,-0.000423513,0.003325375,1.17982,1.18013,1.18277,1.177545,-8.61084E-05,-5.63392E-05,-9.84607E-05,1.52592E-05,1.17445
8/17/2021,1.1708,1.1776,1.1786,1.1708,-0.005858877,-0.0015262,-0.001271079,-0.005014022,1.179465,1.180005,1.182675,1.17731,-0.00029853,-0.000103008,-7.74481E-05,-0.00019719,1.171425
8/18/2021,1.171,1.171,1.1743,1.1694,0.000170823,-0.00560462,-0.003648396,-0.001195764,1.179055,1.179645,1.18236,1.17702,-0.000345172,-0.000302738,-0.000264103,-0.000244217,1.1692
8/19/2021,1.1674,1.1711,1.1717,1.1666,-0.003074295,8.53971E-05,-0.002214085,-0.00239439,1.178575,1.179235,1.18179,1.176565,-0.000405603,-0.000345149,-0.000480686,-0.00038521,1.168525
8/20/2021,1.1696,1.1675,1.1706,1.1664,0.00188453,-0.003074033,-0.000938807,-0.000171438,1.1782,1.178765,1.18138,1.17612,-0.000315625,-0.000397095,-0.0003459,-0.000376771,1.172
8/23/2021,1.1743,1.1694,1.1751,1.1692,0.004018468,0.001627409,0.003844182,0.002400549,1.17792,1.178345,1.181045,1.175765,-0.000233638,-0.000353961,-0.000280939,-0.000299285,1.1748
8/24/2021,1.1753,1.1746,1.1766,1.1727,0.000851571,0.004446725,0.001276487,0.0029935,1.177615,1.178055,1.18067,1.17555,-0.000254624,-0.000242,-0.000314424,-0.000179365,1.17565
8/25/2021,1.177,1.1754,1.1776,1.1726,0.001446439,0.000681083,0.000849907,-8.52733E-05,1.177255,1.17774,1.180295,1.175315,-0.000300805,-0.000263012,-0.000314155,-0.000196373,1.1762
8/26/2021,1.175,1.1772,1.178,1.1746,-0.001699235,0.001531394,0.000339674,0.001705611,1.176575,1.177375,1.179725,1.17484,-0.000571547,-0.000304916,-0.000478591,-0.000399888,1.17705
8/27/2021,1.1793,1.1752,1.1803,1.1734,0.003659574,-0.001698947,0.001952462,-0.001021624,1.17619,1.176695,1.17919,1.174255,-0.000321262,-0.000571374,-0.000448228,-0.000493196,1.179525
8/30/2021,1.1795,1.1793,1.1811,1.1782,0.000169592,0.003488768,0.000677794,0.004090677,1.17583,1.17634,1.178755,1.173875,-0.000300145,-0.000295994,-0.000363961,-0.000318195,1.181175
8/31/2021,1.1807,1.1797,1.1848,1.1795,0.00101738,0.000339184,0.003132673,0.001103378,1.175565,1.175985,1.178525,1.173585,-0.000219783,-0.000295892,-0.000190518,-0.000241944,1.18245
9/1/2021,1.1837,1.181,1.1858,1.1793,0.002540866,0.001101975,0.000844024,-0.000169563,1.175575,1.175715,1.178315,1.173385,1.26569E-05,-0.000223941,-0.000173539,-0.000166055,1.185575
9/2/2021,1.1873,1.1839,1.1877,1.1834,0.003041311,0.002455546,0.001602294,0.003476639,1.17578,1.175725,1.17841,1.173415,0.000177397,1.26255E-05,8.30461E-05,2.89043E-05,1.188325
9/3/2021,1.1882,1.1875,1.191,1.1866,0.000758022,0.003040797,0.002778479,0.002704073,1.17639,1.17593,1.178775,1.17398,0.000519557,0.000177337,0.000310518,0.000481152,1.18725
9/6/2021,1.1868,1.1879,1.1888,1.1855,-0.001178253,0.000336842,-0.001847187,-0.000927018,1.177045,1.176515,1.179365,1.174585,0.000558434,0.000498388,0.000501169,0.000515632,1.1858
9/7/2021,1.1839,1.187,1.1886,1.1837,-0.002443546,-0.00075764,-0.000168237,-0.001518347,1.17765,1.177175,1.180075,1.17522,0.000517197,0.000562529,0.000603208,0.000541981,1.18265
9/8/2021,1.1813,1.184,1.1852,1.1801,-0.002196131,-0.00252738,-0.002860508,-0.003041311,1.17803,1.177775,1.18057,1.175695,0.000326319,0.000512834,0.000421865,0.000406995,1.18225
9/9/2021,1.1825,1.1817,1.1843,1.1805,0.00101583,-0.001942568,-0.000759366,0.000338954,1.17852,1.17817,1.18104,1.1761,0.000419711,0.000338914,0.000400914,0.000347059,1.182525
9/10/2021,1.1814,1.1826,1.1852,1.1809,-0.000930233,0.000761615,0.000759943,0.000338839,1.178635,1.17865,1.18127,1.176505,0.000100325,0.000411072,0.000196337,0.000346942,1.18025
9/13/2021,1.1808,1.1814,1.1818,1.177,-0.000507872,-0.001014713,-0.002868714,-0.003302566,1.17879,1.17875,1.181355,1.17652,0.000134298,8.75318E-05,7.4077E-05,1.55451E-05,1.1815
9/14/2021,1.1802,1.1812,1.1847,1.1799,-0.00050813,-0.000169291,0.002453884,0.002463891,1.17926,1.17893,1.18166,1.176975,0.000401836,0.000155377,0.000260325,0.000389441,1.181325
9/15/2021,1.1815,1.1806,1.1833,1.1799,0.001101508,-0.000507958,-0.001181734,0,1.179785,1.17941,1.18211,1.1775,0.00044837,0.00041021,0.000383658,0.000449229,1.178825
9/16/2021,1.1764,1.1816,1.1822,1.1751,-0.004316547,0.000847027,-0.000929604,-0.004068141,1.180235,1.179935,1.182635,1.177925,0.000386257,0.000448292,0.000447882,0.000365541,1.175025
9/17/2021,1.1725,1.1762,1.179,1.1724,-0.003315199,-0.004570074,-0.002706818,-0.002297677,1.18038,1.18037,1.183055,1.178225,0.000126271,0.00037349,0.000359482,0.00025923,1.17235
9/20/2021,1.1725,1.1732,1.1737,1.17,0,-0.002550587,-0.004495335,-0.002047083,1.18029,1.18056,1.182985,1.178265,-7.46526E-05,0.00016459,-5.74941E-05,3.68479E-05,1.172875
9/21/2021,1.1723,1.1726,1.1751,1.1715,-0.000170576,-0.000511422,0.001192809,0.001282051,1.18014,1.18046,1.18291,1.178205,-0.00012576,-8.33174E-05,-6.1678E-05,-4.87245E-05,1.171325
9/22/2021,1.1686,1.1726,1.1757,1.1684,-0.003156189,0,0.000510595,-0.00264618,1.17972,1.18032,1.182815,1.177995,-0.000355891,-0.000117372,-7.86436E-05,-0.00017677,1.1714
9/23/2021,1.1736,1.1686,1.1751,1.1683,0.004278624,-0.003411223,-0.000510334,-8.55871E-05,1.17965,1.17989,1.18267,1.17768,-5.69983E-05,-0.000364502,-0.000121144,-0.00026633,1.172525
9/24/2021,1.1714,1.1738,1.1749,1.17,-0.001874574,0.004449769,-0.000170198,0.001455106,1.179255,1.17982,1.1824,1.17751,-0.000333706,-5.70666E-05,-0.000227277,-0.000142493,1.170775
9/27/2021,1.1694,1.1724,1.1728,1.1685,-0.001707359,-0.001192707,-0.001787386,-0.001282051,1.17875,1.179475,1.181985,1.177025,-0.000427553,-0.00029114,-0.000350536,-0.00041113,1.168725
9/28/2021,1.1681,1.1696,1.1704,1.1668,-0.001111681,-0.002388263,-0.002046385,-0.001454857,1.17812,1.17897,1.181265,1.17639,-0.000534006,-0.000427513,-0.000609489,-0.000539041,1.16395
9/29/2021,1.1595,1.1683,1.1691,1.1589,-0.007362383,-0.001111491,-0.001110731,-0.006770655,1.17691,1.178335,1.18043,1.17537,-0.001029169,-0.000538186,-0.000707227,-0.000869096,1.158775
9/30/2021,1.1581,1.1596,1.1612,1.1562,-0.001207417,-0.007446717,-0.006757335,-0.002329795,1.17545,1.17712,1.179105,1.17401,-0.001241605,-0.001033299,-0.001125208,-0.001159418,1.158675
10/1/2021,1.1594,1.1582,1.1608,1.1563,0.001122528,-0.001207313,-0.000344471,8.64902E-05,1.17401,1.175655,1.177595,1.172495,-0.00122338,-0.001245705,-0.001281356,-0.001290297,1.16105
10/4/2021,1.1621,1.1593,1.1641,1.1587,0.002328791,0.00094975,0.002842867,0.002075586,1.172775,1.174225,1.17636,1.171155,-0.001048028,-0.001215059,-0.001046853,-0.001140167,1.16055
10/5/2021,1.1596,1.1623,1.1623,1.158,-0.002151278,0.002587768,-0.001546259,-0.000604125,1.17156,1.17299,1.175045,1.16987,-0.001033414,-0.001047789,-0.001115754,-0.001094456,1.157325
10/6/2021,1.1556,1.1603,1.1605,1.1529,-0.003449465,-0.001720726,-0.001548654,-0.004404145,1.170275,1.171805,1.17381,1.16851,-0.001096081,-0.001007456,-0.001050161,-0.001162597,1.15565
10/7/2021,1.155,1.1556,1.1572,1.1548,-0.000519211,-0.004050677,-0.002843602,0.001648018,1.1689,1.1705,1.172455,1.167225,-0.001172833,-0.001112862,-0.001154373,-0.001097144,1.1561
10/8/2021,1.1567,1.1551,1.1586,1.154,0.001471861,-0.000432676,0.001209817,-0.000692761,1.167665,1.169125,1.171125,1.16588,-0.001052728,-0.001172576,-0.001131879,-0.001148724,1.156475
10/11/2021,1.1551,1.1571,1.1588,1.1549,-0.001383245,0.001731452,0.000172622,0.000779896,1.16638,1.16791,1.169975,1.164775,-0.001096497,-0.001035268,-0.000979813,-0.000944601,1.154425
10/12/2021,1.1527,1.1555,1.1571,1.1524,-0.002077742,-0.001382767,-0.001467035,-0.00216469,1.165005,1.166625,1.168595,1.1634,-0.001174978,-0.001095942,-0.001175859,-0.00117603,1.156125
10/13/2021,1.1592,1.1528,1.1598,1.1527,0.005638935,-0.002336651,0.00233342,0.000260326,1.16389,1.165235,1.16742,1.16204,-0.000948106,-0.001187376,-0.001000101,-0.001163014,1.1599
10/14/2021,1.1594,1.1593,1.1625,1.1584,0.000172533,0.005638446,0.002327988,0.004944912,1.16304,1.16412,1.166435,1.161205,-0.000723652,-0.000947806,-0.000837221,-0.000712361,1.160175
10/15/2021,1.16,1.1599,1.162,1.1588,0.000517509,0.000517554,-0.000430108,0.000345304,1.162415,1.163305,1.165585,1.160525,-0.000532017,-0.000693424,-0.000723386,-0.000580212,1.160025
10/18/2021,1.1609,1.1597,1.1624,1.1571,0.000775862,-0.000172429,0.000344234,-0.001467035,1.161835,1.16263,1.16502,1.15988,-0.000493224,-0.000574516,-0.000481407,-0.00055121,1.163025
10/19/2021,1.1632,1.1611,1.167,1.1608,0.001981221,0.001207209,0.00395733,0.003197649,1.16138,1.162055,1.164615,1.159345,-0.000385634,-0.000488585,-0.000343181,-0.00045543,1.163975
10/20/2021,1.1649,1.1634,1.166,1.1616,0.001461486,0.00198088,-0.000856898,0.00068918,1.161195,1.161595,1.16413,1.159005,-0.00015475,-0.000389541,-0.000411556,-0.000288662,1.163975
10/21/2021,1.1621,1.165,1.1668,1.162,-0.00240364,0.001375279,0.000686106,0.000344353,1.16062,1.161415,1.163715,1.15869,-0.000488863,-0.000150216,-0.000351734,-0.000267165,1.16365
10/22/2021,1.1647,1.1623,1.1656,1.162,0.002237329,-0.002317597,-0.001028454,0,1.160285,1.16084,1.16325,1.15829,-0.000283268,-0.000488584,-0.000394647,-0.00033992,1.16265
10/25/2021,1.1606,1.1644,1.1666,1.159,-0.00352022,0.001806762,0.000857927,-0.002581756,1.159845,1.16044,1.16294,1.157815,-0.000373911,-0.00033861,-0.000262381,-0.000404905,1.16035
10/26/2021,1.1595,1.1607,1.1627,1.1585,-0.000947786,-0.003177602,-0.003343048,-0.000431406,1.159415,1.159995,1.162555,1.1574,-0.000365717,-0.000378077,-0.000327214,-0.000353733,1.160325
10/27/2021,1.1604,1.1597,1.1627,1.1585,0.000776197,-0.000861549,0,0,1.15946,1.159565,1.162235,1.15738,4.12124E-05,-0.00036558,-0.000271678,-1.51999E-05,1.164
10/28/2021,1.1679,1.1606,1.1693,1.1582,0.006463289,0.000776063,0.005676443,-0.000258956,1.15995,1.159615,1.16264,1.15748,0.000424748,4.55588E-05,0.000350011,8.83421E-05,1.161625
10/29/2021,1.1561,1.1679,1.1691,1.1534,-0.010103605,0.00628985,-0.000171043,-0.004144362,1.159785,1.1601,1.163055,1.157335,-0.000136559,0.000420417,0.000358683,-0.000123201,1.158025
11/1/2021,1.1606,1.1559,1.161,1.1546,0.003892397,-0.010274852,-0.006928406,0.001040402,1.15971,1.15993,1.1629,1.15713,-5.83787E-05,-0.000140813,-0.000129881,-0.00017496,1.15925
11/2/2021,1.1577,1.1605,1.1614,1.1574,-0.002498708,0.003979583,0.000344531,0.002425082,1.159615,1.15984,1.162855,1.1571,-7.57502E-05,-7.12224E-05,-3.53415E-05,-2.34994E-05,1.1592
11/3/2021,1.161,1.1579,1.1617,1.1562,0.002850479,-0.002240414,0.000258309,-0.001036807,1.159885,1.15972,1.162915,1.157265,0.000239247,-9.72068E-05,5.50066E-05,0.000144868,1.15775
11/4/2021,1.1552,1.1612,1.1618,1.1528,-0.004995693,0.002849987,8.60807E-05,-0.002940668,1.159895,1.16,1.163145,1.157165,1.54229E-05,0.000247826,0.000201491,-8.45667E-05,1.15515
11/5/2021,1.1566,1.1553,1.1574,1.1513,0.001211911,-0.005080951,-0.003787227,-0.00130118,1.15989,1.16001,1.163085,1.15703,2.42544E-06,1.54127E-05,-4.83614E-05,-0.000114988,1.15715
11/8/2021,1.1586,1.1555,1.1595,1.155,0.001729206,0.000173115,0.001814412,0.003213758,1.160065,1.15993,1.16312,1.157035,0.000158048,-6.25042E-05,3.37281E-05,6.70544E-06,1.159
11/9/2021,1.1591,1.1589,1.161,1.157,0.000431555,0.002942449,0.001293661,0.001731602,1.160385,1.1601,1.163315,1.157265,0.000283513,0.000153757,0.000171763,0.00020152,1.153575
11/10/2021,1.1478,1.1593,1.1597,1.1475,-0.009748943,0.000345155,-0.001119724,-0.00821089,1.159815,1.160425,1.16331,1.157005,-0.000485881,0.000287847,-8.94354E-07,-0.000222041,1.1466
11/11/2021,1.145,1.1482,1.1489,1.1443,-0.002439449,-0.009574743,-0.009312753,-0.002788671,1.159095,1.15987,1.16263,1.1563,-0.00061648,-0.000472812,-0.000582931,-0.00060872,1.145
11/12/2021,1.145,1.1454,1.1463,1.1433,0,-0.0024386,-0.002263034,-0.000873897,1.158345,1.159145,1.161845,1.155525,-0.000642356,-0.00062062,-0.000674578,-0.00066968,1.140975
11/15/2021,1.1367,1.1452,1.1465,1.1355,-0.007248908,-0.000174611,0.000174474,-0.006822356,1.157135,1.15842,1.16105,1.154445,-0.001043594,-0.000620729,-0.000683066,-0.000937446,1.134575
11/16/2021,1.1319,1.1368,1.1387,1.1309,-0.00422275,-0.007334963,-0.006803314,-0.004051079,1.15557,1.157205,1.159635,1.15295,-0.001353793,-0.001047838,-0.001221098,-0.001299882,1.130925
11/17/2021,1.1319,1.1321,1.1333,1.1264,0,-0.004134412,-0.00474225,-0.003979132,1.15392,1.15564,1.158,1.15119,-0.001426867,-0.001353603,-0.001415366,-0.001533298,1.1344
11/18/2021,1.1369,1.1319,1.1375,1.1313,0.004417351,-0.000176663,0.003705991,0.004350142,1.15266,1.153985,1.156535,1.149655,-0.001085817,-0.0014312,-0.001264371,-0.001333009,1.132075
11/19/2021,1.1288,1.1371,1.1374,1.125,-0.007124637,0.004594045,-8.79121E-05,-0.005568815,1.150865,1.152725,1.155125,1.147805,-0.001553916,-0.001085618,-0.001217344,-0.001611449,1.1262
11/22/2021,1.1234,1.1292,1.1292,1.123,-0.004783841,-0.006947498,-0.007209425,-0.001777778,1.149005,1.150965,1.153255,1.146005,-0.001617097,-0.001523331,-0.001620712,-0.00157125,1.1246
11/23/2021,1.1246,1.1237,1.1275,1.1226,0.001068186,-0.004870705,-0.001505491,-0.000356189,1.14726,1.149115,1.151495,1.14421,-0.001516298,-0.001607986,-0.001528834,-0.00156749,1.122175
11/24/2021,1.1197,1.1248,1.1256,1.1186,-0.004357105,0.000978909,-0.001685144,-0.003563157,1.145225,1.14737,1.14964,1.142215,-0.001772963,-0.001515963,-0.001613091,-0.001745647,1.120825
11/25/2021,1.1206,1.1198,1.1231,1.1198,0.000803787,-0.004445235,-0.002221038,0.00107277,1.14286,1.14533,1.14733,1.140295,-0.002055938,-0.001777028,-0.002007965,-0.001679061,1.126575
11/26/2021,1.1317,1.1209,1.1332,1.1205,0.009905408,0.000982318,0.008992966,0.000625112,1.14164,1.14298,1.145535,1.13865,-0.001055488,-0.002042404,-0.001549765,-0.001440587,1.12935
11/29/2021,1.1291,1.1309,1.1316,1.1258,-0.002297429,0.008921402,-0.001411931,0.004730031,1.140065,1.14173,1.144065,1.13721,-0.001364979,-0.001082592,-0.001273941,-0.001256106,1.13115
11/30/2021,1.1336,1.1291,1.1384,1.1235,0.003985475,-0.001591653,0.006009191,-0.002042992,1.13886,1.14016,1.142915,1.135515,-0.00104077,-0.001361153,-0.000990708,-0.00147951,1.133025
12/1/2021,1.1319,1.1339,1.1361,1.1302,-0.001499647,0.004251174,-0.002020379,0.005963507,1.137405,1.13896,1.141635,1.134215,-0.001258276,-0.001036574,-0.001104642,-0.001129494,1.13155
12/2/2021,1.1299,1.132,1.1349,1.1294,-0.001766941,-0.001675633,-0.001056245,-0.000707839,1.13614,1.1375,1.14029,1.133045,-0.001096839,-0.001262855,-0.001161759,-0.001017853,1.13035
12/3/2021,1.1313,1.1301,1.1334,1.1266,0.001239048,-0.001678445,-0.001321702,-0.002479192,1.134875,1.13624,1.13909,1.13181,-0.001095482,-0.00109273,-0.001038482,-0.001076753,1.129825
12/6/2021,1.1285,1.1321,1.1321,1.1266,-0.002475029,0.001769755,-0.001146991,0,1.13337,1.13507,1.13772,1.13039,-0.001305693,-0.001012898,-0.001186553,-0.001237441,1.126975
12/7/2021,1.1263,1.1287,1.1301,1.1228,-0.00194949,-0.003003268,-0.001766628,-0.003372981,1.13173,1.13356,1.136175,1.12868,-0.001424746,-0.001310184,-0.001339567,-0.00149267,1.13075
12/8/2021,1.1342,1.1268,1.1355,1.1265,0.007014117,-0.001683353,0.004778338,0.003295333,1.13105,1.131935,1.134965,1.12763,-0.000586593,-0.001411609,-0.001044664,-0.000917359,1.1315
12/9/2021,1.1292,1.1342,1.1348,1.1278,-0.004408394,0.00656727,-0.000616469,0.001154017,1.13026,1.131235,1.13426,1.126805,-0.00068504,-0.000604508,-0.00060985,-0.000720225,1.12985
12/10/2021,1.1311,1.1293,1.1325,1.1265,0.001682607,-0.004320226,-0.002026789,-0.001152687,1.129565,1.13043,1.13357,1.125965,-0.00060091,-0.00069859,-0.000598037,-0.000734164,1.129525
12/13/2021,1.1283,1.1317,1.1321,1.126,-0.002475466,0.00212521,-0.000353201,-0.000443853,1.129145,1.129755,1.13285,1.12549,-0.000362237,-0.000583598,-0.000624421,-0.000415239,1.12805
12/14/2021,1.1257,1.1285,1.1327,1.1253,-0.002304352,-0.002827604,0.000529989,-0.00062167,1.128835,1.12934,1.13255,1.12521,-0.000266318,-0.000358231,-0.000257756,-0.000243769,1.126675
12/15/2021,1.1285,1.126,1.13,1.1222,0.002487341,-0.00221533,-0.002383685,-0.002754821,1.128665,1.129035,1.132385,1.125,-0.000141951,-0.000262276,-0.000139828,-0.000182553,1.1314
12/16/2021,1.1328,1.1286,1.1361,1.1281,0.003810368,0.002309059,0.00539823,0.00525753,1.12846,1.12887,1.132315,1.12484,-0.0001723,-0.00013799,-5.52158E-05,-0.000137184,1.128825
12/17/2021,1.1239,1.133,1.1349,1.1235,-0.007856638,0.003898635,-0.001056245,-0.004077653,1.128215,1.128665,1.13219,1.124765,-0.0002089,-0.000172761,-0.000103632,-6.26256E-05,1.1264
12/20/2021,1.1275,1.1242,1.1305,1.1234,0.003203132,-0.00776699,-0.003876994,-8.90076E-05,1.12842,1.128415,1.132255,1.124785,0.000190449,-0.000213735,6.29891E-05,2.1813E-05,1.128125
12/21/2021,1.1283,1.1277,1.1304,1.1261,0.000709534,0.003113325,-8.84564E-05,0.002403418,1.128605,1.128615,1.1324,1.12496,0.000172516,0.000185466,0.000133841,0.000159793,1.13025
12/22/2021,1.1324,1.1279,1.1343,1.1264,0.003633785,0.000177352,0.003450106,0.000266406,1.12924,1.12877,1.132835,1.12535,0.000572061,0.000145388,0.000390603,0.000351271,1.13215
12/23/2021,1.1328,1.1325,1.1343,1.129,0.000353232,0.004078376,0,0.002308239,1.12985,1.129405,1.133395,1.12581,0.000549533,0.000571569,0.000501655,0.000413045,1.132375
12/24/2021,1.1317,1.133,1.1345,1.1303,-0.000971045,0.000441501,0.00017632,0.001151461,1.12985,1.13001,1.13346,1.1263,5.71045E-06,0.000544528,6.08229E-05,0.000439362,1.132025
12/27/2021,1.1325,1.1318,1.1335,1.1303,0.000706901,-0.001059135,-0.000881446,0,1.13002,1.130055,1.133555,1.126525,0.000155927,4.5501E-05,8.73472E-05,0.000202861,1.131525
12/28/2021,1.1309,1.1329,1.1334,1.1289,-0.001412804,0.000971903,-8.82223E-05,-0.001238609,1.129885,1.130245,1.133305,1.126795,-0.000113987,0.000173679,-0.000217523,0.00024308,1.13255
12/29/2021,1.1348,1.1311,1.137,1.1273,0.003448581,-0.001588843,0.003176284,-0.001417309,1.13003,1.130105,1.13335,1.12665,0.000133424,-0.000118322,4.23097E-05,-0.000125961,1.133275
12/30/2021,1.1323,1.1349,1.1361,1.1298,-0.002203031,0.003359561,-0.000791557,0.002217688,1.13015,1.13025,1.13341,1.12667,0.00011162,0.000133438,5.55441E-05,2.03156E-05,1.13455
12/31/2021,1.1368,1.1324,1.1387,1.1303,0.003974212,-0.002202837,0.002288531,0.000442556,1.130425,1.130365,1.133675,1.126855,0.000248378,0.000107218,0.000236056,0.000166403,1.133025
1/3/2022,1.1294,1.1366,1.1381,1.128,-0.0065095,0.003708937,-0.000526917,-0.002034858,1.13047,1.13059,1.133975,1.126925,4.66545E-05,0.000204177,0.000267059,6.46601E-05,1.12945
1/4/2022,1.1285,1.1298,1.1324,1.1271,-0.000796883,-0.005982756,-0.005008347,-0.000797872,1.13058,1.130645,1.13409,1.12714,0.000104285,5.52028E-05,0.000104974,0.000193416,1.1306
1/5/2022,1.1313,1.1287,1.1347,1.1277,0.00248117,-0.000973624,0.002031084,0.00053234,1.130435,1.13074,1.13405,1.1272,-0.000122363,9.06893E-05,-3.23891E-05,5.52658E-05,1.13055
1/6/2022,1.1291,1.1314,1.1332,1.1285,-0.001944665,0.002392133,-0.001321935,0.000709409,1.13043,1.1306,1.13397,1.127235,8.23879E-07,-0.000118068,-6.76625E-05,3.30354E-05,1.1327
1/7/2022,1.1359,1.1293,1.1366,1.129,0.006022496,-0.001856107,0.003000353,0.000443066,1.13067,1.1306,1.134175,1.12736,0.000217818,5.13829E-06,0.000183695,0.000112823,1.1331
1/10/2022,1.1324,1.1353,1.1362,1.1285,-0.003081257,0.005313026,-0.000351927,-0.00044287,1.130875,1.13078,1.13438,1.127485,0.000187529,0.000164529,0.000183758,0.000112872,1.13445
1/11/2022,1.1364,1.1325,1.1376,1.1313,0.003532321,-0.002466308,0.001232177,0.00248117,1.13141,1.13098,1.134625,1.127785,0.000479362,0.000182594,0.000218868,0.000268014,1.1404
1/12/2022,1.1442,1.1366,1.1454,1.1354,0.00686378,0.003620309,0.00685654,0.003624149,1.132195,1.13151,1.135395,1.128445,0.000698184,0.000474376,0.000680879,0.000586963,1.14535
1/13/2022,1.1453,1.1443,1.1483,1.1435,0.00096137,0.006774591,0.002531867,0.00713405,1.13282,1.132295,1.136005,1.129215,0.000555734,0.000697652,0.000537561,0.000680789,1.14375
1/14/2022,1.1414,1.1454,1.1484,1.1398,-0.003405221,0.000961286,8.70853E-05,-0.00323568,1.133695,1.132915,1.13668,1.13003,0.000778305,0.000550785,0.000594727,0.000722887,1.141175
1/17/2022,1.1407,1.1414,1.1435,1.1391,-0.000613282,-0.00349223,-0.004266806,-0.000614143,1.134355,1.133775,1.13733,1.130815,0.000587485,0.000764523,0.000575237,0.000696631,1.136775
1/18/2022,1.1325,1.1409,1.1423,1.1314,-0.007188568,-0.000438059,-0.00104941,-0.006759723,1.134565,1.134435,1.137925,1.13108,0.00019258,0.000586954,0.000527189,0.000238473,1.133425
1/19/2022,1.1341,1.1321,1.1357,1.1318,0.001412804,-0.007713209,-0.005777817,0.000353544,1.13465,1.134645,1.137995,1.13135,8.15304E-05,0.000192426,6.57929E-05,0.00024283,1.133125
1/20/2022,1.131,1.1342,1.137,1.1303,-0.002733445,0.00185496,0.001144668,-0.001325322,1.13456,1.13473,1.13813,1.131415,-7.28034E-05,8.1255E-05,0.000123026,6.11523E-05,1.13285
1/21/2022,1.134,1.1312,1.1361,1.1301,0.00265252,-0.002645036,-0.000791557,-0.000176944,1.134675,1.13464,1.13821,1.131405,0.000108375,-7.30719E-05,7.46325E-05,-5.26794E-06,1.13255
1/24/2022,1.1323,1.1343,1.1346,1.129,-0.001499118,0.002740453,-0.001320306,-0.000973365,1.134665,1.134765,1.138265,1.13134,-1.92615E-06,0.000116907,5.26895E-05,-5.39362E-05,1.130425
1/25/2022,1.1299,1.1325,1.133,1.1263,-0.00211958,-0.001586882,-0.001410189,-0.002391497,1.134615,1.134745,1.138245,1.13121,-3.7265E-05,-1.10318E-05,-1.34088E-05,-0.000111581,1.1271
1/26/2022,1.1237,1.1301,1.1311,1.1235,-0.005487211,-0.002119205,-0.001676964,-0.002486016,1.13406,1.134695,1.13795,1.13102,-0.000484055,-3.75499E-05,-0.000256071,-0.000165016,1.119
1/27/2022,1.1143,1.124,1.1245,1.1132,-0.008365222,-0.005397752,-0.005835028,-0.009167779,1.13316,1.13415,1.13737,1.13019,-0.000792164,-0.000475416,-0.000508245,-0.000734289,1.1146
1/28/2022,1.1143,1.1146,1.1174,1.1121,0,-0.008362989,-0.006313917,-0.000988142,1.132035,1.13326,1.136305,1.12928,-0.000990875,-0.000783423,-0.000938367,-0.000805824,1.11915
1/31/2022,1.1233,1.1147,1.1248,1.1138,0.00807682,8.97183E-05,0.006622517,0.00152864,1.13173,1.132165,1.13564,1.12857,-0.000261559,-0.000964384,-0.000580896,-0.000627649,1.1251
2/1/2022,1.1269,1.1234,1.128,1.1221,0.003204843,0.007804791,0.00284495,0.007451966,1.13165,1.131845,1.13542,1.12832,-6.14724E-05,-0.000275007,-0.000188231,-0.000215157,1.12925
2/2/2022,1.1303,1.127,1.1331,1.1266,0.003017127,0.003204558,0.004521277,0.004010338,1.1316,1.13176,1.13534,1.128265,-3.46745E-05,-6.60977E-05,-6.3721E-05,-4.12575E-05,1.136575
2/3/2022,1.1438,1.1306,1.1452,1.1267,0.011943732,0.003194321,0.010678669,8.87626E-05,1.132335,1.13172,1.13594,1.128175,0.000659745,-2.59883E-05,0.000536309,-7.22898E-05,1.144525
2/4/2022,1.1446,1.1439,1.1485,1.1411,0.000699423,0.011763665,0.002881593,0.012780687,1.13277,1.13245,1.136535,1.12878,0.000393592,0.000655,0.000530371,0.000544591,1.14485
2/7/2022,1.1442,1.1469,1.1469,1.1414,-0.000349467,0.002622607,-0.001393121,0.000262904,1.13336,1.13303,1.13707,1.129425,0.000530181,0.000520479,0.000478311,0.00057988,1.14255
2/8/2022,1.1414,1.1443,1.145,1.1395,-0.002447125,-0.002266981,-0.00165664,-0.001664622,1.13361,1.13362,1.13744,1.129835,0.000231209,0.000530446,0.000333871,0.00037259,1.142225
2/9/2022,1.1422,1.1416,1.1449,1.1402,0.000700894,-0.002359521,-8.73362E-05,0.000614305,1.13351,1.13387,1.137415,1.130075,-7.69354E-05,0.000231454,-1.33232E-05,0.000222098,1.14315
2/10/2022,1.1427,1.1429,1.1496,1.1374,0.000437752,0.001138753,0.004105162,-0.00245571,1.13338,1.1338,1.13748,1.12977,-0.000103116,-5.03376E-05,6.53415E-05,-0.00025739,1.13845
2/11/2022,1.1349,1.1428,1.1431,1.133,-0.006825939,-8.74967E-05,-0.005654141,-0.003868472,1.133055,1.13367,1.137215,1.12943,-0.000274152,-0.000102777,-0.00022172,-0.000289029,1.132475
2/14/2022,1.1305,1.1344,1.137,1.128,-0.003876994,-0.007350368,-0.005336366,-0.004413063,1.132545,1.13332,1.13689,1.128875,-0.000437338,-0.000295684,-0.000275198,-0.000478975,1.13335
2/15/2022,1.1356,1.1307,1.1369,1.1302,0.004511278,-0.003261636,-8.79507E-05,0.001950355,1.1327,1.13281,1.13662,1.128815,0.000147655,-0.000436863,-0.000227125,-4.34716E-05,1.136875
2/16/2022,1.1373,1.136,1.1397,1.1345,0.001497006,0.004687362,0.002462838,0.003804636,1.13286,1.133005,1.13682,1.12895,0.000151865,0.000183166,0.000184908,0.000129083,1.1361
2/17/2022,1.136,1.1374,1.1387,1.1323,-0.001143058,0.001232394,-0.000877424,-0.00193918,1.13311,1.133165,1.136905,1.12905,0.000231384,0.000152038,8.38033E-05,9.83901E-05,1.134375
2/18/2022,1.1321,1.1362,1.1378,1.1314,-0.003433099,-0.001055038,-0.000790375,-0.000794842,1.133015,1.133415,1.13699,1.129115,-7.28969E-05,0.000231538,8.38624E-05,6.74952E-05,1.13305
2/21/2022,1.131,1.1315,1.1391,1.1306,-0.000971646,-0.004136596,0.001142556,-0.000707089,1.13295,1.133275,1.137215,1.129195,-4.65233E-05,-0.000112315,0.000207005,8.0809E-05,1.132325
2/22/2022,1.1325,1.1312,1.1368,1.1288,0.00132626,-0.000265135,-0.002019138,-0.001592075,1.13308,1.13321,1.137405,1.12932,0.000125769,-4.62274E-05,0.000176558,0.00012078,1.132425
2/23/2022,1.1309,1.1327,1.136,1.1301,-0.001412804,0.001326025,-0.00070373,0.001151665,1.13344,1.13334,1.13765,1.12965,0.000329489,0.000126034,0.00022522,0.000302664,1.123075
2/24/2022,1.1191,1.1313,1.1313,1.1106,-0.010434167,-0.001235985,-0.004137324,-0.01725511,1.13368,1.133705,1.13799,1.12952,0.000226042,0.000334122,0.000310105,-0.000101702,1.1225
2/25/2022,1.1267,1.1192,1.1275,1.1166,0.006791171,-0.01069566,-0.003358968,0.005402485,1.1343,1.133935,1.138495,1.129745,0.0005656,0.000217489,0.000457852,0.000217829,1.119175
2/28/2022,1.1219,1.1179,1.1247,1.1122,-0.004260229,-0.001161544,-0.00248337,-0.003940534,1.13423,1.134095,1.13849,1.129665,-5.1252E-05,0.000154926,2.55805E-06,-5.56296E-05,1.1167
3/1/2022,1.1126,1.1218,1.1234,1.109,-0.008289509,0.003488684,-0.001155864,-0.00287718,1.133515,1.134015,1.13826,1.12901,-0.00062597,-6.08795E-05,-0.000197483,-0.000572087,1.1113
3/2/2022,1.1121,1.1127,1.1147,1.1057,-0.000449398,-0.008111963,-0.007744348,-0.002975654,1.132605,1.1333,1.13734,1.127965,-0.000799296,-0.000626706,-0.000810764,-0.000921387,1.1085
3/3/2022,1.1064,1.1118,1.1125,1.1033,-0.005125438,-0.000808843,-0.001973625,-0.002170571,1.130735,1.13236,1.135705,1.126795,-0.001652754,-0.000826864,-0.001443379,-0.001034353,1.0987
3/4/2022,1.0926,1.1067,1.1069,1.0886,-0.012472885,-0.004587156,-0.005033708,-0.013323665,1.128135,1.1305,1.133625,1.12417,-0.00231137,-0.001644405,-0.001839144,-0.002339571,1.0891
3/7/2022,1.0852,1.0953,1.0953,1.0806,-0.006772835,-0.010300895,-0.010479718,-0.007348888,1.125185,1.12792,1.131045,1.12113,-0.002632538,-0.00229058,-0.002293473,-0.00272016,1.08905
3/8/2022,1.0899,1.0855,1.096,1.0848,0.004330999,-0.00894732,0.000639094,0.00388673,1.12261,1.12498,1.128595,1.118395,-0.002293632,-0.002624597,-0.002178687,-0.002442593,1.0991
3/9/2022,1.1075,1.0903,1.1096,1.089,0.01614827,0.004421925,0.012408759,0.003871681,1.120875,1.122415,1.12683,1.115835,-0.001521263,-0.002285525,-0.001553882,-0.002279724,1.1039
3/10/2022,1.0983,1.1075,1.1122,1.0976,-0.008306998,0.015775475,0.002343187,0.007897153,1.118655,1.120645,1.12496,1.113845,-0.001958501,-0.001553688,-0.001641981,-0.001762081,1.095975
3/11/2022,1.0909,1.0984,1.1044,1.0902,-0.006737686,-0.008216704,-0.007013127,-0.006741983,1.116455,1.118425,1.123025,1.111705,-0.001954088,-0.001960149,-0.00170993,-0.001905756,1.09445
3/14/2022,1.0939,1.0943,1.0995,1.0901,0.002750023,-0.003732702,-0.004436798,-9.17263E-05,1.114625,1.11642,1.12115,1.10981,-0.001622737,-0.001779266,-0.001664952,-0.00168969,1.09595
3/15/2022,1.0951,1.094,1.1021,1.0926,0.001096992,-0.000274148,0.002364711,0.002293368,1.1126,1.114585,1.11941,1.10793,-0.001793451,-0.001629891,-0.001542319,-0.001672539,1.099625
3/16/2022,1.1032,1.0956,1.1048,1.0949,0.007396585,0.001462523,0.002449868,0.00210507,1.110895,1.112565,1.117665,1.10595,-0.001498473,-0.001791133,-0.001542967,-0.001757517,1.1068
3/17/2022,1.1089,1.1036,1.1139,1.1008,0.005166788,0.007301935,0.008236785,0.00538862,1.10954,1.110875,1.116425,1.104375,-0.00118298,-0.001487656,-0.001087257,-0.001391127,1.106725
3/18/2022,1.1055,1.1091,1.112,1.1003,-0.003066102,0.00498369,-0.001705719,-0.000454215,1.10821,1.10952,1.115135,1.10282,-0.00116463,-0.00118572,-0.001133024,-0.001374096,1.10385
3/21/2022,1.1014,1.1059,1.1071,1.101,-0.003708729,-0.002885222,-0.004406475,0.00063619,1.10673,1.10824,1.113535,1.10134,-0.001301485,-0.001123151,-0.001410475,-0.001306932,1.1013
3/22/2022,1.1027,1.1018,1.1047,1.096,0.001180316,-0.003707388,-0.002167826,-0.004541326,1.10524,1.10677,1.11193,1.0997,-0.001308782,-0.001295264,-0.00141791,-0.001454394,1.101
3/23/2022,1.1004,1.1027,1.1045,1.0964,-0.002085789,0.000816845,-0.000181045,0.000364964,1.103715,1.10527,1.110355,1.098015,-0.001342431,-0.001320723,-0.001391775,-0.00149373,1.099475
3/24/2022,1.0996,1.1004,1.1014,1.0965,-0.000727008,-0.002085789,-0.0028067,9.12076E-05,1.10274,1.103725,1.10886,1.09731,-0.000857073,-0.001363213,-0.001325244,-0.000626414,1.099825
3/25/2022,1.0981,1.0994,1.1039,1.0979,-0.001364132,-0.00090876,0.002269838,0.00127679,1.10131,1.102735,1.10768,1.096375,-0.001264838,-0.000873868,-0.001043804,-0.000832698,1.0978
3/28/2022,1.0978,1.0989,1.1001,1.0944,-0.000273199,-0.000454794,-0.003442341,-0.003187904,1.100105,1.101785,1.10645,1.095485,-0.001065487,-0.00083853,-0.001091752,-0.000795067,1.104325
3/29/2022,1.1085,1.098,1.1138,1.097,0.009746766,-0.000819001,0.012453413,0.002375731,1.0999,1.100595,1.10597,1.094885,-0.000163673,-0.001053915,-0.000411289,-0.000532421,1.11245
3/30/2022,1.1156,1.1087,1.1172,1.1083,0.006405052,0.009744991,0.003052613,0.01030082,1.100075,1.100395,1.106095,1.095015,0.000179049,-0.000161067,0.000128559,0.000131402,1.11175
3/31/2022,1.1065,1.1158,1.1186,1.1061,-0.008157046,0.006403896,0.001253133,-0.001985022,1.10008,1.100595,1.1064,1.095155,2.74691E-05,0.00019957,0.000289897,0.00014068,1.10555
4/1/2022,1.1053,1.1065,1.1077,1.1027,-0.001084501,-0.008334827,-0.009744323,-0.003073863,1.100715,1.100585,1.10644,1.09586,0.000596888,1.21865E-05,5.43665E-05,0.00065317,1.100625
4/4/2022,1.097,1.1039,1.1056,1.096,-0.007509274,-0.002349751,-0.00189582,-0.006075995,1.101305,1.101015,1.106955,1.09663,0.000560066,0.000409744,0.000483561,0.000716815,1.094125
4/5/2022,1.0903,1.0973,1.0989,1.09,-0.006107566,-0.005978802,-0.006060058,-0.005474453,1.101325,1.101605,1.1071,1.09689,3.81382E-05,0.00055817,0.000148604,0.000248755,1.0903
4/6/2022,1.0893,1.0906,1.0939,1.0874,-0.000917179,-0.006105896,-0.004550005,-0.002385321,1.100415,1.10162,1.106315,1.09681,-0.000815134,3.17785E-05,-0.000699334,-6.40947E-05,1.089375
4/7/2022,1.0878,1.0893,1.0939,1.0865,-0.001377031,-0.001192004,0,-0.000827662,1.09989,1.10071,1.1054,1.096255,-0.000468636,-0.000816595,-0.000816494,-0.000500336,1.087075
4/8/2022,1.0876,1.0879,1.0892,1.0836,-0.000183857,-0.001285229,-0.004296554,-0.002669121,1.099725,1.100185,1.10464,1.095925,-0.000140945,-0.000470022,-0.000680665,-0.000296692,1.09105
4/11/2022,1.0883,1.0935,1.0951,1.0873,0.000643619,0.005147532,0.00541682,0.003414544,1.099445,1.100145,1.10442,1.095785,-0.000246265,-2.601E-05,-0.000187984,-0.000121379,1.08585
4/12/2022,1.0826,1.0882,1.0905,1.0821,-0.005237526,-0.004846822,-0.00420053,-0.004782489,1.09882,1.099855,1.10384,1.09526,-0.000562991,-0.000254644,-0.000516246,-0.000475172,1.085475
4/13/2022,1.0885,1.083,1.0896,1.0808,0.005449843,-0.004778533,-0.000825309,-0.001201368,1.098085,1.099225,1.10308,1.094555,-0.000660328,-0.000566697,-0.000680005,-0.000640494,1.0849
4/14/2022,1.0827,1.0887,1.0925,1.0757,-0.005328434,0.005263158,0.002661527,-0.004718727,1.096775,1.09848,1.10201,1.0933,-0.001185089,-0.000668635,-0.000958768,-0.001145861,1.08155
4/15/2022,1.0806,1.0829,1.0831,1.0796,-0.001939595,-0.005327455,-0.008604119,0.003625546,1.09553,1.09717,1.100565,1.092265,-0.001128764,-0.001184193,-0.001303688,-0.000941873,1.07945
4/18/2022,1.078,1.0805,1.0823,1.077,-0.002406071,-0.002216271,-0.000738621,-0.002408299,1.09436,1.0959,1.099325,1.091065,-0.001063631,-0.001150745,-0.001120295,-0.001094097,1.078625
4/19/2022,1.0786,1.0783,1.0815,1.0761,0.000556586,-0.002036094,-0.000739167,-0.000835655,1.093155,1.094725,1.098165,1.09007,-0.001094817,-0.00106718,-0.001048862,-0.000908814,1.082225
4/20/2022,1.085,1.0788,1.0867,1.0784,0.005933618,0.000463693,0.004808137,0.002137348,1.092385,1.09353,1.097275,1.08917,-0.000693847,-0.001084838,-0.000799403,-0.000820195,1.08625
4/21/2022,1.0836,1.0853,1.0937,1.0824,-0.001290323,0.006025213,0.00644152,0.003709199,1.091585,1.092775,1.09689,1.088465,-0.000722012,-0.000679288,-0.000336992,-0.000639295,1.08135
4/22/2022,1.0794,1.0838,1.0852,1.077,-0.003875969,-0.001382106,-0.007771784,-0.004988914,1.09065,1.091995,1.095955,1.08742,-0.000847604,-0.000702955,-0.000839073,-0.00095258,1.077325
4/25/2022,1.0711,1.0842,1.0843,1.0697,-0.007689457,0.000369072,-0.00082934,-0.006778087,1.089315,1.09126,1.095165,1.086185,-0.001218417,-0.000661762,-0.000708423,-0.001132089,1.068125
4/26/2022,1.0636,1.0713,1.074,1.0636,-0.007002147,-0.011898174,-0.009499216,-0.005702533,1.08707,1.089925,1.093175,1.084515,-0.002055863,-0.001215721,-0.001806055,-0.001536003,1.059075
4/27/2022,1.0555,1.0638,1.0656,1.0514,-0.007615645,-0.00700084,-0.007821229,-0.011470478,1.084065,1.08768,1.090595,1.08167,-0.002756898,-0.002053012,-0.002349747,-0.002624567,1.0522
4/28/2022,1.0494,1.0557,1.0566,1.0471,-0.005779252,-0.007614213,-0.008445946,-0.004089785,1.08121,1.084675,1.087495,1.07872,-0.002638008,-0.002753918,-0.002834701,-0.002729806,1.053075
4/29/2022,1.0541,1.0498,1.0593,1.0491,0.00447875,-0.005588709,0.002555366,0.001910037,1.07865,1.08184,1.085075,1.07604,-0.002359845,-0.002616612,-0.002219716,-0.002480611,1.052825
5/2/2022,1.0504,1.055,1.0569,1.049,-0.003510103,0.004953324,-0.002265647,-9.53198E-05,1.07632,1.079395,1.08264,1.07369,-0.002159887,-0.002251458,-0.002238208,-0.002181577,1.052325
5/3/2022,1.052,1.0502,1.0579,1.0492,0.001523229,-0.004549763,0.000946163,0.000190658,1.074405,1.07704,1.08059,1.07165,-0.001778347,-0.002180006,-0.001887897,-0.001898321,1.056825
5/4/2022,1.0621,1.0516,1.0631,1.0505,0.00960076,0.001333079,0.004915398,0.001239039,1.073045,1.07509,1.07905,1.069805,-0.00125245,-0.001808057,-0.001414626,-0.001717103,1.057475
5/5/2022,1.054,1.0623,1.0643,1.0493,-0.007626401,0.010174971,0.001128774,-0.001142313,1.071355,1.07374,1.07757,1.067945,-0.001564919,-0.001239708,-0.001358188,-0.001732836,1.05445
5/6/2022,1.0551,1.0544,1.0601,1.0482,0.001043643,-0.007436694,-0.003946256,-0.001048318,1.06973,1.072065,1.076115,1.066175,-0.001503544,-0.001547282,-0.001340673,-0.001651796,1.054875
5/9/2022,1.0555,1.0551,1.0594,1.0495,0.000379111,0.000663885,-0.000660315,0.001240221,1.06809,1.070145,1.07433,1.064285,-0.001516769,-0.001771464,-0.00164453,-0.001760512,1.054875
5/10/2022,1.0527,1.0557,1.0586,1.0525,-0.002652771,0.000568666,-0.000755144,0.002858504,1.066595,1.06852,1.072735,1.062805,-0.001387531,-0.00150069,-0.00147226,-0.001378462,1.053
5/11/2022,1.0511,1.0529,1.0578,1.0502,-0.001519901,-0.002652269,-0.000755715,-0.002185273,1.064725,1.067015,1.071145,1.061275,-0.001736019,-0.001394376,-0.001468781,-0.001427657,1.044375
5/12/2022,1.0379,1.0512,1.053,1.0354,-0.012558272,-0.001614588,-0.00453772,-0.014092554,1.062485,1.06514,1.06917,1.05926,-0.00209751,-0.001738264,-0.001828743,-0.001896349,1.039
5/13/2022,1.0411,1.0379,1.0421,1.0349,0.003083149,-0.012652207,-0.010351377,-0.000482905,1.06051,1.06289,1.06712,1.057025,-0.001846373,-0.002104501,-0.001916106,-0.002101771,1.041725
5/16/2022,1.0431,1.0405,1.0444,1.0389,0.001921045,0.002505058,0.002207082,0.003865108,1.058765,1.06089,1.065225,1.05512,-0.001630017,-0.001868435,-0.001768821,-0.001788101,1.04915
5/17/2022,1.0547,1.0434,1.0556,1.0429,0.011120698,0.002787122,0.010723861,0.003850226,1.05757,1.059145,1.06393,1.05346,-0.001101812,-0.001627274,-0.001195669,-0.001553807,1.050975
5/18/2022,1.0466,1.0549,1.0564,1.046,-0.007679909,0.01102166,0.000757863,0.002972481,1.05565,1.05795,1.062415,1.05184,-0.001782488,-0.001099376,-0.001398183,-0.00151205,1.053125
5/19/2022,1.0586,1.047,1.0608,1.0461,0.011465698,-0.007488862,0.004165089,9.56023E-05,1.0544,1.056035,1.06077,1.050025,-0.001144687,-0.001775079,-0.001512005,-0.00169273,1.05695
5/20/2022,1.056,1.0586,1.06,1.0532,-0.002456074,0.011079274,-0.000754148,0.006787114,1.05323,1.054775,1.05951,1.048835,-0.001073692,-0.00115201,-0.001161123,-0.001103929,1.06295
5/23/2022,1.0689,1.0572,1.0699,1.0558,0.012215909,-0.001322501,0.009339623,0.002468667,1.05312,1.053425,1.05879,1.04814,-7.84241E-05,-0.001236589,-0.000652675,-0.000641591,1.07085
5/24/2022,1.0734,1.069,1.0749,1.0661,0.004209935,0.011161559,0.004673334,0.009755636,1.05361,1.05331,1.058835,1.048265,0.00048218,-8.36023E-05,5.59528E-05,0.000131317,1.069925
5/25/2022,1.068,1.0735,1.074,1.0642,-0.005030743,0.004209542,-0.000837287,-0.001782197,1.054235,1.053795,1.059255,1.048905,0.000611425,0.000476917,0.00040515,0.000615731,1.07005
5/26/2022,1.0724,1.0684,1.0732,1.0662,0.00411985,-0.004750815,-0.000744879,0.001879346,1.055385,1.05443,1.060085,1.04986,0.00110638,0.000620087,0.000790203,0.000914188,1.0729
5/27/2022,1.0727,1.0726,1.0766,1.0697,0.000279746,0.003931112,0.003168095,0.003282686,1.056315,1.05557,1.06095,1.05089,0.00089643,0.001096078,0.00082084,0.00098282,1.075675
5/30/2022,1.0777,1.0737,1.0787,1.0726,0.004661135,0.001025545,0.001950585,0.00271104,1.05768,1.056505,1.06204,1.05207,0.001304992,0.000899689,0.001031651,0.001123138,1.074275
5/31/2022,1.0733,1.0779,1.078,1.0679,-0.004082769,0.003911707,-0.000648929,-0.004381876,1.058745,1.05789,1.063045,1.053005,0.001024692,0.001322762,0.000951897,0.000894512,1.06865
6/1/2022,1.0646,1.0734,1.0739,1.0627,-0.008105842,-0.004174784,-0.00380334,-0.00486937,1.05887,1.05898,1.063585,1.053615,0.000139362,0.001047369,0.00051596,0.000589091,1.069725
6/2/2022,1.0745,1.0649,1.0751,1.0644,0.009299267,-0.007918763,0.001117422,0.001599699,1.059895,1.05911,1.064125,1.05437,0.000985645,0.000142682,0.000515392,0.000726192,1.07335
6/3/2022,1.0718,1.0747,1.0765,1.0704,-0.002512797,0.009202742,0.001302204,0.005636979,1.06073,1.060125,1.064945,1.05548,0.000807823,0.000974654,0.000777815,0.001060457,1.071325
6/6/2022,1.0694,1.0722,1.0753,1.0684,-0.002239224,-0.002326231,-0.001114724,-0.00186846,1.061425,1.06098,1.06574,1.056425,0.000676907,0.000825148,0.000755095,0.000905023,1.069025
6/7/2022,1.0699,1.0695,1.0715,1.0652,0.000467552,-0.002518187,-0.003533898,-0.002995133,1.062285,1.06167,1.066385,1.05706,0.000832923,0.000670806,0.000616157,0.000612341,1.07085
6/8/2022,1.0714,1.07,1.0749,1.0671,0.001402,0.000467508,0.003173122,0.001783703,1.0633,1.062525,1.06724,1.057905,0.000979018,0.000826795,0.000812599,0.00081079,1.067875
6/9/2022,1.0614,1.0717,1.0774,1.061,-0.009333582,0.001588785,0.002325798,-0.005716428,1.064475,1.06355,1.06846,1.059185,0.001140252,0.000986963,0.001155775,0.001229596,1.057025
6/10/2022,1.0515,1.0617,1.0644,1.0505,-0.009327304,-0.009330969,-0.012066085,-0.009896324,1.064995,1.06474,1.069575,1.059965,0.00051973,0.001153025,0.001070039,0.000758925,1.046075
6/13/2022,1.0408,1.0514,1.0521,1.04,-0.010175939,-0.009701422,-0.011555806,-0.00999524,1.06488,1.065285,1.06996,1.06002,-8.51195E-05,0.000542701,0.000381895,6.59075E-05,1.0427
6/14/2022,1.0414,1.0411,1.0486,1.0397,0.00057648,-0.009796462,-0.00332668,-0.000288462,1.064215,1.06517,1.06961,1.05986,-0.00061233,-8.64781E-05,-0.000320632,-0.000141027,1.0432
6/15/2022,1.0443,1.0417,1.0509,1.0359,0.002784713,0.000576314,0.002193401,-0.0036549,1.0641,1.06451,1.069335,1.059355,-8.90993E-05,-0.000608745,-0.000248855,-0.000472396,1.0493
6/16/2022,1.0547,1.0442,1.0602,1.0381,0.009958824,0.002399923,0.008849558,0.002123757,1.063905,1.06437,1.069305,1.058955,-0.000164443,-0.000114306,-1.46317E-05,-0.000370988,1.0513
6/17/2022,1.0498,1.0549,1.0561,1.0444,-0.004645871,0.010247079,-0.003867195,0.00606878,1.063595,1.064185,1.06911,1.058515,-0.000273933,-0.000155916,-0.000170284,-0.000406905,1.05
6/20/2022,1.0509,1.0472,1.0547,1.0472,0.001047819,-0.00729927,-0.001325632,0.002680965,1.062695,1.063685,1.06835,1.058085,-0.000832337,-0.000454754,-0.000703547,-0.00039629,1.05315
6/21/2022,1.0525,1.0511,1.0583,1.0507,0.001522505,0.003724217,0.003413293,0.003342246,1.06165,1.06279,1.06752,1.057315,-0.000966709,-0.000826621,-0.000766549,-0.000716959,1.054175
6/22/2022,1.0565,1.0527,1.0606,1.0469,0.003800475,0.001522215,0.002173297,-0.003616637,1.061075,1.06175,1.06685,1.05645,-0.000525148,-0.000960988,-0.00061602,-0.000808681,1.05385
6/23/2022,1.0523,1.0567,1.0582,1.0482,-0.00397539,0.003799753,-0.00226287,0.001241761,1.06007,1.061165,1.0661,1.05555,-0.00092991,-0.000533459,-0.000691919,-0.000840561,1.054075
6/24/2022,1.0554,1.0526,1.0572,1.0511,0.002945928,-0.003880004,-0.000945001,0.002766648,1.059205,1.060165,1.06513,1.05462,-0.000796601,-0.000924015,-0.000897574,-0.000866363,1.057575
6/27/2022,1.0583,1.0555,1.0616,1.0549,0.002747773,0.002755083,0.004161937,0.00361526,1.058235,1.059255,1.064275,1.053735,-0.000892269,-0.000837538,-0.000787006,-0.000821152,1.055325
6/28/2022,1.0518,1.0585,1.0607,1.0503,-0.006141926,0.002842255,-0.000847777,-0.004360603,1.05716,1.058285,1.06341,1.052855,-0.000995227,-0.000891011,-0.000796949,-0.000820088,1.048225
6/29/2022,1.0439,1.0518,1.0537,1.0435,-0.007510934,-0.006329712,-0.006599415,-0.006474341,1.056125,1.057205,1.0624,1.051895,-0.000965482,-0.000998757,-0.000936753,-0.000900337,1.04485
6/30/2022,1.0482,1.0441,1.0489,1.0382,0.004119169,-0.007320783,-0.004555376,-0.005079061,1.05481,1.056165,1.06109,1.050585,-0.001224486,-0.000968858,-0.001220392,-0.001234275,1.044025
7/1/2022,1.0428,1.0481,1.0486,1.0366,-0.005151689,0.003831051,-0.000286014,-0.001541129,1.05336,1.054835,1.059695,1.048895,-0.001356431,-0.001237443,-0.001299803,-0.00159318,1.043125
7/4/2022,1.0421,1.0424,1.0463,1.0417,-0.00067127,-0.005438412,-0.002193401,0.004919931,1.051995,1.053345,1.058245,1.04756,-0.001278033,-0.001393052,-0.001353737,-0.00125376,1.03425
7/5/2022,1.0266,1.0419,1.045,1.0235,-0.014873812,-0.000479662,-0.001242473,-0.017471441,1.04983,1.051965,1.05692,1.045475,-0.002045102,-0.001291126,-0.001239166,-0.001977576,1.0222
7/6/2022,1.0181,1.0268,1.0277,1.0162,-0.008279758,-0.014492754,-0.016555024,-0.007132389,1.047165,1.049805,1.05456,1.04293,-0.00252919,-0.002039139,-0.002225573,-0.00242338,1.017625
7/7/2022,1.0159,1.0181,1.0222,1.0143,-0.002160888,-0.008472926,-0.005351756,-0.001869711,1.04489,1.047125,1.0518,1.040595,-0.002170555,-0.002542224,-0.002609451,-0.002231044,1.0152
7/8/2022,1.0183,1.016,1.0193,1.0072,0.002362437,-0.002062666,-0.002837018,-0.006999901,1.04323,1.04484,1.049545,1.03843,-0.001586068,-0.002178809,-0.002147998,-0.002086223,1.0108
7/11/2022,1.0039,1.0174,1.0185,1.0034,-0.014141216,0.001377953,-0.000784852,-0.003772836,1.041385,1.04314,1.047865,1.0366,-0.001784332,-0.00162484,-0.00160945,-0.001775103,1.003775
7/12/2022,1.0036,1.004,1.0075,1,-0.000298835,-0.013170828,-0.010800196,-0.003388479,1.039495,1.041285,1.04581,1.034615,-0.001828097,-0.001793559,-0.001983126,-0.001930104,1.005525
7/13/2022,1.006,1.004,1.0123,0.9998,0.002391391,0,0.004764268,-0.0002,1.03758,1.0394,1.04388,1.03281,-0.001847763,-0.001822374,-0.001854582,-0.001757359,1.00235
7/14/2022,1.0016,1.0061,1.0065,0.9952,-0.004373757,0.002091633,-0.005729527,-0.00460092,1.034925,1.037495,1.041195,1.030665,-0.002564392,-0.001837789,-0.002583537,-0.002093593,1.00525
7/15/2022,1.0087,1.0018,1.0099,1.0006,0.007088658,-0.004273929,0.003378043,0.005426045,1.03287,1.03484,1.038885,1.028475,-0.001977666,-0.002563839,-0.002221275,-0.00212573,1.01265
7/18/2022,1.0141,1.0085,1.0202,1.0078,0.005353425,0.006687962,0.01019903,0.007195683,1.03103,1.032905,1.03716,1.026505,-0.001762386,-0.001864478,-0.001645042,-0.001899994,1.0189
7/19/2022,1.0224,1.0143,1.0269,1.012,0.008184597,0.005751116,0.00656734,0.004167494,1.029525,1.031065,1.03559,1.02457,-0.001429281,-0.001763133,-0.001487339,-0.001858731,1.02085
7/20/2022,1.0177,1.0228,1.0274,1.0155,-0.004597027,0.008380164,0.000486902,0.003458498,1.027585,1.02957,1.03393,1.023,-0.001849156,-0.001420235,-0.001571659,-0.001504975,1.020975
7/21/2022,1.0228,1.0178,1.0279,1.0154,0.0050113,-0.004888541,0.000486665,-9.84737E-05,1.02611,1.027625,1.032415,1.02136,-0.001399822,-0.00185465,-0.001434182,-0.001571986,1.020625
7/22/2022,1.021,1.0229,1.0256,1.013,-0.001759875,0.005010808,-0.002237572,-0.002363601,1.02439,1.02614,1.030835,1.019455,-0.001635112,-0.001410109,-0.001498811,-0.001828499,1.02175
7/25/2022,1.022,1.0212,1.0259,1.0179,0.000979432,-0.001661942,0.000292512,0.004837117,1.022575,1.024425,1.02905,1.017605,-0.001723529,-0.001630961,-0.001692282,-0.001767406,1.017325
7/26/2022,1.0114,1.022,1.0252,1.0107,-0.01037182,0.000783392,-0.000682328,-0.007073386,1.020555,1.0226,1.027275,1.015625,-0.001935024,-0.001733904,-0.00168401,-0.001903045,1.0159
7/27/2022,1.0202,1.0117,1.0221,1.0096,0.008700811,-0.010078278,-0.0030238,-0.001088355,1.01937,1.020595,1.025695,1.01393,-0.001124436,-0.001921332,-0.001505229,-0.001633746,1.0186
7/28/2022,1.0196,1.0198,1.0236,1.0114,-0.00058812,0.008006326,0.001467567,0.001782884,1.01794,1.01938,1.02443,1.01259,-0.001359801,-0.001154977,-0.001204082,-0.001290648,1.020375
7/29/2022,1.0218,1.0197,1.0255,1.0145,0.002157709,-9.80584E-05,0.001856194,0.003065058,1.01689,1.01796,1.023275,1.011485,-0.000994331,-0.001351432,-0.001096971,-0.001060339,1.024
8/1/2022,1.0261,1.0218,1.0276,1.0205,0.00420826,0.002059429,0.002047782,0.005914243,1.01609,1.01693,1.02234,1.010425,-0.000750354,-0.00097654,-0.000884912,-0.001010623,1.022075
8/2/2022,1.0164,1.0261,1.0295,1.0163,-0.00945327,0.00420826,0.001848968,-0.00411563,1.01558,1.01614,1.021565,1.010065,-0.000479327,-0.000742144,-0.00073034,-0.000342833,1.01655
8/3/2022,1.0164,1.0166,1.021,1.0122,0,-0.009258357,-0.008256435,-0.004034242,1.015495,1.01563,1.02123,1.009865,-6.53393E-05,-0.000480424,-0.000315411,-0.000187926,1.02035
8/4/2022,1.0243,1.0162,1.0255,1.0154,0.00777253,-0.000393468,0.004407444,0.003161431,1.015915,1.015535,1.021395,1.00992,0.000431332,-7.64512E-05,0.000172549,6.36315E-05,1.02055
8/5/2022,1.0181,1.0247,1.0253,1.0141,-0.006052914,0.008364495,-0.000195027,-0.001280284,1.015905,1.01597,1.021695,1.010265,1.0564E-05,0.000444907,0.000304649,0.000349612,1.0189
8/8/2022,1.0195,1.0179,1.0223,1.0159,0.00137511,-0.006636089,-0.002925973,0.001774973,1.016685,1.015995,1.021885,1.01089,0.00078638,4.42047E-05,0.000197593,0.000627003,1.021125
8/9/2022,1.0211,1.0198,1.0248,1.0188,0.001569397,0.001866588,0.002445466,0.002854612,1.01756,1.016785,1.02275,1.01183,0.000879792,0.000796076,0.000859876,0.000939157,1.027075
8/10/2022,1.0297,1.0214,1.037,1.0202,0.00842229,0.001568935,0.011904762,0.001374166,1.018745,1.017655,1.023985,1.01285,0.001181337,0.000874522,0.001216901,0.001017866,1.031425
8/11/2022,1.0317,1.0299,1.0366,1.0275,0.001942313,0.008321911,-0.000385728,0.00715546,1.02025,1.018845,1.02549,1.014465,0.00149714,0.001186036,0.001484091,0.001605685,1.0285
8/12/2022,1.0258,1.0316,1.0328,1.0238,-0.005718717,0.001650646,-0.003665831,-0.003600973,1.021105,1.020335,1.026635,1.015625,0.000856772,0.001482265,0.001131897,0.001154334,1.021175
8/15/2022,1.016,1.0263,1.0269,1.0155,-0.009553519,-0.00513765,-0.005712626,-0.008107052,1.0212,1.021225,1.02697,1.01601,0.000111424,0.000890984,0.000336314,0.000389197,1.01625
8/16/2022,1.017,1.0162,1.0196,1.0122,0.000984252,-0.009841177,-0.007108774,-0.003249631,1.02093,1.02132,1.026605,1.01602,-0.000248593,0.00011137,-0.000347492,1.83408E-05,1.017475
8/17/2022,1.018,1.017,1.0204,1.0145,0.000983284,0.000787247,0.000784621,0.002272278,1.020945,1.02103,1.026255,1.01597,3.04227E-05,-0.000268276,-0.000332606,-4.09702E-05,1.01355
8/18/2022,1.0088,1.018,1.0194,1.008,-0.009037328,0.000983284,-0.000980008,-0.006407097,1.020245,1.02104,1.02583,1.0156,-0.000672009,2.53151E-05,-0.000405939,-0.000356401,1.006325
8/19/2022,1.0034,1.009,1.0097,1.0032,-0.005352895,-0.008840864,-0.009515401,-0.004761905,1.019365,1.020345,1.025035,1.01511,-0.00085166,-0.000667269,-0.000769831,-0.000476317,0.9989
8/22/2022,0.9941,1.0041,1.0048,0.9926,-0.009268487,-0.004856293,-0.004852927,-0.010566188,1.01797,1.01949,1.02398,1.013845,-0.001364056,-0.000826986,-0.001027103,-0.001246482,0.99575
8/23/2022,0.9967,0.9944,1.0019,0.99,0.002615431,-0.009660392,-0.002886146,-0.002619383,1.017235,1.01811,1.022815,1.01281,-0.000714693,-0.001349175,-0.001137294,-0.001023782,0.99615
8/24/2022,0.9965,0.9971,1,0.991,-0.000200662,0.002715205,-0.001896397,0.001010101,1.01605,1.01738,1.02171,1.01188,-0.001159767,-0.000709501,-0.001080923,-0.000918859,0.998125
8/25/2022,0.9974,0.9967,1.0035,0.9949,0.000903161,-0.000401163,0.0035,0.003935419,1.01494,1.016225,1.020705,1.011055,-0.001085203,-0.001129876,-0.000979302,-0.000811232,0.99935
8/26/2022,0.9961,0.9975,1.0091,0.9947,-0.001303389,0.000802649,0.005580468,-0.000201025,1.013655,1.015115,1.019885,1.010065,-0.001258258,-0.00108484,-0.000793088,-0.000974536,0.9979
8/29/2022,0.9995,0.9977,1.003,0.9914,0.003413312,0.000200501,-0.006044991,-0.003317583,1.012325,1.01391,1.018655,1.00861,-0.001298005,-0.001177787,-0.001197727,-0.001436128,1.00115
8/30/2022,1.0012,0.9996,1.0056,0.9982,0.00170085,0.00190438,0.002592223,0.006858987,1.011565,1.012585,1.01746,1.007705,-0.000740299,-0.001292981,-0.001160564,-0.000887397,1.00305
8/31/2022,1.0057,1.0014,1.008,0.9971,0.004494606,0.00180072,0.002386635,-0.001101984,1.01103,1.011825,1.01681,1.00695,-0.000515569,-0.000740027,-0.00062841,-0.000740784,0.999175
9/1/2022,0.9944,1.0055,1.0057,0.9911,-0.011235955,0.004094268,-0.002281746,-0.006017451,1.009535,1.01129,1.01582,1.005735,-0.001465993,-0.00051564,-0.00096287,-0.001199728,0.996875
9/2/2022,0.9951,0.9946,1.0035,0.9943,0.000703942,-0.010840378,-0.002187531,0.003228736,1.008385,1.009785,1.01473,1.004745,-0.00112815,-0.001475884,-0.001062495,-0.000974277,0.992575
9/5/2022,0.9926,0.995,0.995,0.9877,-0.00251231,0.000402172,-0.008470354,-0.006637836,1.00704,1.00864,1.013365,1.003335,-0.001322521,-0.001123971,-0.001339714,-0.001394917,0.992
9/6/2022,0.9902,0.9927,0.9987,0.9864,-0.002417892,-0.002311558,0.003718593,-0.001316189,1.005495,1.007285,1.01206,1.001715,-0.001521886,-0.001332878,-0.001276058,-0.001603458,0.99475
9/7/2022,0.9999,0.9904,1.0012,0.9875,0.009796001,-0.002316913,0.002503254,0.001115166,1.004005,1.005735,1.01027,1.00008,-0.0014532,-0.00152717,-0.001746133,-0.001616407,0.99895
9/8/2022,0.9994,1.0002,1.0031,0.9931,-0.00050005,0.009894992,0.001897723,0.005670886,1.00239,1.00425,1.008595,0.99836,-0.001575318,-0.001448516,-0.001631961,-0.001690636,1.003575
9/9/2022,1.0039,0.9995,1.0114,0.9995,0.004502702,-0.00069986,0.00827435,0.006444467,1.001295,1.002645,1.007525,0.997145,-0.001064247,-0.001566042,-0.001034952,-0.001188364,1.011425
9/12/2022,1.0119,1.008,1.0199,1.0059,0.007968921,0.008504252,0.008404192,0.006403202,1.00109,1.00173,1.007175,0.996665,-0.000188125,-0.000883946,-0.000329111,-0.000462851,1.006175
9/13/2022,0.997,1.0123,1.0188,0.9966,-0.014724775,0.004265873,-0.001078537,-0.009245452,1.00009,1.001535,1.007135,0.995885,-0.000973577,-0.000178594,-2.75989E-05,-0.000762643,0.998175
9/14/2022,0.9977,0.9969,1.0025,0.9956,0.000702106,-0.015212882,-0.015999215,-0.001003412,0.999075,1.00053,1.00624,0.99494,-0.000987636,-0.0009786,-0.000866791,-0.000926427,0.998875
9/15/2022,0.9999,0.9981,1.0019,0.9956,0.002205072,0.001203732,-0.000598504,0,0.99863,0.999535,1.005365,0.99432,-0.000425516,-0.000967578,-0.000847716,-0.000606072,0.99995
9/16/2022,1.0015,1.0001,1.0037,0.9945,0.00160016,0.002003807,0.001796586,-0.001104861,0.998535,0.99909,1.005065,0.993885,-7.78628E-05,-0.000425344,-0.000282116,-0.00042322,1.00075
9/19/2022,1.0022,1.0012,1.003,0.9966,0.000698952,0.00109989,-0.00069742,0.002111614,0.99894,0.998945,1.004975,0.994085,0.000420509,-0.000127535,-7.43408E-05,0.00021067,1
9/20/2022,0.997,1.0023,1.0052,0.9955,-0.005188585,0.001098682,0.00219342,-0.001103753,0.998955,0.99934,1.00514,0.99436,3.03083E-05,0.000410418,0.000179638,0.000286452,0.99
9/21/2022,0.9837,0.9972,0.9978,0.9813,-0.01334002,-0.005088297,-0.007361719,-0.014264189,0.998315,0.999345,1.00503,0.993875,-0.00062666,2.02433E-05,-9.36286E-05,-0.000477263,0.98475
9/22/2022,0.9836,0.9837,0.9908,0.9809,-0.000101657,-0.013537906,-0.007015434,-0.000407623,0.997625,0.998695,1.004395,0.993175,-0.0006769,-0.000636594,-0.0006194,-0.000694415,0.9762
9/23/2022,0.969,0.9837,0.9853,0.9668,-0.014843432,0,-0.00555107,-0.014374554,0.99627,0.998005,1.003205,0.99178,-0.001353903,-0.000676726,-0.001175977,-0.001403091,0.964075
9/26/2022,0.9606,0.9679,0.9711,0.9567,-0.008668731,-0.016061807,-0.014411854,-0.010446835,0.994325,0.996515,1.00161,0.990045,-0.001958005,-0.001489842,-0.00159432,-0.001759554,0.961075
9/27/2022,0.9592,0.961,0.9672,0.9569,-0.001457422,-0.007128836,-0.004016064,0.000209052,0.992225,0.994585,0.99969,0.98798,-0.002115918,-0.001941502,-0.001924735,-0.002092051,0.9654
9/28/2022,0.9734,0.9594,0.9752,0.9536,0.014804003,-0.001664932,0.008271299,-0.003448636,0.99061,0.992485,0.99805,0.985805,-0.001600449,-0.002114785,-0.001630502,-0.002209383,0.975025
9/29/2022,0.9814,0.9735,0.9817,0.9635,0.008218615,0.014696685,0.006665299,0.010381711,0.98996,0.990885,0.99685,0.984425,-0.00062772,-0.001584664,-0.001183149,-0.001389425,0.98015
9/30/2022,0.9799,0.9817,0.9855,0.9735,-0.001528429,0.008423215,0.003870836,0.010378827,0.9892,0.99024,0.99595,0.983385,-0.000739339,-0.000621485,-0.000880231,-0.001031921,0.980575
10/3/2022,0.9824,0.98,0.9846,0.9753,0.002551281,-0.00173169,-0.000913242,0.001848998,0.98869,0.98949,0.99543,0.982765,-0.000486159,-0.000728178,-0.000502375,-0.000607579,0.990375
10/4/2022,0.9983,0.9826,1,0.9806,0.016184853,0.002653061,0.015640869,0.005434225,0.989095,0.988985,0.995495,0.982475,0.000443978,-0.000479947,9.37385E-05,-0.000270058,0.99245
10/5/2022,0.9882,0.9986,0.9996,0.9834,-0.010117199,0.01628333,-0.0004,0.002855395,0.98851,0.989395,0.995415,0.98227,-0.000551682,0.000450065,-5.14242E-05,-0.000183047,0.98455
10/6/2022,0.9788,0.9879,0.9927,0.9788,-0.009512244,-0.010715001,-0.006902761,-0.004677649,0.98748,0.98878,0.994895,0.981555,-0.001002292,-0.000580434,-0.000491448,-0.000700474,0.9769
10/7/2022,0.9741,0.9791,0.9818,0.9726,-0.004801798,-0.008907784,-0.010980155,-0.006334287,0.98599,0.98776,0.993415,0.98021,-0.001467516,-0.00099083,-0.001454174,-0.001339411,0.971825
10/10/2022,0.97,0.9737,0.9754,0.9682,-0.004209013,-0.005515269,-0.006518639,-0.004523956,0.983895,0.986045,0.99119,0.978325,-0.002076413,-0.001691806,-0.002200315,-0.001885769,0.971275
10/11/2022,0.9703,0.97,0.9776,0.9672,0.000309278,-0.003799938,0.002255485,-0.001032844,0.98256,0.98393,0.98913,0.976855,-0.001324711,-0.002095097,-0.002033614,-0.001475139,0.970375
10/12/2022,0.9704,0.9708,0.9735,0.9668,0.000103061,0.000824742,-0.004193944,-0.000413565,0.981195,0.982625,0.98768,0.975415,-0.001354663,-0.001293216,-0.001443351,-0.001445646,0.97285
10/13/2022,0.9773,0.9702,0.9807,0.9632,0.00711047,-0.000618047,0.007395994,-0.003723624,0.980065,0.98123,0.98662,0.973795,-0.001109393,-0.001384305,-0.001043626,-0.001631828,0.97535
10/14/2022,0.9719,0.9778,0.9809,0.9708,-0.005525427,0.007833436,0.000203936,0.007890365,0.978585,0.980115,0.98548,0.97261,-0.001465672,-0.001092823,-0.001123258,-0.001182066,0.9784
10/17/2022,0.9838,0.9726,0.9853,0.9719,0.012244058,-0.005318061,0.004485676,0.001133086,0.977665,0.978685,0.984595,0.971375,-0.000888417,-0.001413721,-0.000864103,-0.001230993,0.984475
10/18/2022,0.9852,0.9838,0.9877,0.9812,0.001423053,0.011515525,0.002435806,0.009568886,0.977075,0.97776,0.98372,0.97066,-0.000557835,-0.000892879,-0.000851984,-0.000697361,0.9815
10/19/2022,0.9771,0.9859,0.9873,0.9757,-0.008221681,0.00213458,-0.000404981,-0.005605381,0.976745,0.977195,0.983195,0.97038,-0.000301918,-0.000531735,-0.000504147,-0.00026442,0.9789
10/20/2022,0.9783,0.9773,0.9846,0.9754,0.001228124,-0.008722994,-0.002734731,-0.000307472,0.97648,0.976875,0.982885,0.970105,-0.000235429,-0.000290989,-0.000290112,-0.000259413,0.980525
10/21/2022,0.986,0.9786,0.987,0.9705,0.007870796,0.001330195,0.002437538,-0.00502358,0.97733,0.97662,0.98297,0.97029,0.000900282,-0.000224479,0.000109318,0.000208136,0.9862
10/24/2022,0.9874,0.9867,0.99,0.9807,0.001419878,0.008277131,0.003039514,0.010510046,0.97867,0.97756,0.983915,0.97149,0.001404713,0.000992467,0.000981887,0.00125598,0.9916
10/25/2022,0.9964,0.9874,0.9978,0.9848,0.009114847,0.000709435,0.007878788,0.004180687,0.98053,0.97888,0.985445,0.972885,0.001933326,0.001384381,0.001576629,0.001454562,1.0019
10/26/2022,1.0077,0.9966,1.009,0.9943,0.011340827,0.009317399,0.011224694,0.009646629,0.982245,0.98074,0.987135,0.97492,0.001760168,0.001933498,0.001724299,0.002109325,1.002325
10/27/2022,0.9962,1.0079,1.0095,0.9957,-0.011412127,0.011338551,0.00049554,0.001408026,0.982985,0.98246,0.988525,0.97653,0.00077863,0.001765591,0.001415811,0.001660641,0.996325
10/28/2022,0.9963,0.9965,0.9999,0.9926,0.000100381,-0.011310646,-0.009509658,-0.003113388,0.983805,0.9832,0.989245,0.977485,0.000860071,0.000778898,0.000746786,0.00098603,0.991725
10/31/2022,0.9883,0.9947,0.9967,0.9872,-0.00802971,-0.001806322,-0.00320032,-0.005440258,0.9841,0.983935,0.98985,0.97808,0.000331021,0.000775166,0.000632433,0.000621567,0.9891
11/1/2022,0.9874,0.9882,0.9955,0.9853,-0.000910655,-0.006534634,-0.001203973,-0.001924635,0.983555,0.984215,0.989625,0.978315,-0.000523754,0.000315781,-0.00020981,0.000253624,0.98705
11/2/2022,0.9817,0.9875,0.9977,0.9813,-0.005772736,-0.000708359,0.002209945,-0.004059677,0.98323,0.98366,0.98953,0.97821,-0.000306531,-0.000533803,-7.93124E-05,-9.21296E-05,0.9785
11/3/2022,0.9751,0.9819,0.984,0.973,-0.006723031,-0.005670886,-0.013731583,-0.008458168,0.983045,0.98336,0.989095,0.97792,-0.00016707,-0.000281597,-0.000420753,-0.000281156,0.9855
11/4/2022,0.996,0.975,0.9968,0.9742,0.021433699,-0.007027192,0.01300813,0.001233299,0.98414,0.983155,0.989845,0.978,0.001144705,-0.000187568,0.000778661,9.72238E-05,0.9966
11/7/2022,1.0019,0.9911,1.0035,0.9899,0.005923695,0.016512821,0.006721509,0.016115787,0.985735,0.984025,0.99125,0.979085,0.00165134,0.000913837,0.001440668,0.001129211,1.00405
11/8/2022,1.0072,1.0021,1.0097,0.9972,0.005289949,0.011098779,0.006178376,0.007374482,0.98758,0.98563,0.992855,0.980585,0.001900374,0.001658773,0.001636813,0.001549577,1.004175
11/9/2022,1.0011,1.0074,1.0089,0.9993,-0.006056394,0.005288893,-0.000792315,0.002105897,0.989115,0.98746,0.994625,0.98221,0.001592401,0.00188198,0.001806894,0.00167555,1.00935
11/10/2022,1.0208,1.0008,1.0223,0.9935,0.019678354,-0.006551519,0.013281792,-0.005804063,0.99129,0.98899,0.996705,0.983725,0.002220795,0.001585307,0.002101184,0.001571528,1.027225
11/11/2022,1.0352,1.0209,1.0365,1.0163,0.014106583,0.020083933,0.013890247,0.02294917,0.994455,0.991145,0.999485,0.986,0.003202396,0.002197832,0.0027855,0.002324469,1.03325
11/14/2022,1.0325,1.0366,1.0368,1.0271,-0.002608192,0.015378588,0.000289436,0.010626783,0.99689,0.994345,1.00206,0.98876,0.002459783,0.003232664,0.002575688,0.002799154,1.035875
11/15/2022,1.0348,1.0325,1.0482,1.028,0.002227603,-0.003955238,0.01099537,0.000876254,0.99937,0.99678,1.005085,0.9911,0.002500011,0.002459126,0.003003666,0.002364522,1.037775
11/16/2022,1.0392,1.0349,1.044,1.033,0.004252029,0.002324455,-0.004006869,0.004863813,1.002475,0.99923,1.00792,0.993965,0.003123696,0.00246862,0.002823572,0.002887982,1.0367
11/17/2022,1.036,1.0395,1.0408,1.0305,-0.003079292,0.004444874,-0.003065134,-0.002420136,1.00536,1.00234,1.01073,0.99672,0.002908325,0.003127013,0.002807051,0.002782348,1.0349
11/18/2022,1.0324,1.0362,1.0397,1.0313,-0.003474903,-0.003174603,-0.001056879,0.000776322,1.00768,1.00522,1.013365,0.99976,0.00234104,0.002901773,0.00263233,0.003072344,1.0279
11/21/2022,1.0241,1.0318,1.0334,1.0223,-0.00803952,-0.004246285,-0.00605944,-0.00872685,1.009515,1.007475,1.015535,1.00184,0.00186807,0.002275602,0.002177383,0.002110499,1.02735
11/22/2022,1.0302,1.0243,1.0309,1.024,0.00595645,-0.007268851,-0.002419199,0.001662917,1.011205,1.00932,1.01719,1.0038,0.001710151,0.001876688,0.001662483,0.00198461,1.035075
11/23/2022,1.0395,1.0305,1.0406,1.0297,0.009027373,0.006052914,0.009409254,0.005566406,1.012795,1.011015,1.01877,1.00557,0.001594478,0.001713464,0.001571711,0.001780599,1.040925
11/24/2022,1.0408,1.0398,1.045,1.0381,0.001250601,0.009024745,0.00422833,0.008157716,1.015025,1.01261,1.020545,1.00769,0.002227614,0.001597773,0.001758351,0.002118084,1.039725
11/25/2022,1.0395,1.0409,1.043,1.0355,-0.001249039,0.001057896,-0.001913876,-0.002504576,1.017185,1.01483,1.0227,1.009835,0.002160143,0.0022162,0.00213814,0.002148524,1.038675
11/28/2022,1.0337,1.0382,1.0498,1.033,-0.005579606,-0.002593909,0.006519655,-0.002414293,1.019455,1.017005,1.025355,1.012125,0.002282648,0.002176821,0.002624139,0.002299822,1.034575
11/29/2022,1.0327,1.034,1.0396,1.032,-0.000967399,-0.004045463,-0.009716136,-0.000968054,1.02172,1.019295,1.02756,1.01446,0.002279811,0.00230128,0.002198531,0.002347652,1.036325
11/30/2022,1.0405,1.0329,1.0429,1.029,0.007553016,-0.00106383,0.003174298,-0.002906977,1.02466,1.021565,1.02982,1.016845,0.002946099,0.002283506,0.002246748,0.002405287,1.046425
12/1/2022,1.0522,1.0407,1.0535,1.0393,0.011244594,0.007551554,0.010163966,0.010009718,1.028515,1.024505,1.033295,1.02016,0.00384448,0.002944628,0.003441526,0.003328681,1.05085
12/2/2022,1.0538,1.0524,1.0545,1.0427,0.001520623,0.011242433,0.000949217,0.003271433,1.031405,1.028375,1.03618,1.023585,0.002848826,0.003858109,0.00283858,0.003430588,1.0521
12/5/2022,1.0491,1.0517,1.0596,1.048,-0.004460049,-0.000665146,0.004836415,0.005082958,1.033765,1.031405,1.038985,1.02649,0.002329639,0.002999211,0.002744325,0.002878946,1.048775
12/6/2022,1.0469,1.0489,1.0534,1.0459,-0.002097036,-0.002662356,-0.005851265,-0.002003817,1.03575,1.033745,1.04117,1.028925,0.00196029,0.002311154,0.002142843,0.002410031,1.049175
12/7/2022,1.0505,1.0469,1.0551,1.0442,0.003438724,-0.001906759,0.001613822,-0.001625394,1.03822,1.03572,1.04348,1.03117,0.002435046,0.001951372,0.00226315,0.002223467,1.052975
12/8/2022,1.0556,1.0508,1.0566,1.0489,0.004854831,0.003725284,0.001421666,0.004501053,1.03996,1.03822,1.045195,1.03394,0.00169387,0.002465212,0.001670144,0.002738722,1.054625
12/9/2022,1.053,1.0559,1.0589,1.0507,-0.002463054,0.004853445,0.002176793,0.001716084,1.04085,1.03997,1.046315,1.03566,0.000865388,0.001703687,0.001084471,0.001677068,1.05375
12/12/2022,1.0535,1.0528,1.0581,1.0506,0.000474834,-0.002935884,-0.000755501,-9.51746E-05,1.0419,1.04078,1.04738,1.036835,0.001019539,0.000787964,0.001032224,0.00114097,1.05915
12/13/2022,1.063,1.0534,1.0674,1.0528,0.009017561,0.000569909,0.008789339,0.002094042,1.04331,1.041825,1.04834,1.038075,0.001359037,0.001014221,0.000921923,0.00120186,1.06575
12/14/2022,1.0682,1.0633,1.0696,1.0619,0.004891816,0.009398139,0.002061083,0.008643617,1.04476,1.043245,1.04962,1.03952,0.001391026,0.001367905,0.00122532,0.00139085,1.06595
12/15/2022,1.0626,1.0683,1.0737,1.0592,-0.005242464,0.004702342,0.003833209,-0.002542612,1.04609,1.044685,1.051265,1.040955,0.001282868,0.001380779,0.001570238,0.001384726,1.0614
12/16/2022,1.0582,1.0626,1.0664,1.0584,-0.004140787,-0.00533558,-0.00679892,-0.000755287,1.04738,1.046005,1.0526,1.04231,0.001249573,0.00127273,0.001283136,0.001308145,1.060775
12/19/2022,1.0605,1.0591,1.0659,1.0576,0.002173502,-0.003293808,-0.000468867,-0.000755858,1.0492,1.04737,1.054225,1.044075,0.001760225,0.001320354,0.001562664,0.001706695,1.06165
12/20/2022,1.0621,1.0606,1.066,1.0579,0.001508722,0.001416297,9.38174E-05,0.000283661,1.050795,1.049185,1.05598,1.04577,0.001537838,0.001754611,0.001688315,0.001637732,1.061575
12/21/2022,1.0603,1.0625,1.0646,1.0589,-0.001694756,0.001791439,-0.001313321,0.000945269,1.051835,1.050785,1.05718,1.04723,0.001001732,0.001541537,0.001152186,0.001406675,1.0608
12/22/2022,1.0593,1.0607,1.066,1.0572,-0.000943129,-0.001694118,0.001315048,-0.00160544,1.05276,1.05183,1.05823,1.048185,0.000892045,0.001005594,0.001006522,0.000918518,1.0607
12/23/2022,1.0614,1.0595,1.0633,1.0586,0.001982441,-0.001131328,-0.002532833,0.001324253,1.053855,1.05276,1.059245,1.04934,0.001053619,0.000896133,0.000975574,0.001109959,1.0622
12/26/2022,1.0635,1.0611,1.0638,1.0604,0.001978519,0.001510146,0.000470234,0.001700359,1.055345,1.053905,1.059945,1.05071,0.001431525,0.001101336,0.000673103,0.001315692,1.063925
12/27/2022,1.0638,1.0638,1.067,1.0611,0.000282087,0.002544529,0.003008084,0.000660128,1.0569,1.055395,1.061315,1.052165,0.001494,0.001430835,0.001309314,0.001397101,1.063275
12/28/2022,1.0608,1.0642,1.0675,1.0606,-0.002820079,0.000376011,0.000468604,-0.000471209,1.057915,1.05696,1.062545,1.053745,0.000975345,0.001502827,0.00117403,0.001518889,1.06425
12/29/2022,1.0661,1.0609,1.0691,1.0609,0.004996229,-0.003100921,0.001498829,0.000282859,1.05861,1.05797,1.063325,1.054825,0.000662927,0.000970204,0.000740773,0.001032546,1.06795
12/30/2022,1.0702,1.0663,1.0714,1.0639,0.003845793,0.005090018,0.002151342,0.002827788,1.05943,1.058665,1.06417,1.055885,0.000779185,0.000662583,0.000800879,0.001010364,1.06805
1/2/2023,1.0662,1.0702,1.0708,1.065,-0.003737619,0.003657507,-0.000560015,0.001033932,1.060285,1.05959,1.06473,1.056735,0.000815307,0.000878716,0.000531058,0.000807913,1.060325
1/3/2023,1.0546,1.0664,1.0684,1.0519,-0.01087976,-0.003550738,-0.002241315,-0.012300469,1.06067,1.060465,1.06548,1.057035,0.000376171,0.000834296,0.000711555,0.00029308,1.0582
1/4/2023,1.0599,1.0552,1.0636,1.0541,0.005025602,-0.010502626,-0.004492699,0.002091454,1.06114,1.06088,1.065905,1.05753,0.000455514,0.000404503,0.000406229,0.000478922,1.0568
1/5/2023,1.052,1.0604,1.0633,1.0515,-0.007453533,0.004927976,-0.000282061,-0.002466559,1.06096,1.06136,1.06624,1.05766,-0.000159904,0.000464638,0.000321043,0.000130542,1.057425
1/6/2023,1.0644,1.0522,1.0648,1.0483,0.011787072,-0.007732931,0.001410703,-0.003043272,1.06153,1.061175,1.066535,1.05754,0.000552603,-0.000164681,0.000282738,-0.000107426,1.069075
1/9/2023,1.0728,1.0637,1.0762,1.0636,0.00789177,0.010929481,0.010706236,0.014595059,1.062495,1.06172,1.06744,1.05819,0.000923449,0.000528587,0.000855825,0.000627086,1.07325
1/10/2023,1.0734,1.0725,1.076,1.0711,0.000559284,0.008273009,-0.000185839,0.007051523,1.063015,1.062675,1.06787,1.059105,0.000500536,0.000913742,0.000407066,0.00087496,1.074825
1/11/2023,1.0755,1.0736,1.0777,1.0725,0.0019564,0.001025641,0.001579926,0.001307068,1.06338,1.06319,1.068275,1.059635,0.000353765,0.000495117,0.000383008,0.000508132,1.08
1/12/2023,1.0846,1.0757,1.0867,1.073,0.008461181,0.001956036,0.008351118,0.0004662,1.06448,1.06356,1.068925,1.060325,0.001038947,0.000357802,0.000608904,0.000658573,1.083275
1/13/2023,1.0828,1.0854,1.0869,1.078,-0.001659598,0.009017384,0.000184043,0.004659832,1.06571,1.0647,1.06995,1.061305,0.001163006,0.00107545,0.000958052,0.000929329,1.08315
1/16/2023,1.0816,1.0834,1.0875,1.0801,-0.001108238,-0.001842639,0.000552029,0.001948052,1.066765,1.065915,1.07103,1.06243,0.000998919,0.001148009,0.001009096,0.001064524,1.08135
1/17/2023,1.0788,1.0822,1.087,1.0774,-0.002588757,-0.001107624,-0.00045977,-0.002499769,1.0676,1.066995,1.07208,1.063405,0.000794045,0.001021813,0.000981417,0.000925353,1.0809
1/18/2023,1.0792,1.079,1.0888,1.0766,0.000370782,-0.00295694,0.001655934,-0.000742528,1.068545,1.06782,1.07329,1.06429,0.000897322,0.000784394,0.00112988,0.000840963,1.081
1/19/2023,1.0827,1.079,1.0841,1.0782,0.003243143,0,-0.004316679,0.00148616,1.069715,1.068735,1.074195,1.06534,0.001106636,0.0008691,0.000848294,0.000995543,1.08375
1/20/2023,1.0855,1.0833,1.086,1.0802,0.002586127,0.003985171,0.001752606,0.001854943,1.07092,1.069925,1.07533,1.06642,0.00113682,0.001124925,0.001062565,0.001022078,1.08755
1/23/2023,1.0868,1.086,1.0928,1.0846,0.001197605,0.002492384,0.00626151,0.00407332,1.072085,1.07117,1.07678,1.06763,0.001097775,0.001174036,0.001352129,0.001140726,1.08725
1/24/2023,1.0885,1.0872,1.0899,1.0834,0.001564225,0.001104972,-0.002653734,-0.001106399,1.07332,1.07234,1.077925,1.068745,0.001161881,0.001102059,0.001069038,0.001052399,1.089425
1/25/2023,1.0915,1.0881,1.0925,1.0856,0.002756086,0.000827815,0.00238554,0.002030644,1.074855,1.073535,1.079175,1.069995,0.00144069,0.001124649,0.001164885,0.001177492,1.08965
1/26/2023,1.0889,1.0917,1.093,1.085,-0.002382043,0.003308519,0.000457666,-0.00055269,1.075995,1.075075,1.08037,1.0712,0.001071776,0.001445121,0.001112827,0.001135714,1.08745
1/27/2023,1.0867,1.0892,1.0902,1.0837,-0.002020388,-0.002290006,-0.002561757,-0.001198157,1.07682,1.07622,1.08131,1.07219,0.000778467,0.00107612,0.000877172,0.000934417,1.086825
1/30/2023,1.0844,1.0875,1.0915,1.0839,-0.002116499,-0.001560779,0.001192442,0.000184553,1.07773,1.077085,1.082345,1.073135,0.000859523,0.000815205,0.000964795,0.000891948,1.084725
1/31/2023,1.0862,1.085,1.0875,1.0802,0.001659904,-0.002298851,-0.003664682,-0.003413599,1.07931,1.078015,1.0833,1.07455,0.001486506,0.0008778,0.000893627,0.001336292,1.092675
2/1/2023,1.0989,1.0864,1.1002,1.0852,0.011692138,0.001290323,0.011678161,0.004628772,1.08126,1.079575,1.08513,1.076105,0.001819833,0.001467447,0.00170217,0.001463158,1.0955
2/2/2023,1.091,1.099,1.1035,1.0885,-0.007189007,0.011597938,0.002999455,0.003040914,1.08321,1.081505,1.08714,1.077955,0.001833059,0.001800945,0.001866245,0.001738531,1.08585
2/3/2023,1.0793,1.0909,1.0941,1.0791,-0.010724106,-0.007370337,-0.008518351,-0.008635737,1.083955,1.08344,1.088605,1.079495,0.0007075,0.001819075,0.001369793,0.001458908,1.075725
2/6/2023,1.073,1.079,1.08,1.0709,-0.005837117,-0.010908424,-0.012887305,-0.007598925,1.083965,1.084205,1.088795,1.07986,2.10561E-05,0.00072718,0.000190116,0.000349209,1.072125
2/7/2023,1.0723,1.0727,1.0768,1.0667,-0.000652377,-0.00583874,-0.002962963,-0.003921935,1.08391,1.084215,1.088835,1.07964,-3.95269E-05,2.15923E-05,5.12595E-05,-0.000199464,1.07265
2/8/2023,1.0709,1.0726,1.0762,1.0709,-0.001305605,-9.32227E-05,-0.000557207,0.003937377,1.08368,1.084165,1.08876,1.07956,-0.000202627,-3.43509E-05,-5.55971E-05,-6.79485E-05,1.073725
2/9/2023,1.0736,1.0711,1.0793,1.0709,0.002521244,-0.001398471,0.002880505,0,1.08313,1.083935,1.08839,1.079455,-0.000499624,-0.000202076,-0.000329128,-9.12585E-05,1.070775
2/10/2023,1.0675,1.0738,1.0753,1.0665,-0.005681818,0.002520773,-0.003706106,-0.004108694,1.082365,1.083355,1.08781,1.07888,-0.000700735,-0.000526907,-0.000523635,-0.000529685,1.0696
2/13/2023,1.072,1.0679,1.073,1.0655,0.004215457,-0.005494505,-0.002138938,-0.000937647,1.081885,1.08258,1.087085,1.07815,-0.00043455,-0.0007095,-0.000658184,-0.00067397,1.07425
2/14/2023,1.0735,1.0723,1.0805,1.0707,0.001399254,0.004120236,0.006989748,0.004880338,1.08162,1.082085,1.08676,1.077815,-0.00023515,-0.000448107,-0.000285708,-0.000304964,1.0708
2/15/2023,1.0689,1.0738,1.0745,1.066,-0.004285049,0.001398862,-0.005552985,-0.004389652,1.081105,1.081825,1.086045,1.077285,-0.000467941,-0.000230317,-0.000646154,-0.000487321,1.068375
2/16/2023,1.0668,1.069,1.0723,1.0654,-0.001964637,-0.004470106,-0.002047464,-0.000562852,1.08031,1.081325,1.085455,1.076645,-0.00072833,-0.000453822,-0.000532693,-0.000589771,1.066975
2/17/2023,1.0694,1.0674,1.0699,1.0612,0.002437195,-0.001496726,-0.00223818,-0.003942181,1.079505,1.08053,1.08465,1.075695,-0.000735777,-0.000727917,-0.000732232,-0.000879627,1.068625
2/20/2023,1.0682,1.0688,1.0705,1.067,-0.001122125,0.001311598,0.0005608,0.005465511,1.078575,1.07967,1.083535,1.074815,-0.000851763,-0.000786957,-0.001017268,-0.000810018,1.0667
2/21/2023,1.0646,1.0686,1.0699,1.0637,-0.003370155,-0.000187126,-0.000560486,-0.003092784,1.07738,1.07874,1.082535,1.07383,-0.001098482,-0.000851561,-0.000912605,-0.000909337,1.062825
2/22/2023,1.0601,1.0648,1.0665,1.0599,-0.00422694,-0.003556055,-0.003177867,-0.003572436,1.07581,1.077575,1.081235,1.072545,-0.001447634,-0.001070755,-0.001190776,-0.001189491,1.060125
2/23/2023,1.0595,1.0604,1.0629,1.0577,-0.000565984,-0.004132231,-0.003375527,-0.002075668,1.07434,1.07601,1.07973,1.07118,-0.001356831,-0.001442792,-0.001382435,-0.00126564,1.057375
2/24/2023,1.0546,1.0597,1.0616,1.0536,-0.004624823,-0.000660128,-0.001223069,-0.003876335,1.072735,1.074535,1.0783,1.069675,-0.001487053,-0.001361299,-0.001315501,-0.001399549,1.05755
2/27/2023,1.0607,1.0542,1.0621,1.0532,0.005784184,-0.005190148,0.000470987,-0.000379651,1.07155,1.07287,1.07683,1.06814,-0.001092018,-0.001542767,-0.001351574,-0.001427759,1.060025
2/28/2023,1.0576,1.0605,1.0646,1.0574,-0.002922598,0.005976096,0.002353827,0.003987847,1.07012,1.071645,1.075685,1.067,-0.001321143,-0.00112902,-0.001050648,-0.001057687,1.06245
3/1/2023,1.0665,1.0576,1.0692,1.0565,0.00841528,-0.002734559,0.004320872,-0.000851144,1.0685,1.070205,1.074135,1.065565,-0.001484986,-0.001330264,-0.001418513,-0.001331683,1.0628
3/2/2023,1.0596,1.0667,1.0673,1.0576,-0.006469761,0.008604387,-0.00177703,0.001041174,1.06693,1.06859,1.072325,1.06402,-0.001449024,-0.001479941,-0.001657337,-0.00143167,1.061425
3/3/2023,1.0632,1.0598,1.064,1.0587,0.003397508,-0.006468548,-0.003091914,0.001040091,1.066125,1.067035,1.07082,1.063,-0.000742943,-0.001434852,-0.001386015,-0.000947878,1.065175
3/6/2023,1.0678,1.0619,1.0695,1.0615,0.004326561,0.001981506,0.005169173,0.002644753,1.065865,1.06618,1.070295,1.06253,-0.000234759,-0.000790355,-0.000483191,-0.000435694,1.0617
3/7/2023,1.0547,1.0681,1.0695,1.0545,-0.012268215,0.005838591,0,-0.006594442,1.064985,1.06595,1.06993,1.06192,-0.000815551,-0.000206489,-0.000335043,-0.00056932,1.0548
3/8/2023,1.0544,1.0549,1.0575,1.0524,-0.000284441,-0.012358393,-0.011220196,-0.001991465,1.06416,1.065065,1.068995,1.060995,-0.000764493,-0.000819747,-0.000868192,-0.000865762,1.05635
3/9/2023,1.058,1.0545,1.0591,1.0538,0.003414264,-0.000379183,0.001513002,0.001330293,1.06338,1.064235,1.067985,1.06014,-0.000719842,-0.000768783,-0.000936568,-0.000799247,1.06245
3/10/2023,1.0643,1.058,1.0702,1.0573,0.005954631,0.003319109,0.010480597,0.003321313,1.06322,1.063445,1.06773,1.05968,-0.00013802,-0.000728866,-0.000227232,-0.000427747,1.06925
3/13/2023,1.0729,1.0646,1.0749,1.0646,0.008080428,0.006238185,0.004391702,0.006904379,1.063265,1.06328,1.067825,1.059635,5.52289E-05,-0.000142232,9.92996E-05,-3.56456E-05,1.0723
3/14/2023,1.0732,1.073,1.0751,1.0679,0.000279616,0.007890287,0.000186064,0.003099756,1.06325,1.063315,1.067555,1.059495,-7.52963E-07,4.62709E-05,-0.000240885,-0.000124675,1.064625
3/15/2023,1.0575,1.0733,1.0761,1.0516,-0.014629146,0.00027959,0.000930146,-0.015263601,1.06268,1.06329,1.067635,1.058775,-0.000517958,-9.6927E-06,8.32719E-05,-0.000668372,1.05925
3/16/2023,1.0605,1.0578,1.0637,1.055,0.002836879,-0.014441442,-0.011523093,0.003233169,1.062365,1.06273,1.067205,1.058255,-0.000277882,-0.00050826,-0.00039051,-0.000478571,1.06415
3/17/2023,1.0666,1.0609,1.0686,1.0605,0.005752004,0.002930611,0.004606562,0.00521327,1.062225,1.062405,1.06714,1.05822,-0.000112142,-0.000286893,-4.82725E-05,-2.07986E-05,1.069475
3/20/2023,1.0719,1.0697,1.0732,1.0631,0.004969061,0.008294844,0.004304698,0.002451674,1.06241,1.06245,1.067275,1.058025,0.000192418,6.22696E-05,0.000138922,-0.00017149,1.07455
3/21/2023,1.0767,1.0722,1.0789,1.0704,0.00447803,0.002337104,0.005311219,0.006866711,1.063015,1.06263,1.067725,1.05836,0.000584827,0.000188481,0.000432508,0.000326484,1.082375
3/22/2023,1.0855,1.0768,1.0913,1.0759,0.008173122,0.004290244,0.011493188,0.005138266,1.064285,1.06323,1.068965,1.05916,0.00120483,0.000580796,0.00116606,0.000762019,1.086
3/23/2023,1.083,1.0856,1.093,1.0824,-0.002303086,0.008172363,0.001557775,0.006041454,1.06546,1.06449,1.07047,1.060395,0.001117975,0.001196026,0.001412726,0.001167875,1.078525
3/24/2023,1.0759,1.0829,1.084,1.0713,-0.006555863,-0.002487104,-0.008234218,-0.010254989,1.066525,1.06565,1.07159,1.06128,0.001021423,0.001104677,0.001062168,0.000848943,1.0777
3/27/2023,1.0796,1.0766,1.0801,1.0745,0.003438981,-0.005817712,-0.003597786,0.002987025,1.06747,1.06677,1.07249,1.062345,0.000904163,0.001073299,0.000858729,0.001017277,1.08215
3/28/2023,1.0843,1.0798,1.085,1.0795,0.004353464,0.00297232,0.004536617,0.004653327,1.068805,1.067735,1.07351,1.06345,0.001267966,0.00092311,0.000967869,0.001050551,1.0844
3/29/2023,1.0843,1.0844,1.0872,1.0817,0,0.004260048,0.00202765,0.002037981,1.069695,1.069075,1.07441,1.06471,0.000847202,0.00127284,0.000853208,0.001195007,1.087375
3/30/2023,1.0901,1.0844,1.0927,1.0823,0.005349073,0,0.005058867,0.000554682,1.07122,1.06996,1.07568,1.065945,0.001438144,0.000842621,0.001195003,0.001170682,1.0877
3/31/2023,1.0839,1.0906,1.0926,1.0837,-0.005687552,0.005717447,-9.15164E-05,0.001293542,1.072255,1.0715,1.07711,1.067195,0.000983891,0.001451921,0.001345022,0.001183355,1.086175
4/3/2023,1.0895,1.0847,1.0918,1.0787,0.005166528,-0.005409866,-0.000732198,-0.004613823,1.07334,1.07264,1.078225,1.068055,0.001025889,0.001082352,0.001049954,0.000820426,1.09275
4/4/2023,1.0952,1.0901,1.0974,1.0883,0.005231758,0.004978335,0.005129145,0.008899601,1.075365,1.07374,1.07962,1.069745,0.001900888,0.001039339,0.001306411,0.001595128,1.0929
4/5/2023,1.0903,1.0953,1.097,1.089,-0.004474069,0.004770205,-0.000364498,0.000643205,1.07716,1.07576,1.081595,1.071575,0.001691406,0.001895769,0.001849196,0.001726862,1.09115
4/6/2023,1.092,1.0903,1.0939,1.0884,0.001559204,-0.004564959,-0.002825889,-0.000550964,1.07886,1.07755,1.083335,1.073305,0.001598653,0.00168648,0.001632252,0.001632799,1.090575
4/7/2023,1.0897,1.0923,1.0926,1.0877,-0.002106227,0.001834358,-0.001188408,-0.000643146,1.08013,1.079265,1.084455,1.074825,0.00119561,0.001612243,0.001048801,0.001434576,1.087725
4/10/2023,1.0859,1.0901,1.0918,1.0831,-0.003487198,-0.002014099,-0.000732198,-0.004229107,1.08078,1.08054,1.0853,1.07575,0.000617229,0.001199629,0.000792606,0.000877902,1.08895
4/11/2023,1.091,1.0863,1.0928,1.0857,0.004696565,-0.003485919,0.000915919,0.002400517,1.08167,1.081205,1.086185,1.07664,0.000838076,0.000630818,0.000829099,0.00084294,1.09535
4/12/2023,1.0989,1.0913,1.1001,1.0911,0.007241063,0.00460278,0.006680088,0.00497375,1.08374,1.082105,1.087385,1.078615,0.001931587,0.000846978,0.001116596,0.001854807,1.10205
4/13/2023,1.1044,1.0992,1.1069,1.0977,0.005005005,0.007239073,0.006181256,0.006048941,1.085935,1.084175,1.089545,1.08075,0.002039993,0.001931004,0.002001813,0.001995596,1.1023
4/14/2023,1.1,1.1043,1.1077,1.0972,-0.003984064,0.004639738,0.000722739,-0.000455498,1.087605,1.086345,1.0915,1.082585,0.00155319,0.00201646,0.001807622,0.001712157,1.09565
4/17/2023,1.0926,1.099,1.1001,1.0909,-0.006727273,-0.00479942,-0.006861063,-0.005741888,1.08864,1.08781,1.092845,1.083975,0.000968373,0.001361747,0.001249334,0.001302479,1.095025
4/18/2023,1.0971,1.0924,1.0984,1.0922,0.004118616,-0.00600546,-0.001545314,0.001191677,1.08966,1.08882,1.09382,1.085065,0.000950402,0.000944619,0.000906508,0.001018728,1.0957
4/19/2023,1.0954,1.0972,1.0985,1.0917,-0.00154954,0.004393995,9.10415E-05,-0.000457792,1.090155,1.08984,1.09418,1.085855,0.000464269,0.000949806,0.0003364,0.000738925,1.09615
4/20/2023,1.0967,1.0956,1.0991,1.0932,0.001186781,-0.001458257,0.000546199,0.001374004,1.09084,1.09034,1.094485,1.086395,0.000638763,0.000468275,0.000285822,0.000505552,1.09725
4/21/2023,1.0987,1.097,1.0995,1.0938,0.001823653,0.001277839,0.000363934,0.000548847,1.09198,1.091045,1.09526,1.08752,0.001057739,0.000656522,0.000715729,0.001045744,1.101225
4/24/2023,1.1041,1.0991,1.1051,1.0966,0.004914899,0.001914312,0.005093224,0.002559883,1.093205,1.09217,1.09651,1.088625,0.001131534,0.001043123,0.00115028,0.001024387,1.101225
4/25/2023,1.0972,1.1046,1.1067,1.0964,-0.006249434,0.005004094,0.001447833,-0.000182382,1.09385,1.09341,1.097595,1.08947,0.000601389,0.001144712,0.00099584,0.000782601,1.101875
4/26/2023,1.104,1.0972,1.1096,1.0967,0.006197594,-0.006699258,0.002620403,0.000273623,1.094835,1.09405,1.098715,1.09022,0.000911269,0.000596747,0.001025478,0.000694384,1.103125
4/27/2023,1.1027,1.1042,1.1064,1.0992,-0.001177536,0.006379876,-0.002883922,0.002279566,1.095465,1.09504,1.0994,1.091065,0.000584939,0.000915741,0.000628339,0.000780628,1.1014
4/28/2023,1.102,1.1028,1.1046,1.0962,-0.000634805,-0.001267886,-0.001626898,-0.002729258,1.09637,1.09565,1.1,1.09169,0.000837576,0.000566474,0.00055157,0.000579488,1.1003
5/1/2023,1.0975,1.1035,1.1038,1.0964,-0.004083485,0.000634748,-0.000724244,0.000182448,1.09677,1.09659,1.1006,1.092575,0.000375075,0.000868705,0.000551967,0.000819301,1.098075
5/2/2023,1.0999,1.0973,1.1009,1.0942,0.002186788,-0.005618487,-0.002627288,-0.002006567,1.097005,1.09695,1.100775,1.09287,0.000222827,0.000338864,0.000164146,0.000273993,1.103775
5/3/2023,1.1059,1.1,1.1092,1.1,0.005455041,0.002460585,0.007539286,0.005300676,1.097785,1.097185,1.101385,1.09342,0.000719282,0.000223383,0.000559335,0.000506867,1.103725
5/4/2023,1.1011,1.106,1.1092,1.0986,-0.004340356,0.005454545,0,-0.001272727,1.09824,1.09797,1.10215,1.09393,0.000424304,0.000724358,0.000700629,0.000470778,1.101075
5/5/2023,1.1017,1.1012,1.1048,1.0966,0.00054491,-0.004339964,-0.003966823,-0.001820499,1.09884,1.098415,1.10276,1.094375,0.000556861,0.000415642,0.000561709,0.000411911,1.102275
5/8/2023,1.1004,1.1033,1.1054,1.1,-0.001179995,0.001907011,0.000543085,0.003100492,1.099565,1.099075,1.10344,1.09522,0.000672221,0.000611697,0.000625473,0.000778391,1.097825
5/9/2023,1.096,1.1006,1.1006,1.0941,-0.003998546,-0.002447204,-0.00434232,-0.005363636,1.099815,1.09979,1.10383,1.09564,0.000237466,0.000663633,0.000362561,0.000390183,1.09725
5/10/2023,1.098,1.0961,1.1008,1.0941,0.001824818,-0.004088679,0.000181719,0,1.09977,1.10003,1.103865,1.09579,-3.33464E-05,0.00022906,3.76424E-05,0.000141496,1.09485
5/11/2023,1.0914,1.0981,1.0999,1.09,-0.006010929,0.001824651,-0.000817587,-0.003747372,1.09912,1.099975,1.103515,1.095405,-0.000584143,-4.1661E-05,-0.0003123,-0.00034832,1.088725
5/12/2023,1.0848,1.0916,1.0937,1.0848,-0.006047279,-0.005919315,-0.005636876,-0.004770642,1.09836,1.09934,1.102815,1.094785,-0.000687304,-0.000569614,-0.000630281,-0.000564077,1.086625
5/15/2023,1.0872,1.0856,1.0892,1.0845,0.002212389,-0.005496519,-0.004114474,-0.000276549,1.09809,1.09867,1.10227,1.094465,-0.000240321,-0.000604469,-0.000492951,-0.00029081,1.08735
5/16/2023,1.0861,1.0874,1.0905,1.0854,-0.001011773,0.001658069,0.001193537,0.000829876,1.09754,1.09842,1.101875,1.094125,-0.00049684,-0.000221292,-0.000356009,-0.0003089,1.08465
5/17/2023,1.0839,1.0862,1.0875,1.081,-0.002025596,-0.00110355,-0.002751032,-0.004053805,1.096965,1.09787,1.101325,1.09359,-0.000520643,-0.000496169,-0.000498112,-0.000488701,1.080475
5/18/2023,1.0769,1.084,1.0848,1.0762,-0.00645816,-0.00202541,-0.002482759,-0.004440333,1.095975,1.09729,1.10061,1.09274,-0.00090289,-0.000524527,-0.00064956,-0.000779418,1.07905
5/19/2023,1.0802,1.0771,1.0829,1.076,0.003064351,-0.006365314,-0.001751475,-0.000185839,1.09505,1.096295,1.09978,1.09185,-0.000840855,-0.000906685,-0.000755331,-0.000816152,1.0813
5/22/2023,1.0811,1.0814,1.0832,1.0795,0.000833179,0.003992201,0.000277034,0.003252788,1.0939,1.09541,1.098685,1.090995,-0.001044941,-0.00080279,-0.00099614,-0.000781507,1.07905
5/23/2023,1.0768,1.0812,1.0822,1.076,-0.00397743,-0.000184945,-0.000923191,-0.003242242,1.09288,1.09424,1.09746,1.089975,-0.000931341,-0.001062242,-0.001114691,-0.0009345,1.0768
5/24/2023,1.0748,1.0775,1.0802,1.0747,-0.001857355,-0.003422124,-0.001848087,-0.001208178,1.09142,1.093255,1.09599,1.088875,-0.001334088,-0.000898385,-0.001338116,-0.00100859,1.07335
5/25/2023,1.0719,1.075,1.0758,1.0707,-0.002698176,-0.002320186,-0.00407332,-0.003721969,1.08988,1.091795,1.09446,1.08745,-0.00141012,-0.001333389,-0.001397586,-0.001308667,1.072675
5/26/2023,1.0724,1.0722,1.076,1.0701,0.000466461,-0.002604651,0.000185908,-0.000560381,1.0884,1.090265,1.09303,1.086145,-0.001355057,-0.001400227,-0.001306945,-0.001200223,1.072025
5/29/2023,1.0705,1.0726,1.0745,1.0705,-0.001771727,0.000373065,-0.001394052,0.000373797,1.08705,1.08872,1.091565,1.08485,-0.001239469,-0.001413311,-0.001340436,-0.001190656,1.071475
5/30/2023,1.0733,1.0707,1.0747,1.0672,0.0026156,-0.001771397,0.000186133,-0.003082672,1.08572,1.08739,1.090255,1.0835,-0.001218029,-0.001220956,-0.001199765,-0.001244461,1.0699
5/31/2023,1.0688,1.0736,1.0737,1.0635,-0.004192677,0.002708508,-0.000930492,-0.003467016,1.083865,1.08607,1.08848,1.081675,-0.001700415,-0.00120856,-0.001623254,-0.001682845,1.072025
6/1/2023,1.0761,1.069,1.0769,1.0661,0.00683009,-0.00428465,0.002980348,0.002444758,1.082615,1.08422,1.086865,1.08005,-0.001141892,-0.00169552,-0.001474236,-0.001496971,1.073825
6/2/2023,1.0706,1.0762,1.078,1.0705,-0.005111049,0.006735267,0.00102145,0.004127193,1.08106,1.08297,1.085525,1.078745,-0.00142469,-0.001141759,-0.001224822,-0.001199587,1.07055
6/5/2023,1.0712,1.0712,1.0724,1.0674,0.000560433,-0.004645977,-0.005194805,-0.002895843,1.0796,1.081365,1.083875,1.077115,-0.001337669,-0.001469408,-0.001511717,-0.001499403,1.07015
6/6/2023,1.0691,1.0714,1.0734,1.0667,-0.001960418,0.000186706,0.000932488,-0.000655799,1.078255,1.079905,1.082515,1.075745,-0.001235762,-0.001337712,-0.001247977,-0.001264011,1.07
6/7/2023,1.0697,1.0695,1.0741,1.0667,0.00056122,-0.001773381,0.000652133,0,1.07684,1.078575,1.08118,1.074375,-0.001298942,-0.001221947,-0.001224456,-0.001264011,1.074075
6/8/2023,1.0781,1.0699,1.0787,1.0696,0.007852669,0.000374007,0.004282655,0.002718665,1.076175,1.077165,1.08012,1.073355,-0.000605762,-0.00129448,-0.000969444,-0.00094071,1.076475
6/9/2023,1.0747,1.0782,1.0787,1.0743,-0.003153696,0.007757734,0,0.004394166,1.07567,1.076495,1.07937,1.07283,-0.000461083,-0.000610627,-0.0006876,-0.000482469,1.075775
6/12/2023,1.0757,1.0751,1.0791,1.0732,0.000930492,-0.002875162,0.000370817,-0.001023923,1.075095,1.07597,1.078865,1.072265,-0.000525178,-0.000479559,-0.000463335,-0.000519838,1.07815
6/13/2023,1.0791,1.0755,1.0825,1.0755,0.003160733,0.000372058,0.003150774,0.002143123,1.074745,1.075375,1.078465,1.07177,-0.000316553,-0.00054386,-0.000365474,-0.000454176,1.08155
6/14/2023,1.0831,1.0792,1.0865,1.0774,0.003706793,0.00344026,0.00369515,0.00176662,1.074705,1.075025,1.078415,1.07159,-2.99334E-05,-0.000316669,-4.31645E-05,-0.000163154,1.088275
6/15/2023,1.0945,1.083,1.0953,1.0803,0.010525344,0.003521127,0.008099402,0.002691665,1.075585,1.074975,1.07894,1.071795,0.000819242,-3.93426E-05,0.000485944,0.000193446,1.09415
6/16/2023,1.0933,1.0944,1.0971,1.0918,-0.001096391,0.010526316,0.001643385,0.010645191,1.07624,1.07584,1.07965,1.072585,0.000611205,0.000805239,0.000655687,0.000734997,1.09295
6/19/2023,1.0922,1.0942,1.0947,1.0907,-0.001006128,-0.000182749,-0.002187585,-0.001007511,1.076795,1.07648,1.080225,1.073145,0.000519239,0.000596491,0.000532456,0.000521982,1.091925
6/20/2023,1.0916,1.0922,1.0947,1.0892,-0.00054935,-0.001827819,0,-0.001375264,1.077535,1.07703,1.08085,1.073805,0.000690643,0.000514348,0.000578615,0.000615331,1.0949
6/21/2023,1.0984,1.0916,1.0991,1.0905,0.006229388,-0.00054935,0.004019366,0.001193537,1.078715,1.077735,1.081795,1.074595,0.00109498,0.000657986,0.000871988,0.000735417,1.097575
6/22/2023,1.0956,1.0987,1.1012,1.0948,-0.002549162,0.006504214,0.001910654,0.003943145,1.0799,1.07892,1.083065,1.0758,0.001102431,0.001099206,0.001171186,0.001118673,1.091225
6/23/2023,1.0889,1.0957,1.096,1.0843,-0.006115371,-0.0027305,-0.004722121,-0.009590793,1.080725,1.080095,1.084065,1.07651,0.00077334,0.001092914,0.000925785,0.000667152,1.090225
6/26/2023,1.0904,1.0897,1.0921,1.0887,0.001377537,-0.005475951,-0.003558394,0.004057918,1.08172,1.08095,1.084945,1.07742,0.000930803,0.000800463,0.000817568,0.000851358,1.093725
6/27/2023,1.0959,1.091,1.0978,1.0902,0.005044021,0.001192989,0.005219302,0.00137779,1.08285,1.081965,1.0861,1.07857,0.001052224,0.000948682,0.001069226,0.001074381,1.093325
6/28/2023,1.0911,1.0961,1.0964,1.0897,-0.004379962,0.00467461,-0.001275278,-0.000458631,1.083965,1.08309,1.087235,1.07988,0.00104286,0.001046988,0.001051987,0.0012248,1.0895
6/29/2023,1.0864,1.0914,1.0942,1.086,-0.00430758,-0.00428793,-0.002006567,-0.00339543,1.08448,1.08421,1.0881,1.080875,0.000485976,0.001046824,0.000802641,0.000932791,1.088525
6/30/2023,1.091,1.0864,1.0932,1.0835,0.004234168,-0.004581272,-0.00091391,-0.002302026,1.0855,1.08472,1.08886,1.081525,0.000953237,0.000480997,0.000705873,0.00061133,1.09065
7/3/2023,1.0911,1.0911,1.0934,1.087,9.1659E-05,0.004326215,0.000182949,0.003230272,1.086495,1.085715,1.08991,1.082505,0.000929798,0.000929606,0.000974761,0.000917636,1.089575
7/4/2023,1.0877,1.0911,1.0918,1.0877,-0.003116121,0,-0.001463325,0.000643974,1.087425,1.0867,1.09083,1.083555,0.000872013,0.000920271,0.00085497,0.000982625,1.087225
7/5/2023,1.0851,1.0879,1.0909,1.085,-0.002390365,-0.00293282,-0.000824327,-0.002482302,1.088195,1.08762,1.09167,1.08447,0.000724434,0.000862299,0.000781147,0.000858509,1.086975
7/6/2023,1.0887,1.0858,1.0901,1.0833,0.003317667,-0.001930324,-0.000733339,-0.00156682,1.088725,1.088415,1.09224,1.085155,0.000497684,0.000747082,0.000530348,0.000644235,1.092375
7/7/2023,1.0967,1.0887,1.0974,1.0867,0.007348213,0.002670842,0.006696633,0.003138558,1.089825,1.08894,1.093175,1.085775,0.001022779,0.000492738,0.000865179,0.000581455,1.0979
7/10/2023,1.0999,1.0971,1.1003,1.0943,0.002917844,0.007715624,0.00264261,0.006993651,1.091035,1.09004,1.094235,1.08683,0.001122147,0.001022277,0.000978769,0.000982333,1.100275
7/11/2023,1.1006,1.1001,1.1027,1.0977,0.000636421,0.002734482,0.002181223,0.003107009,1.09211,1.09127,1.095245,1.08794,0.000995931,0.001140398,0.000930291,0.001030528,1.107025
7/12/2023,1.1128,1.1008,1.1141,1.1004,0.011084863,0.000636306,0.010338261,0.002459688,1.093595,1.09235,1.096625,1.08909,0.001364835,0.0010002,0.001262447,0.001065181,1.1178
7/13/2023,1.1224,1.1131,1.1229,1.1128,0.008626887,0.011173692,0.007898752,0.01126863,1.09499,1.093855,1.098005,1.090715,0.001269912,0.001382829,0.001252414,0.001494029,1.1226
7/14/2023,1.1227,1.1227,1.1246,1.1204,0.000267284,0.008624562,0.001513937,0.006829619,1.09646,1.09527,1.09938,1.092145,0.001338096,0.001287741,0.001245942,0.001303251,1.12305
7/17/2023,1.1234,1.1235,1.125,1.1203,0.000623497,0.000712568,0.000355682,-8.92538E-05,1.09802,1.096735,1.100895,1.093625,0.001419577,0.001332507,0.001373105,0.001349164,1.1237
7/18/2023,1.1226,1.1237,1.1277,1.1208,-0.000712124,0.000178015,0.0024,0.000446309,1.09957,1.09831,1.102545,1.095205,0.001411438,0.001432799,0.001493105,0.001440242,1.121
7/19/2023,1.1198,1.1227,1.1241,1.1174,-0.00249421,-0.000889917,-0.003192338,-0.003033547,1.10064,1.099865,1.103795,1.09655,0.000975258,0.00141577,0.00113252,0.001228888,1.116875
7/20/2023,1.1128,1.12,1.1229,1.1118,-0.006251116,-0.002404917,-0.001067521,-0.005011634,1.1015,1.10093,1.10488,1.0974,0.000790161,0.000970314,0.000983611,0.000781149,1.112725
7/21/2023,1.1123,1.1133,1.1146,1.1107,-0.000449317,-0.005982143,-0.007391575,-0.000989387,1.10267,1.10181,1.10581,1.09872,0.001073463,0.000807732,0.000850139,0.001211219,1.1099
7/24/2023,1.1062,1.1127,1.1147,1.106,-0.005484132,-0.000538938,8.97183E-05,-0.004231566,1.10346,1.10296,1.10694,1.099585,0.00073038,0.001054582,0.001032544,0.000796745,1.105675
7/25/2023,1.1053,1.1065,1.1088,1.1021,-0.000813596,-0.005572032,-0.005292904,-0.003526221,1.10393,1.103735,1.10749,1.10018,0.000437499,0.000716331,0.000506934,0.000551545,1.107025
7/26/2023,1.1083,1.1053,1.1107,1.1038,0.002714195,-0.001084501,0.001713564,0.00154251,1.10479,1.104195,1.108205,1.100885,0.000792207,0.000428376,0.000656376,0.000651602,1.104275
7/27/2023,1.0973,1.1081,1.1151,1.0966,-0.009925111,0.002533249,0.003961466,-0.006522921,1.105335,1.10503,1.10925,1.101415,0.00051133,0.000769435,0.000954778,0.000495227,1.0996
7/28/2023,1.1015,1.0978,1.1048,1.0943,0.003827577,-0.00929519,-0.00923684,-0.002097392,1.10586,1.1056,1.10983,1.101955,0.000491001,0.000533739,0.000538631,0.000505459,1.1014
7/31/2023,1.0993,1.1023,1.1047,1.0993,-0.001997276,0.004099107,-9.05141E-05,0.004569131,1.10627,1.10616,1.110395,1.10257,0.000386554,0.000522383,0.000524958,0.000572402,1.098325
8/1/2023,1.0982,1.0996,1.1004,1.0951,-0.001000637,-0.002449424,-0.003892459,-0.003820613,1.106795,1.106585,1.110825,1.10294,0.000492328,0.000399912,0.000403501,0.000349172,1.09645
8/2/2023,1.0936,1.0983,1.1021,1.0918,-0.004188672,-0.001182248,0.001544893,-0.003013423,1.10722,1.107105,1.111385,1.10328,0.000402413,0.000487441,0.000521962,0.000322616,1.093925
8/3/2023,1.0944,1.0938,1.0964,1.0911,0.000731529,-0.004097241,-0.005171944,-0.000641143,1.107505,1.107505,1.1117,1.10367,0.000273106,0.000379095,0.000300032,0.0003689,1.098325
8/4/2023,1.101,1.0946,1.1043,1.0934,0.006030702,0.000731395,0.007205399,0.002107964,1.10772,1.1078,1.112045,1.104005,0.00020723,0.000282122,0.00032547,0.000317371,1.1001
8/7/2023,1.1002,1.1018,1.1019,1.0965,-0.000726612,0.006577745,-0.002173322,0.002835193,1.107735,1.108035,1.112125,1.104115,2.50076E-05,0.000225229,8.46739E-05,0.000109448,1.0974
8/8/2023,1.0954,1.1002,1.1012,1.0928,-0.004362843,-0.001452169,-0.000635266,-0.003374373,1.107475,1.10804,1.11205,1.10387,-0.000224956,1.5896E-05,-5.61506E-05,-0.000214621,1.096825
8/9/2023,1.0973,1.0953,1.0996,1.0951,0.001734526,-0.004453736,-0.00145296,0.002104685,1.1067,1.107765,1.111325,1.103605,-0.000692472,-0.000238606,-0.000645712,-0.000232372,1.09965
8/10/2023,1.0979,1.0975,1.1066,1.0966,0.000546797,0.002008582,0.006365951,0.001369738,1.105475,1.106985,1.11051,1.102795,-0.001096477,-0.000696862,-0.000722352,-0.000727316,1.09685
8/11/2023,1.0944,1.0981,1.1006,1.0943,-0.003187904,0.000546697,-0.005422013,-0.002097392,1.10406,1.105755,1.10931,1.10149,-0.001269236,-0.001100755,-0.001069149,-0.001173667,1.0923
8/14/2023,1.0904,1.0953,1.0961,1.0874,-0.003654971,-0.002549859,-0.004088679,-0.006305401,1.10241,1.104345,1.107865,1.099845,-0.00148316,-0.001263876,-0.001291367,-0.001484474,1.0915
8/15/2023,1.0904,1.0906,1.0953,1.0897,0,-0.004291062,-0.00072986,0.002115137,1.1008,1.10269,1.106245,1.09829,-0.001447554,-0.00148733,-0.00144786,-0.001401033,1.0897
8/16/2023,1.0874,1.0907,1.0936,1.0871,-0.002751284,9.16926E-05,-0.001552086,-0.002385978,1.09918,1.10109,1.10472,1.096775,-0.001460407,-0.00143825,-0.001365848,-0.001368654,1.08805
8/17/2023,1.0871,1.0876,1.0919,1.0856,-0.000275887,-0.002842211,-0.001554499,-0.001379818,1.097895,1.09947,1.10317,1.095465,-0.001161646,-0.001460114,-0.001390197,-0.001187063,1.0869
8/18/2023,1.0865,1.0872,1.0894,1.0845,-0.000551927,-0.000367782,-0.002289587,-0.001013265,1.096605,1.098165,1.10191,1.094155,-0.001166776,-0.001179396,-0.001135097,-0.001188257,1.088825
8/21/2023,1.0891,1.0878,1.0915,1.0869,0.002393005,0.000551876,0.001927667,0.002213001,1.09575,1.09692,1.10075,1.0932,-0.00077292,-0.001124856,-0.0010432,-0.000866029,1.08755
8/22/2023,1.0844,1.0893,1.0932,1.0833,-0.00431549,0.00137893,0.00155749,-0.003312172,1.094705,1.09606,1.09997,1.09226,-0.000948014,-0.000777307,-0.00070068,-0.000855327,1.08455
8/23/2023,1.0859,1.0848,1.0873,1.0802,0.001383253,-0.004131093,-0.005397,-0.002861627,1.093585,1.095035,1.0988,1.09108,-0.001014561,-0.000929637,-0.001056208,-0.001075533,1.083875
8/24/2023,1.0809,1.0863,1.0878,1.0805,-0.004604476,0.001382743,0.000459855,0.000277726,1.092765,1.093945,1.097435,1.090275,-0.00074853,-0.000987162,-0.001231289,-0.000735501,1.080475
8/25/2023,1.08,1.081,1.0843,1.0766,-0.000832639,-0.004878947,-0.003217503,-0.00360944,1.09169,1.093105,1.09641,1.08939,-0.00098154,-0.00076635,-0.000930322,-0.000811103,1.08085
8/28/2023,1.0817,1.0801,1.0823,1.0793,0.001574074,-0.000832562,-0.001844508,0.002507895,1.09081,1.091995,1.09529,1.08839,-0.000802973,-0.001012934,-0.001018022,-0.000914165,1.084125
8/29/2023,1.0877,1.0814,1.0892,1.0782,0.005546824,0.001203592,0.006375312,-0.001019179,1.090285,1.091085,1.09473,1.087545,-0.0004756,-0.000830283,-0.000504633,-0.000774093,1.090125
8/30/2023,1.0924,1.088,1.0947,1.0854,0.004321044,0.0061032,0.005049578,0.006677796,1.090225,1.09057,1.09436,1.087225,-5.01139E-05,-0.00046601,-0.000329399,-0.000289532,1.088575
8/31/2023,1.0841,1.0926,1.0941,1.0835,-0.007597949,0.004227941,-0.000548095,-0.001750507,1.08971,1.09051,1.094245,1.086845,-0.000466588,-4.97513E-05,-9.82064E-05,-0.000345001,1.081675
9/1/2023,1.0773,1.084,1.0883,1.0771,-0.006272484,-0.007871133,-0.005301161,-0.005906784,1.088525,1.08998,1.093445,1.08603,-0.001081747,-0.000479878,-0.000723534,-0.000745738,1.07885
9/4/2023,1.0794,1.0778,1.081,1.0772,0.001949318,-0.005719557,-0.006707709,9.28419E-05,1.087485,1.08878,1.0924,1.085065,-0.000947951,-0.001094743,-0.000950254,-0.000882856,1.0756
9/5/2023,1.072,1.0797,1.08,1.0707,-0.006855661,0.00176285,-0.000925069,-0.006034163,1.086315,1.087755,1.09134,1.08396,-0.001072592,-0.000933992,-0.000964744,-0.001015845,1.0727
9/6/2023,1.0727,1.0729,1.0749,1.0703,0.000652985,-0.006298046,-0.004722222,-0.000373587,1.085085,1.086635,1.090105,1.08272,-0.001126669,-0.001026207,-0.001128207,-0.001139759,1.071075
9/7/2023,1.0699,1.0726,1.0732,1.0686,-0.002610236,-0.000279616,-0.001581542,-0.00158834,1.083685,1.08539,1.088435,1.08132,-0.00128452,-0.001140617,-0.001525582,-0.001287663,1.070875
9/8/2023,1.0699,1.0697,1.0745,1.0694,0,-0.002703711,0.001211331,0.000748643,1.08246,1.08397,1.08713,1.080075,-0.001125125,-0.001303138,-0.001193915,-0.001145361,1.073275
9/11/2023,1.0748,1.0716,1.076,1.0707,0.004579867,0.001776199,0.001395998,0.001215635,1.08168,1.082785,1.086125,1.07924,-0.000713383,-0.001086835,-0.000919681,-0.000769309,1.074425
9/12/2023,1.0752,1.0751,1.0769,1.0705,0.000372162,0.003266144,0.000836431,-0.000186794,1.08092,1.08201,1.085205,1.07828,-0.000694775,-0.000708975,-0.000841366,-0.000884406,1.073975
9/13/2023,1.0728,1.0754,1.0766,1.0711,-0.002232143,0.000279044,-0.000278577,0.000560486,1.08019,1.081245,1.084355,1.07748,-0.000668818,-0.000699607,-0.000777691,-0.000737082,1.06885
9/14/2023,1.0641,1.0729,1.0753,1.0631,-0.00810962,-0.002324716,-0.001207505,-0.007468957,1.07904,1.08051,1.083525,1.076355,-0.001060505,-0.000673732,-0.000760341,-0.001041539,1.0654
9/15/2023,1.0655,1.0639,1.0689,1.0633,0.001315666,-0.00838848,-0.005951827,0.000188129,1.07799,1.079345,1.0825,1.075295,-0.000967125,-0.001074767,-0.000943453,-0.00098147,1.0677
9/18/2023,1.069,1.0663,1.07,1.0655,0.003284843,0.002255851,0.001029095,0.00206903,1.076985,1.07827,1.081425,1.074225,-0.000922533,-0.000989568,-0.000988382,-0.000988668,1.0689
9/19/2023,1.0677,1.0687,1.0719,1.0673,-0.00121609,0.002250774,0.001775701,0.001689348,1.07615,1.07724,1.08036,1.073425,-0.000767563,-0.000945976,-0.000977471,-0.000738592,1.068225
9/20/2023,1.0659,1.0682,1.0738,1.065,-0.001685867,-0.000467858,0.001772553,-0.00215497,1.07515,1.07641,1.079685,1.072665,-0.000921019,-0.000762814,-0.000618993,-0.000703259,1.06525
9/21/2023,1.0658,1.066,1.0675,1.0617,-9.38174E-05,-0.002059539,-0.005867014,-0.003098592,1.074395,1.075395,1.07867,1.071725,-0.000695486,-0.000934929,-0.000935337,-0.000872075,1.064975
9/22/2023,1.0652,1.066,1.0673,1.0614,-0.000562957,0,-0.000187354,-0.000282566,1.073655,1.074645,1.07782,1.070965,-0.000682002,-0.000690981,-0.000783829,-0.000705732,1.0619
9/25/2023,1.059,1.0655,1.0657,1.0574,-0.005820503,-0.000469043,-0.00149911,-0.003768607,1.07252,1.073915,1.07699,1.06987,-0.001051731,-0.000672805,-0.000766559,-0.001019557,1.058375
9/26/2023,1.057,1.0593,1.061,1.0562,-0.001888574,-0.005818864,-0.004410247,-0.001134859,1.070985,1.07281,1.07558,1.06877,-0.001423501,-0.001023928,-0.001305837,-0.001025341,1.0533
9/27/2023,1.05,1.0569,1.0575,1.0488,-0.006622517,-0.002265647,-0.003298775,-0.007006249,1.068865,1.071255,1.07372,1.06694,-0.001970679,-0.00144237,-0.001723255,-0.001709543,1.0533
9/28/2023,1.0559,1.0503,1.058,1.049,0.005619048,-0.006244678,0.000472813,0.000190694,1.067455,1.06914,1.071915,1.065215,-0.001309829,-0.001966001,-0.00167221,-0.001612483,1.0578
9/29/2023,1.057,1.0566,1.0618,1.0558,0.001041765,0.005998286,0.003591682,0.006482364,1.06644,1.06777,1.07059,1.06415,-0.000944117,-0.00127253,-0.001227567,-0.000993026,1.05285
10/2/2023,1.0476,1.0568,1.0593,1.0477,-0.008893094,0.000189286,-0.002354492,-0.007671908,1.06485,1.06672,1.069505,1.062675,-0.001486237,-0.000977088,-0.001009907,-0.001381263,1.04715
10/3/2023,1.0465,1.0478,1.0495,1.0448,-0.001050019,-0.008516276,-0.009251392,-0.002767968,1.063575,1.065125,1.06798,1.06138,-0.001195955,-0.001491044,-0.001426223,-0.001217953,1.04895
10/4/2023,1.0503,1.047,1.0534,1.0451,0.003631151,-0.000763504,0.003716055,0.000287136,1.062455,1.06383,1.066905,1.06012,-0.001047047,-0.001214317,-0.001004309,-0.001184917,1.05275
10/5/2023,1.0548,1.0509,1.0553,1.05,0.00428449,0.003724928,0.001803683,0.004688547,1.0617,1.062745,1.06601,1.05919,-0.00070231,-0.00101409,-0.000835048,-0.000871073,1.055475
10/6/2023,1.0586,1.055,1.0601,1.0482,0.003602579,0.003901418,0.00454847,-0.001714286,1.061135,1.06201,1.06529,1.05813,-0.000522181,-0.000683834,-0.000668191,-0.000994219,1.05555
10/9/2023,1.0565,1.0563,1.0575,1.0519,-0.001983752,0.001232227,-0.002452599,0.003529861,1.06022,1.061245,1.064365,1.05719,-0.000850362,-0.000711032,-0.00086062,-0.000878508,1.058625
10/10/2023,1.0603,1.0567,1.0621,1.0554,0.003596782,0.00037868,0.004349882,0.003327312,1.059475,1.060325,1.063625,1.056435,-0.000689131,-0.000855406,-0.000684948,-0.000702803,1.06095
10/11/2023,1.0617,1.0605,1.0636,1.058,0.001320381,0.003596101,0.001412296,0.002463521,1.05892,1.05958,1.062975,1.05578,-0.000511505,-0.000689553,-0.000600404,-0.000607651,1.057875
10/12/2023,1.0526,1.0622,1.0641,1.0526,-0.008571159,0.001603017,0.000470102,-0.00510397,1.058345,1.059045,1.062415,1.055255,-0.000534582,-0.000493166,-0.000516524,-0.000489402,1.0523
10/13/2023,1.0509,1.0528,1.056,1.0495,-0.001615048,-0.008849558,-0.007612067,-0.002945088,1.057615,1.05849,1.06177,1.054565,-0.000681118,-0.00051622,-0.000599536,-0.000646062,1.0534
10/16/2023,1.0558,1.0507,1.0564,1.0507,0.00466267,-0.001994681,0.000378788,0.001143402,1.056955,1.05771,1.06109,1.053825,-0.000612227,-0.000728746,-0.000632051,-0.000692344,1.0566
10/17/2023,1.0575,1.0561,1.0596,1.0532,0.001610153,0.005139431,0.003029156,0.002379366,1.056445,1.05708,1.060475,1.05312,-0.000470914,-0.000584314,-0.000569378,-0.000657843,1.055675
10/18/2023,1.0535,1.0575,1.0595,1.0522,-0.003782506,0.001325632,-9.43752E-05,-0.000949487,1.055825,1.056545,1.05976,1.05248,-0.000575746,-0.000494639,-0.000662725,-0.000597569,1.056475
10/19/2023,1.0579,1.0535,1.0618,1.0527,0.004176554,-0.003782506,0.002170835,0.000475195,1.05543,1.05592,1.059475,1.05203,-0.000362228,-0.000580787,-0.000260832,-0.000418879,1.058675
10/20/2023,1.0593,1.0586,1.0604,1.0564,0.001323377,0.004841006,-0.001318516,0.003514772,1.055135,1.05555,1.05913,1.05178,-0.000267911,-0.000338737,-0.000317391,-0.000229013,1.062775
10/23/2023,1.0668,1.0594,1.0679,1.057,0.007080147,0.000755715,0.007072803,0.000567967,1.055525,1.055245,1.05924,1.05176,0.000377121,-0.000277499,0.000111205,-1.21839E-05,1.06335
10/24/2023,1.0588,1.0669,1.0695,1.0582,-0.007499063,0.007079479,0.001498268,0.001135289,1.055615,1.055625,1.059665,1.05186,9.6597E-05,0.000367418,0.000406631,0.000101323,1.05815
10/25/2023,1.0563,1.0591,1.0608,1.0564,-0.002361164,-0.007310901,-0.008134642,-0.001701002,1.05593,1.055735,1.05983,1.05224,0.000309665,0.000115155,0.000164837,0.000366586,1.055675
10/26/2023,1.056,1.057,1.0575,1.0522,-0.00028401,-0.001982816,-0.00311086,-0.003975767,1.055935,1.05607,1.059805,1.0524,1.45117E-05,0.000328248,-1.43462E-05,0.000158263,1.056375
10/27/2023,1.0564,1.0558,1.0598,1.0535,0.000378788,-0.001135289,0.002174941,0.001235507,1.055905,1.05603,1.059705,1.052285,-1.86371E-05,-2.84304E-05,-8.51833E-05,-0.00010408,1.0588
10/30/2023,1.0613,1.0566,1.0626,1.0547,0.004638395,0.000757719,0.002642008,0.00113906,1.05659,1.05602,1.05987,1.052635,0.000657937,-8.71649E-09,0.000164642,0.000336468,1.0606
10/31/2023,1.0576,1.0616,1.0676,1.0556,-0.00348629,0.00473216,0.004705439,0.000853323,1.057145,1.05671,1.060775,1.053175,0.000536124,0.000662413,0.000862483,0.000517533,1.056025
11/1/2023,1.0568,1.0574,1.0582,1.0517,-0.00075643,-0.003956292,-0.008804796,-0.003694581,1.05747,1.05723,1.061015,1.053505,0.000316745,0.000502774,0.000236441,0.000318447,1.0606
11/2/2023,1.062,1.0569,1.0669,1.0566,0.004920515,-0.000472858,0.008221508,0.004659123,1.05783,1.05753,1.061595,1.053835,0.000348546,0.000292884,0.000557332,0.000316976,1.06785
11/3/2023,1.0729,1.0623,1.0747,1.0615,0.010263653,0.005109282,0.007310901,0.004637517,1.058545,1.057895,1.062325,1.0545,0.0006816,0.000353278,0.000695454,0.000634566,1.072925
11/6/2023,1.0715,1.0729,1.0757,1.0716,-0.001304875,0.009978349,0.000930492,0.009514837,1.059295,1.058725,1.063235,1.055485,0.000715544,0.000790584,0.000864608,0.000933815,1.0701
11/7/2023,1.0699,1.0717,1.0724,1.0664,-0.001493234,-0.001118464,-0.00306777,-0.004852557,1.059775,1.059475,1.06375,1.056035,0.000461043,0.000715726,0.000493726,0.000524821,1.06955
11/8/2023,1.0707,1.0699,1.0717,1.0659,0.000747733,-0.001679575,-0.000652742,-0.000468867,1.060225,1.059945,1.064155,1.05643,0.00043241,0.000451943,0.000390474,0.000378202,1.068975
11/9/2023,1.0666,1.0707,1.0726,1.066,-0.003829271,0.000747733,0.000839787,9.38174E-05,1.060925,1.06037,1.06458,1.0571,0.000669505,0.000409178,0.000408958,0.000638091,1.06745
11/10/2023,1.0681,1.0667,1.0694,1.0656,0.001406338,-0.003735874,-0.002983405,-0.000375235,1.061785,1.061065,1.06525,1.057905,0.000820574,0.000664863,0.000640391,0.000766584,1.068825
11/13/2023,1.0697,1.0684,1.0707,1.0665,0.001497987,0.0015937,0.001215635,0.000844595,1.06248,1.06195,1.065965,1.058695,0.00066234,0.000844282,0.000682233,0.000751644,1.07895
11/14/2023,1.0879,1.0699,1.0888,1.0692,0.017014116,0.001403969,0.016904829,0.002531646,1.064,1.06264,1.067425,1.059495,0.001432538,0.000657509,0.001376017,0.000759258,1.08605
11/15/2023,1.0846,1.0879,1.0886,1.0831,-0.003033367,0.016824002,-0.000183688,0.013000374,1.065555,1.06416,1.06888,1.06104,0.001469995,0.001432427,0.001371551,0.001456751,1.085575
11/16/2023,1.085,1.0847,1.0897,1.0829,0.0003688,-0.002941447,0.001010472,-0.000184655,1.06691,1.06572,1.070275,1.06255,0.001279607,0.00147448,0.001313533,0.001423758,1.087425
11/17/2023,1.0907,1.0848,1.0917,1.0825,0.005253456,9.21914E-05,0.001835368,-0.000369379,1.06848,1.06703,1.07184,1.063855,0.001476111,0.001237039,0.001471227,0.001229551,1.092525
11/20/2023,1.0938,1.0913,1.0953,1.0897,0.002842211,0.005991888,0.003297609,0.00665127,1.06983,1.068625,1.07321,1.06549,0.001264214,0.001498848,0.001282468,0.001533716,1.092875
11/21/2023,1.0909,1.094,1.0966,1.09,-0.002651307,0.002474113,0.001186889,0.000275305,1.071435,1.06998,1.074565,1.06708,0.001506602,0.00126858,0.001266899,0.001490717,1.08935
11/22/2023,1.0887,1.0911,1.0924,1.0852,-0.002016683,-0.002650823,-0.00383002,-0.00440367,1.073055,1.07158,1.076145,1.06852,0.001523826,0.001501584,0.00148213,0.001355583,1.0902
11/23/2023,1.0904,1.0888,1.0932,1.0884,0.001561495,-0.002107964,0.000732332,0.002948765,1.074775,1.07317,1.07793,1.07033,0.001616102,0.001495326,0.00167429,0.00170181,1.092175
11/24/2023,1.0939,1.0905,1.0949,1.0894,0.003209831,0.001561352,0.001555068,0.00091878,1.07665,1.074905,1.079685,1.072125,0.001757654,0.001630158,0.001643296,0.001685973,1.094375
11/27/2023,1.0953,1.0937,1.096,1.0925,0.001279824,0.002934434,0.001004658,0.002845603,1.07835,1.07676,1.081355,1.074015,0.001589725,0.001738994,0.001561428,0.001771301,1.0972
11/28/2023,1.099,1.0954,1.101,1.0934,0.00337807,0.001554357,0.004562044,0.000823799,1.08042,1.07845,1.083025,1.075905,0.001932943,0.001580104,0.001554259,0.001769824,1.09845
11/29/2023,1.0968,1.0992,1.1018,1.096,-0.00200182,0.003469052,0.000726612,0.002377904,1.08242,1.08054,1.085205,1.07812,0.001870674,0.001951371,0.002030829,0.002073449,1.093025
11/30/2023,1.0886,1.0971,1.0985,1.0879,-0.007476295,-0.00191048,-0.002995099,-0.007390511,1.08375,1.08255,1.086785,1.079685,0.001250833,0.00187949,0.001469999,0.001470967,1.08775
12/1/2023,1.0881,1.0887,1.0913,1.0829,-0.000459306,-0.007656549,-0.006554392,-0.004596011,1.08451,1.08387,1.087615,1.080755,0.000714685,0.001241198,0.000776734,0.001009291,1.085575
12/4/2023,1.0836,1.0887,1.0896,1.0804,-0.004135649,0,-0.001557775,-0.002308616,1.085115,1.08466,1.08831,1.081195,0.000573147,0.000742281,0.000652321,0.000418118,1.081425
12/5/2023,1.0795,1.0836,1.0848,1.0778,-0.003783684,-0.004684486,-0.004405286,-0.002406516,1.085595,1.085255,1.08893,1.081765,0.000458624,0.00056398,0.000585445,0.00054042,1.077975
12/6/2023,1.0762,1.0793,1.0805,1.0759,-0.003056971,-0.003968254,-0.003963864,-0.00176285,1.08587,1.085725,1.08937,1.082265,0.000268389,0.000449546,0.000419889,0.000475721,1.07835
12/7/2023,1.0792,1.0769,1.0818,1.0755,0.002787586,-0.002223663,0.001203147,-0.000371782,1.0865,1.086035,1.08983,1.08274,0.000599232,0.000300976,0.000438057,0.000452441,1.077
12/8/2023,1.0761,1.0794,1.0802,1.0723,-0.002872498,0.002321478,-0.001479016,-0.00297536,1.0869,1.08667,1.09037,1.083075,0.00038529,0.000603844,0.000513276,0.000322435,1.0761
12/11/2023,1.0761,1.0762,1.078,1.0741,0,-0.00296461,-0.00203666,0.001678635,1.08722,1.08706,1.090735,1.083455,0.000310391,0.000375928,0.000350661,0.000364137,1.078575
12/12/2023,1.0792,1.0763,1.0829,1.0759,0.002880773,9.29195E-05,0.004545455,0.001675822,1.086785,1.08738,1.09044,1.08379,-0.000396277,0.000310376,-0.000267307,0.000321345,1.0834
12/13/2023,1.0873,1.0793,1.0898,1.0772,0.00750556,0.002787327,0.006371779,0.001208291,1.08692,1.08695,1.0905,1.083495,0.00013067,-0.000391458,6.0466E-05,-0.000268259,1.093675
12/14/2023,1.0991,1.0874,1.101,1.0872,0.010852571,0.007504864,0.010277115,0.009283327,1.087625,1.087085,1.091065,1.08371,0.000654858,0.000130857,0.000523798,0.00020514,1.094525
12/15/2023,1.0894,1.0994,1.1005,1.0888,-0.008825403,0.011035498,-0.000454133,0.00147167,1.08756,1.087815,1.091505,1.084025,-4.90847E-05,0.000678023,0.000409323,0.000297193,1.091225
12/18/2023,1.0922,1.0903,1.0932,1.0892,0.002570222,-0.008277242,-0.006633348,0.000367377,1.08748,1.087765,1.0914,1.084,-6.26842E-05,-3.54339E-05,-8.72248E-05,-1.70019E-05,1.095175
12/19/2023,1.098,1.0924,1.0988,1.0915,0.005310383,0.001926075,0.005122576,0.002111642,1.087835,1.087685,1.09151,1.084075,0.0003354,-6.28358E-05,0.00010956,7.48149E-05,1.095875
12/20/2023,1.0938,1.0981,1.0986,1.093,-0.003825137,0.005217869,-0.000182017,0.001374256,1.08809,1.088035,1.09182,1.084465,0.000244978,0.000330599,0.00029196,0.000363711,1.097425
12/21/2023,1.1008,1.0941,1.1014,1.0934,0.006399707,-0.003642655,0.002548698,0.000365965,1.08861,1.0883,1.09223,1.084715,0.000486888,0.000253864,0.000382778,0.000234571,1.10135
12/22/2023,1.101,1.101,1.1041,1.0993,0.000181686,0.006306553,0.002451425,0.005396012,1.088965,1.088825,1.09269,1.08521,0.000335481,0.000491124,0.000427596,0.000458433,1.100975
12/25/2023,1.1007,1.1017,1.1022,1.0993,-0.00027248,0.000635786,-0.001720859,0,1.089235,1.089225,1.093,1.08555,0.000257866,0.000376192,0.00029132,0.000316153,1.10265
12/26/2023,1.1042,1.101,1.1046,1.1008,0.003179795,-0.000635382,0.002177463,0.001364505,1.089495,1.089505,1.09318,1.08592,0.000247952,0.000266705,0.000172091,0.000343188,1.10745
12/27/2023,1.1103,1.1043,1.1124,1.1028,0.005524362,0.002997275,0.00706138,0.00181686,1.09017,1.08976,1.09371,1.08626,0.000624261,0.000243116,0.000488829,0.000315136,1.109025
12/28/2023,1.1059,1.1107,1.1141,1.1054,-0.003962893,0.005795527,0.001528227,0.002357635,1.091035,1.09044,1.09449,1.087135,0.000799931,0.000628416,0.000714996,0.000802543,1.1054
12/29/2023,1.1036,1.1061,1.1086,1.1033,-0.002079754,-0.004141532,-0.00493672,-0.001899765,1.09181,1.09131,1.095355,1.088155,0.000718909,0.000804167,0.000795879,0.000937355,1.1043
1/1/2024,1.1044,1.1044,1.1048,1.1036,0.0007249,-0.001536932,-0.003427747,0.000271912,1.09285,1.092095,1.096115,1.089315,0.000961936,0.000727321,0.000702381,0.001066382,1.0994
1/2/2024,1.0947,1.1045,1.1046,1.0938,-0.00878305,9.05469E-05,-0.000181028,-0.008880029,1.09361,1.09314,1.097105,1.090115,0.000711968,0.000966072,0.000913594,0.000742706,1.09305
1/3/2024,1.0921,1.0943,1.0966,1.0892,-0.00237508,-0.009234948,-0.007242441,-0.004205522,1.094405,1.09389,1.09791,1.09078,0.000746063,0.000702738,0.000749665,0.000620573,1.093825
1/4/2024,1.0943,1.0922,1.0973,1.0915,0.002014468,-0.001919035,0.000638337,0.002111642,1.09516,1.094655,1.098685,1.09158,0.000707407,0.000717969,0.000721424,0.000744744,1.094125
1/5/2024,1.0941,1.0947,1.1,1.0877,-0.000182765,0.002288958,0.002460585,-0.003481448,1.09606,1.09542,1.099675,1.09235,0.000841893,0.000716343,0.000918404,0.000719439,1.09495
1/8/2024,1.0949,1.0946,1.098,1.0923,0.000731195,-9.13492E-05,-0.001818182,0.004229107,1.097,1.09634,1.100675,1.09326,0.000878453,0.000860006,0.000929328,0.000846963,1.094
1/9/2024,1.0931,1.0952,1.0967,1.091,-0.001643986,0.000548145,-0.001183971,-0.001190149,1.097695,1.097285,1.101365,1.094015,0.000652215,0.000882767,0.000642857,0.000703664,1.09495
1/10/2024,1.0971,1.093,1.0974,1.0923,0.003659318,-0.002008766,0.000638278,0.001191567,1.098185,1.09797,1.101745,1.09477,0.000459903,0.000642963,0.000356182,0.000702828,1.0966
1/11/2024,1.097,1.0973,1.0991,1.093,-9.11494E-05,0.003934126,0.001549116,0.00064085,1.09808,1.098465,1.10165,1.09506,-8.72831E-05,0.000464426,-8.02179E-05,0.000270704,1.096125
1/12/2024,1.0949,1.0974,1.0987,1.0935,-0.001914312,9.11328E-05,-0.000363934,0.000457457,1.098355,1.098365,1.10156,1.095295,0.000258271,-8.27923E-05,-7.5708E-05,0.000219994,1.0951
1/15/2024,1.0948,1.0955,1.0968,1.0933,-9.13325E-05,-0.001731365,-0.001729316,-0.000182899,1.098485,1.098625,1.10174,1.0955,0.000125194,0.000244502,0.000169494,0.00019248,1.09095
1/16/2024,1.0874,1.095,1.0952,1.0862,-0.006759225,-0.000456413,-0.001458789,-0.0064941,1.097955,1.098755,1.10156,1.095235,-0.000478287,0.000125377,-0.000159575,-0.000237807,1.087125
1/17/2024,1.0881,1.0874,1.0886,1.0844,0.000643737,-0.006940639,-0.006026297,-0.001657153,1.09767,1.09822,1.10106,1.094805,-0.000254843,-0.000482548,-0.000451789,-0.000389378,1.087725
1/18/2024,1.0874,1.0882,1.0907,1.0846,-0.000643323,0.0007357,0.001929083,0.000184434,1.097,1.097925,1.100525,1.094365,-0.000606994,-0.000263631,-0.000482769,-0.000398454,1.0884
1/19/2024,1.0897,1.0875,1.0899,1.0865,0.002115137,-0.000643264,-0.000733474,0.001751798,1.096435,1.09725,1.099815,1.093725,-0.000510322,-0.000611121,-0.000642014,-0.000580665,1.0891
1/22/2024,1.0881,1.0892,1.0911,1.088,-0.001468294,0.001563218,0.001101018,0.00138058,1.095805,1.096625,1.09926,1.09316,-0.000570113,-0.00056475,-0.000500921,-0.000511636,1.086825
1/23/2024,1.0851,1.0883,1.0917,1.0822,-0.0027571,-0.000826295,0.000549904,-0.005330882,1.09485,1.09599,1.098615,1.09223,-0.000866957,-0.000574295,-0.000582299,-0.000846405,1.087875
1/24/2024,1.0883,1.0854,1.0933,1.0845,0.002949037,-0.002664706,0.001465604,0.0021253,1.09375,1.095045,1.09766,1.091315,-0.000995724,-0.000857394,-0.000862087,-0.000830983,1.0864
1/25/2024,1.0846,1.0885,1.0903,1.0822,-0.003399798,0.00285609,-0.002743986,-0.002120793,1.092685,1.093935,1.09647,1.090155,-0.000967569,-0.001004366,-0.001075698,-0.001054905,1.084825
1/26/2024,1.0852,1.0843,1.0886,1.0812,0.000553199,-0.003858521,-0.001559204,-0.000924044,1.091765,1.092845,1.09547,1.08905,-0.000835921,-0.000990216,-0.000906822,-0.001006119,1.0832
1/29/2024,1.0833,1.0849,1.085,1.0796,-0.001750829,0.000553352,-0.003307,-0.001479837,1.09071,1.09187,1.09448,1.08785,-0.000959708,-0.000885702,-0.000900785,-0.001093706,1.08355
1/30/2024,1.084,1.0833,1.0858,1.0811,0.000646174,-0.00147479,0.000737327,0.001389403,1.090175,1.09081,1.09354,1.087215,-0.000488246,-0.000963968,-0.000854867,-0.000580235,1.083575
1/31/2024,1.0816,1.0844,1.0888,1.0795,-0.002214022,0.001015416,0.00276294,-0.001479974,1.08965,1.090315,1.09315,1.08673,-0.000480194,-0.00045145,-0.000354598,-0.000443957,1.083525
2/1/2024,1.0872,1.0814,1.0876,1.0779,0.005177515,-0.002766507,-0.001102131,-0.001482168,1.089295,1.089775,1.092665,1.08605,-0.000322041,-0.000493824,-0.000441621,-0.000623648,1.0834
2/2/2024,1.0784,1.0873,1.0899,1.078,-0.008094187,0.005455891,0.002114748,9.2773E-05,1.08851,1.089405,1.09216,1.085565,-0.000717612,-0.000335477,-0.000458913,-0.000444937,1.075875
2/5/2024,1.0741,1.0784,1.0787,1.0723,-0.003987389,-0.008185413,-0.010276172,-0.00528757,1.08747,1.088595,1.091195,1.084565,-0.000953541,-0.00074018,-0.000881813,-0.00092077,1.074575
2/6/2024,1.0754,1.0743,1.0763,1.0723,0.001210316,-0.003801929,-0.0022249,0,1.086585,1.08755,1.090175,1.08363,-0.000810826,-0.000957684,-0.000933859,-0.000861263,1.0766
2/7/2024,1.0771,1.0755,1.0785,1.0753,0.001580807,0.001117006,0.00204404,0.002797725,1.085585,1.086675,1.08923,1.08278,-0.000914752,-0.000801395,-0.000863571,-0.000780955,1.07695
2/8/2024,1.0776,1.0772,1.0789,1.0741,0.000464209,0.00158066,0.000370885,-0.001115968,1.084615,1.08567,1.08822,1.081835,-0.000886984,-0.000919069,-0.000922483,-0.000868796,1.077975
2/9/2024,1.0782,1.0779,1.0796,1.0762,0.000556793,0.000649833,0.000648809,0.001955125,1.08378,1.084695,1.087265,1.08097,-0.000763429,-0.000891134,-0.000871846,-0.000793912,1.07785
2/12/2024,1.0771,1.0781,1.0806,1.0756,-0.001020219,0.000185546,0.000926269,-0.000557517,1.082895,1.083825,1.086455,1.080085,-0.000809873,-0.000795288,-0.000739066,-0.000812643,1.074425
2/13/2024,1.0709,1.0772,1.0796,1.07,-0.005756197,-0.000834802,-0.000925412,-0.005206396,1.08207,1.082935,1.085675,1.079275,-0.000759722,-0.000814208,-0.000712397,-0.000748258,1.07165
2/14/2024,1.0725,1.071,1.0736,1.0695,0.00149407,-0.005755663,-0.005557614,-0.00046729,1.08129,1.082115,1.084925,1.07853,-0.000717205,-0.000754959,-0.000688963,-0.000688765,1.075175
2/15/2024,1.0771,1.0727,1.0785,1.0724,0.004289044,0.001587302,0.004564083,0.002711547,1.080775,1.08134,1.084315,1.07792,-0.000470587,-0.000712379,-0.000557213,-0.000562409,1.0766
2/16/2024,1.0774,1.077,1.0788,1.0732,0.000278526,0.004008576,0.000278164,0.00074599,1.08016,1.080815,1.08376,1.077255,-0.000562417,-0.000479787,-0.000506631,-0.0006127,1.077675
2/19/2024,1.0777,1.0777,1.0791,1.0762,0.000278448,0.000649954,0.000278087,0.002795378,1.07964,1.08024,1.08316,1.076665,-0.00047508,-0.00052545,-0.000547778,-0.00054196,1.0796
2/20/2024,1.0803,1.0779,1.084,1.0762,0.002412545,0.00018558,0.004540821,0,1.0794,1.07972,1.082775,1.076365,-0.000216598,-0.000474856,-0.000348232,-0.000275416,1.08095
2/21/2024,1.0817,1.0807,1.0825,1.0789,0.001295936,0.002597644,-0.001383764,0.002508827,1.07907,1.079485,1.082235,1.076085,-0.000299253,-0.000211739,-0.0004907,-0.000256239,1.08325
2/22/2024,1.0823,1.0816,1.0889,1.0802,0.000554682,0.000832794,0.00591224,0.001204931,1.078955,1.07914,1.082165,1.075985,-0.000101529,-0.000312904,-5.78891E-05,-8.99531E-05,1.082375
2/23/2024,1.0818,1.0824,1.0841,1.0812,-0.000461979,0.000739645,-0.004408118,0.000925754,1.078785,1.079045,1.08194,1.075985,-0.000152288,-8.29953E-05,-0.000200335,2.53678E-06,1.08365
2/26/2024,1.0847,1.0826,1.0861,1.0812,0.002680717,0.000184775,0.001844848,0,1.078855,1.07893,1.081995,1.076065,6.92895E-05,-0.000101424,5.72575E-05,7.65286E-05,1.084825
2/27/2024,1.0844,1.085,1.0867,1.0832,-0.000276574,0.002216885,0.000552435,0.001849797,1.078875,1.079015,1.08204,1.07617,2.31521E-05,8.31596E-05,4.8013E-05,9.95483E-05,1.0831
2/28/2024,1.0836,1.0844,1.0848,1.0796,-0.000737735,-0.000552995,-0.001748413,-0.003323486,1.078975,1.079015,1.08184,1.076175,9.69665E-05,4.73904E-06,-0.000177555,7.3727E-06,1.082275
2/29/2024,1.0803,1.0836,1.0857,1.0795,-0.003045404,-0.000737735,0.000829646,-9.26269E-05,1.07863,1.079125,1.081745,1.076255,-0.000314179,0.000106178,-8.09658E-05,7.68497E-05,1.082075
3/1/2024,1.0837,1.0804,1.0844,1.0798,0.003147274,-0.002953119,-0.001197384,0.000277906,1.078895,1.07878,1.08147,1.076345,0.000247894,-0.000314273,-0.000246572,8.61064E-05,1.08505
3/4/2024,1.0854,1.0843,1.0867,1.0838,0.0015687,0.003609774,0.002120989,0.00370439,1.07946,1.079075,1.08187,1.07692,0.000525698,0.000275487,0.000373286,0.000535704,1.0857
3/5/2024,1.0855,1.0856,1.0877,1.084,9.21319E-05,0.00119893,0.000920217,0.000184536,1.079965,1.07964,1.08244,1.077505,0.000469789,0.000525529,0.000530541,0.000544931,1.08785
3/6/2024,1.0897,1.0859,1.0916,1.0842,0.003869185,0.000276345,0.003585547,0.000184502,1.080595,1.08016,1.083095,1.07795,0.000584208,0.000483496,0.000607617,0.00041427,1.0915
3/7/2024,1.0946,1.0897,1.095,1.0867,0.00449665,0.003499401,0.003114694,0.002305848,1.081445,1.080785,1.0839,1.07858,0.00078583,0.000579433,0.000744807,0.000585361,1.09465
3/8/2024,1.0937,1.0948,1.0982,1.0919,-0.000822218,0.004680187,0.002922374,0.004785129,1.08222,1.08163,1.08483,1.079365,0.000716879,0.000780951,0.000858486,0.000726861,1.093325
3/11/2024,1.0926,1.0944,1.0949,1.0914,-0.00100576,-0.000365364,-0.003004917,-0.000457917,1.082995,1.082445,1.085545,1.080155,0.000717602,0.000753406,0.000661926,0.000731841,1.092375
3/12/2024,1.0924,1.0925,1.0946,1.09,-0.00018305,-0.001736111,-0.000273998,-0.001282756,1.08407,1.08321,1.086295,1.081155,0.000996259,0.00070834,0.000694497,0.000928023,1.093925
3/13/2024,1.0946,1.0926,1.0965,1.092,0.002013914,9.15332E-05,0.001735794,0.001834862,1.085175,1.08429,1.08744,1.08228,0.001022252,0.0010007,0.001059167,0.001043131,1.09165
3/14/2024,1.0881,1.095,1.0955,1.088,-0.005938242,0.002196595,-0.000911993,-0.003663004,1.085725,1.085405,1.08829,1.08306,0.000510887,0.001031165,0.000785364,0.000724403,1.0886
3/15/2024,1.0887,1.0883,1.0901,1.0873,0.00055142,-0.006118721,-0.004929256,-0.000643382,1.08629,1.08597,1.088855,1.083765,0.000524532,0.0005248,0.000524993,0.000654934,1.0884
3/18/2024,1.0871,1.0893,1.0907,1.0865,-0.001469643,0.000918864,0.000550408,-0.000735767,1.08676,1.08655,1.089435,1.08428,0.000437128,0.000538245,0.000538609,0.000478377,1.08625
3/19/2024,1.0865,1.0873,1.0878,1.0834,-0.000551927,-0.001836041,-0.002658843,-0.002853198,1.08707,1.08702,1.089625,1.08464,0.000288904,0.000437164,0.000178625,0.000335717,1.08855
3/20/2024,1.0918,1.0864,1.0924,1.0836,0.004878049,-0.000827738,0.004228719,0.000184604,1.087575,1.087305,1.09012,1.084875,0.00046801,0.000265895,0.00045925,0.000219506,1.089525
3/21/2024,1.086,1.0922,1.0944,1.0855,-0.005312328,0.005338733,0.001830831,0.001753415,1.08776,1.087835,1.090395,1.08514,0.000174659,0.000491192,0.000255179,0.00024693,1.0834
3/22/2024,1.0805,1.086,1.0869,1.0802,-0.005064457,-0.005676616,-0.00685307,-0.004882543,1.087695,1.088015,1.090535,1.08509,-5.54649E-05,0.000170379,0.000132931,-4.34846E-05,1.08225
3/25/2024,1.0836,1.0808,1.0844,1.0802,0.002869042,-0.004788214,-0.00230012,0,1.08764,1.087925,1.09045,1.08504,-4.60486E-05,-7.82703E-05,-7.43169E-05,-4.34846E-05,1.083925
3/26/2024,1.083,1.0838,1.0865,1.0824,-0.00055371,0.002775722,0.001936555,0.00203666,1.08757,1.087865,1.09044,1.085,-5.99054E-05,-5.03285E-05,-5.11094E-06,-3.41415E-05,1.082675
3/27/2024,1.0826,1.0831,1.084,1.081,-0.000369344,-0.000645876,-0.002300966,-0.001293422,1.08752,1.0878,1.0904,1.08507,-4.14859E-05,-5.49725E-05,-3.27386E-05,6.73617E-05,1.080425
3/28/2024,1.0787,1.0827,1.0829,1.0774,-0.003602439,-0.00036931,-0.00101476,-0.00333025,1.08744,1.087755,1.09026,1.084965,-6.93376E-05,-3.65513E-05,-0.000124959,-9.45194E-05,1.0789
3/29/2024,1.0793,1.079,1.0806,1.0767,0.000556225,-0.003417382,-0.002123926,-0.000649712,1.08722,1.087685,1.09007,1.08481,-0.00019889,-5.97644E-05,-0.000171286,-0.0001409,1.076525
4/1/2024,1.0743,1.0788,1.08,1.073,-0.004632632,-0.000185357,-0.000555247,-0.003436426,1.086665,1.08741,1.089735,1.08427,-0.000508957,-0.000249521,-0.000305098,-0.000497941,1.0754
4/2/2024,1.0768,1.0744,1.078,1.0724,0.002327097,-0.004078606,-0.001851852,-0.00055918,1.08623,1.08685,1.08925,1.08369,-0.000397208,-0.000513398,-0.000443701,-0.000535127,1.080225
4/3/2024,1.0835,1.0772,1.0838,1.0764,0.00622214,0.002606106,0.005380334,0.003729952,1.08592,1.086415,1.08886,1.0833,-0.000279561,-0.00039691,-0.000353962,-0.000357854,1.084425
4/4/2024,1.0835,1.0833,1.0878,1.0831,0,0.00566283,0.003690718,0.006224452,1.085365,1.086095,1.0885,1.08312,-0.000504393,-0.000288738,-0.000325161,-0.000161924,1.08275
4/5/2024,1.0835,1.0836,1.0848,1.0791,0,0.000276932,-0.00275786,-0.003693103,1.084855,1.085535,1.08783,1.08248,-0.000463282,-0.000508901,-0.000609172,-0.000585836,1.0846
4/8/2024,1.0858,1.0843,1.0863,1.082,0.00212275,0.000645995,0.001382743,0.002687425,1.084515,1.08503,1.0874,1.08201,-0.000306857,-0.000458333,-0.000389789,-0.000428569,1.086175
4/9/2024,1.0855,1.0859,1.0886,1.0847,-0.000276294,0.001475606,0.002117279,0.002495379,1.08417,1.0847,1.0871,1.081745,-0.000311519,-0.000297747,-0.000270226,-0.000239662,1.07985
4/10/2024,1.0742,1.0857,1.0867,1.0728,-0.010409949,-0.000184179,-0.001745361,-0.010970775,1.08315,1.084355,1.08661,1.080785,-0.000932712,-0.000311533,-0.000444283,-0.000879944,1.073125
4/11/2024,1.0724,1.0744,1.0758,1.0699,-0.001675666,-0.010408032,-0.010030367,-0.002703207,1.082365,1.083325,1.085625,1.07988,-0.000719583,-0.000941764,-0.000900202,-0.000831954,1.068
4/12/2024,1.0642,1.0726,1.073,1.0622,-0.007646401,-0.001675354,-0.002602714,-0.007196934,1.08114,1.08254,1.08477,1.078625,-0.001129474,-0.000719596,-0.000783875,-0.001159632,1.063625
4/15/2024,1.0622,1.0637,1.0666,1.062,-0.001879346,-0.008297595,-0.005964585,-0.000188288,1.079895,1.08126,1.083565,1.0774,-0.00114996,-0.001180419,-0.001109625,-0.001132258,1.062425
4/16/2024,1.0617,1.0624,1.0655,1.0601,-0.000470721,-0.001222149,-0.001031314,-0.001789077,1.078655,1.080015,1.08245,1.076235,-0.001145899,-0.001149724,-0.001028248,-0.001079052,1.064425
4/17/2024,1.0671,1.062,1.068,1.0606,0.005086183,-0.000376506,0.002346316,0.000471654,1.07742,1.078795,1.08123,1.075085,-0.001135493,-0.001127163,-0.001122368,-0.001064699,1.06615
4/18/2024,1.0643,1.0672,1.069,1.0641,-0.002623934,0.004896422,0.00093633,0.003300019,1.076335,1.077545,1.07996,1.074015,-0.001001073,-0.001149278,-0.001167093,-0.000987369,1.064675
4/19/2024,1.0654,1.0644,1.0679,1.061,0.001033543,-0.002623688,-0.001028999,-0.00291326,1.07558,1.076465,1.07901,1.073055,-0.000696173,-0.000996632,-0.00087589,-0.000888905,1.0651
4/22/2024,1.0654,1.0656,1.0671,1.0623,0,0.001127396,-0.000749134,0.001225259,1.07467,1.075705,1.078145,1.07216,-0.000839625,-0.000700851,-0.000798341,-0.000827642,1.067625
4/23/2024,1.0699,1.0655,1.0713,1.0638,0.004223766,-9.38438E-05,0.003935901,0.00141203,1.074015,1.07479,1.077385,1.07123,-0.000600751,-0.00084433,-0.000698373,-0.000858873,1.069825
4/24/2024,1.0697,1.0703,1.0715,1.0678,-0.000186933,0.004504927,0.000186689,0.003760105,1.07337,1.07415,1.07676,1.07057,-0.000591631,-0.000586789,-0.000573991,-0.000606197,1.07115
4/25/2024,1.0729,1.0699,1.074,1.0678,0.002991493,-0.000373727,0.002333178,0,1.07308,1.07351,1.076315,1.07009,-0.000261934,-0.00058701,-0.000406594,-0.000439684,1.071275
4/26/2024,1.0692,1.0732,1.0754,1.0673,-0.003448597,0.0030844,0.001303538,-0.000468252,1.072575,1.07322,1.076055,1.06962,-0.000462175,-0.000261921,-0.00023522,-0.000430611,1.070975
4/29/2024,1.0719,1.0695,1.0735,1.069,0.002525253,-0.003447633,-0.001766784,0.001592804,1.072455,1.072755,1.07573,1.06942,-0.000104281,-0.000425035,-0.000295797,-0.00017915,1.069725
4/30/2024,1.0665,1.0724,1.0736,1.0664,-0.005037783,0.002711547,9.31532E-05,-0.00243218,1.07194,1.072655,1.07551,1.06912,-0.000472525,-8.55273E-05,-0.000198547,-0.0002728,1.068925
5/1/2024,1.0709,1.0665,1.0734,1.0649,0.004125645,-0.005501678,-0.000186289,-0.001406602,1.07131,1.07212,1.07499,1.068545,-0.00057735,-0.000490916,-0.000476878,-0.000529628,1.071025
5/2/2024,1.0725,1.0711,1.0731,1.0674,0.00149407,0.004313174,-0.000279486,0.002347638,1.07076,1.07151,1.074255,1.06776,-0.000502646,-0.000558399,-0.000675388,-0.000723468,1.07555
5/3/2024,1.0758,1.0727,1.0813,1.0724,0.003076923,0.001493791,0.007641413,0.00468428,1.070375,1.070965,1.07408,1.067425,-0.0003488,-0.000497556,-0.000155425,-0.000304599,1.0769
5/6/2024,1.0768,1.0762,1.0791,1.0755,0.000929541,0.003262795,-0.002034588,0.002890712,1.069925,1.07056,1.07372,1.0671,-0.00040846,-0.000366716,-0.000326291,-0.000294435,1.076425
5/7/2024,1.0752,1.077,1.0788,1.0747,-0.001485884,0.000743356,-0.000278009,-0.00074384,1.06941,1.070115,1.07323,1.0666,-0.00046894,-0.000403329,-0.000446056,-0.000456396,1.0748
5/8/2024,1.0745,1.0755,1.0758,1.0734,-0.000651042,-0.001392758,-0.002780868,-0.00120964,1.069425,1.069605,1.072685,1.06663,1.90054E-05,-0.000463758,-0.000497831,3.16611E-05,1.076025
5/9/2024,1.0781,1.0751,1.0785,1.0724,0.003350396,-0.00037192,0.00250976,-0.000931619,1.06971,1.06964,1.07282,1.066755,0.000270308,3.80479E-05,0.000129175,0.00012024,1.07755
5/10/2024,1.0769,1.0782,1.0791,1.076,-0.001113069,0.002883453,0.000556328,0.003356956,1.070345,1.06992,1.073125,1.067445,0.000596975,0.000265988,0.000287127,0.000647935,1.0784
5/13/2024,1.0788,1.0774,1.0808,1.0766,0.001764324,-0.000741977,0.001575387,0.000557621,1.071175,1.070605,1.073835,1.068175,0.000779159,0.000643769,0.000664126,0.00068523,1.079975
5/14/2024,1.0818,1.0788,1.0827,1.0766,0.002780868,0.001299425,0.001757957,0,1.07218,1.071425,1.074695,1.069,0.000941738,0.000769848,0.00080359,0.000774684,1.084975
5/15/2024,1.0882,1.0819,1.0886,1.0812,0.005916066,0.002873563,0.00544934,0.00427271,1.073235,1.07242,1.075725,1.07003,0.000983232,0.000932351,0.000958741,0.000964737,1.0875
5/16/2024,1.0865,1.0885,1.0896,1.0854,-0.001562213,0.006100379,0.000918611,0.003884573,1.074345,1.073485,1.076755,1.071095,0.001036318,0.000992549,0.000957855,0.000993965,1.086275
5/17/2024,1.087,1.0866,1.088,1.0835,0.000460193,-0.001745521,-0.001468429,-0.001750507,1.075425,1.074595,1.07776,1.07222,0.001007651,0.001036457,0.000935883,0.001052103,1.086525
5/20/2024,1.0855,1.0866,1.0886,1.0854,-0.001379945,0,0.000551471,0.001753576,1.07643,1.075645,1.078835,1.073375,0.000938653,0.000980088,0.001000914,0.001078518,1.085775
5/21/2024,1.0854,1.0859,1.0875,1.0843,-9.21234E-05,-0.000644211,-0.001010472,-0.001013451,1.077205,1.076665,1.079645,1.0744,0.000722859,0.000952569,0.000753595,0.000957244,1.08395
5/22/2024,1.0821,1.0855,1.0865,1.0817,-0.003040354,-0.000368358,-0.00091954,-0.00239786,1.077825,1.077425,1.080395,1.075095,0.000580188,0.000708905,0.000698283,0.000649346,1.0826
5/23/2024,1.0813,1.0824,1.0862,1.0805,-0.000739303,-0.002855827,-0.000276116,-0.001109365,1.078245,1.07805,1.081005,1.07573,0.000393648,0.0005848,0.000567819,0.000593878,1.083075
5/24/2024,1.0845,1.0814,1.0859,1.0805,0.002959401,-0.000923873,-0.000276192,0,1.07901,1.07846,1.08153,1.07639,0.000714048,0.000384386,0.000488832,0.00061729,1.085525
5/27/2024,1.0858,1.0854,1.0868,1.0841,0.001198709,0.003698909,0.000828806,0.003331791,1.079705,1.079255,1.082195,1.077145,0.000647721,0.000741713,0.000618612,0.00070424,1.08645
5/28/2024,1.0855,1.086,1.089,1.0853,-0.000276294,0.000552792,0.002024291,0.001106909,1.080655,1.079935,1.082965,1.07809,0.000885795,0.000633776,0.000715169,0.000881194,1.08295
5/29/2024,1.08,1.0857,1.0861,1.08,-0.005066789,-0.000276243,-0.002662994,-0.004883442,1.08111,1.080895,1.0836,1.078845,0.000426174,0.000895047,0.000591333,0.000707352,1.081675
5/30/2024,1.0832,1.0802,1.0846,1.0787,0.002962963,-0.005065856,-0.001381088,-0.001203704,1.081645,1.08135,1.084175,1.07941,0.000499618,0.000426096,0.000536253,0.000529785,1.08415
5/31/2024,1.0841,1.0832,1.0883,1.081,0.000830871,0.002777263,0.003411396,0.002132196,1.08206,1.081875,1.084525,1.07984,0.000387316,0.000490269,0.000324753,0.000402181,1.087125
6/3/2024,1.0902,1.0851,1.0905,1.0827,0.005626787,0.001754062,0.002021501,0.001572618,1.08273,1.08232,1.085095,1.0802,0.000622178,0.000414833,0.000527557,0.000336276,1.08895
6/4/2024,1.0878,1.0904,1.0917,1.0859,-0.002201431,0.004884342,0.001100413,0.002955574,1.08336,1.08299,1.08574,1.08076,0.000586401,0.000621882,0.000596478,0.000521247,1.08735
6/5/2024,1.0868,1.088,1.0892,1.0854,-0.000919287,-0.002201027,-0.002290006,-0.000460448,1.083975,1.083615,1.08641,1.08136,0.000572988,0.000581469,0.000621021,0.000558706,1.08805
6/6/2024,1.0888,1.0869,1.0903,1.0862,0.001840265,-0.001011029,0.001009916,0.000737055,1.08451,1.084205,1.087,1.08205,0.000497482,0.000549513,0.000546029,0.00064214,1.0848
6/7/2024,1.08,1.089,1.0903,1.0799,-0.008082292,0.0019321,0,-0.005800037,1.084665,1.084745,1.08756,1.082245,0.000149021,0.000501946,0.000518213,0.00018429,1.07725
6/10/2024,1.0763,1.0797,1.0798,1.0732,-0.003425926,-0.008539945,-0.009630377,-0.006204278,1.08454,1.08486,1.08751,1.082075,-0.000110492,0.000112047,-4.20757E-05,-0.000153804,1.074925
6/11/2024,1.0739,1.0765,1.0774,1.0719,-0.002229862,-0.002963786,-0.002222634,-0.001211331,1.084145,1.084745,1.087245,1.08184,-0.000361028,-0.000101113,-0.000241105,-0.000214371,1.0784
6/12/2024,1.0807,1.0742,1.0853,1.0734,0.006332061,-0.002136554,0.007332467,0.001399384,1.08377,1.08436,1.08708,1.08145,-0.000340228,-0.000351619,-0.000146949,-0.000358037,1.077325
6/13/2024,1.0735,1.0809,1.0817,1.0732,-0.006662348,0.0062372,-0.003317055,-0.000186324,1.08312,1.08398,1.086685,1.08084,-0.000595235,-0.000344778,-0.000358732,-0.000561582,1.071225
6/14/2024,1.07,1.0737,1.0745,1.0667,-0.003260363,-0.006661116,-0.006656189,-0.006056653,1.08227,1.083335,1.08601,1.08,-0.000781263,-0.000590558,-0.00061812,-0.000776889,1.071525
6/17/2024,1.0734,1.0702,1.0739,1.0686,0.00317757,-0.003259756,-0.000558399,0.001781194,1.081665,1.082515,1.085275,1.07916,-0.000553387,-0.000753546,-0.000673614,-0.000775509,1.073625
6/18/2024,1.0738,1.0735,1.0763,1.0709,0.000372648,0.003083536,0.002234845,0.002152349,1.081085,1.081895,1.084715,1.07849,-0.000530149,-0.000567158,-0.000511348,-0.000617219,1.074
6/19/2024,1.0742,1.074,1.0754,1.0724,0.000372509,0.000465766,-0.000836198,0.001400691,1.08069,1.08132,1.08416,1.078025,-0.000359506,-0.000525452,-0.000507181,-0.000427291,1.0724
6/20/2024,1.07,1.0745,1.0749,1.0702,-0.003909886,0.000465549,-0.000464943,-0.002051473,1.080125,1.080925,1.083595,1.07751,-0.000518035,-0.000359383,-0.000516622,-0.000474396,1.069625
6/21/2024,1.0691,1.0702,1.0722,1.067,-0.000841121,-0.004001861,-0.002511862,-0.002990095,1.079355,1.080365,1.08291,1.076835,-0.000708061,-0.000513283,-0.000628406,-0.000623901,1.07125
6/24/2024,1.0732,1.0688,1.0747,1.0683,0.003835001,-0.001308167,0.002331655,0.001218369,1.078725,1.079535,1.082305,1.076045,-0.000576246,-0.000763636,-0.000553263,-0.000729572,1.072075
6/25/2024,1.0713,1.0735,1.0745,1.069,-0.001770406,0.004397455,-0.000186098,0.000655247,1.078015,1.07891,1.08158,1.07523,-0.000650952,-0.000571403,-0.000663783,-0.000752155,1.0694
6/26/2024,1.0679,1.0713,1.0719,1.0665,-0.003173714,-0.002049371,-0.00241973,-0.002338634,1.07741,1.07819,1.08087,1.074555,-0.000556298,-0.00066006,-0.000651619,-0.000624915,1.069675
6/27/2024,1.0702,1.068,1.0728,1.0677,0.00215376,-0.00308037,0.000839631,0.001125176,1.07676,1.07758,1.08028,1.074005,-0.000596758,-0.000560785,-0.000540583,-0.000508471,1.07065
6/28/2024,1.0713,1.0703,1.0726,1.0684,0.001027845,0.002153558,-0.000186428,0.000655615,1.07612,1.076935,1.079495,1.073375,-0.00058691,-0.000591971,-0.000720475,-0.0005823,1.074075
7/1/2024,1.0738,1.0728,1.0777,1.072,0.002333613,0.002335794,0.004754801,0.003369525,1.0753,1.07632,1.078855,1.07284,-0.000751568,-0.000562884,-0.00058381,-0.000492455,1.07355
7/2/2024,1.0744,1.0741,1.0748,1.0709,0.000558763,0.001211782,-0.002690916,-0.001026119,1.07463,1.075505,1.07801,1.07209,-0.000613559,-0.000746512,-0.000773376,-0.000691539,1.077075
7/3/2024,1.0786,1.0743,1.0818,1.0736,0.003909159,0.000186202,0.00651284,0.002521244,1.07422,1.07482,1.07764,1.0715,-0.000372136,-0.000627151,-0.000333234,-0.000542455,1.079825
7/4/2024,1.081,1.0786,1.0814,1.0783,0.002225107,0.004002606,-0.000369754,0.004377794,1.07383,1.074405,1.077195,1.071105,-0.000352894,-0.000376469,-0.000402217,-0.000360418,1.0825
7/5/2024,1.0836,1.0812,1.0844,1.0808,0.00240518,0.002410532,0.002774182,0.002318464,1.07401,1.074015,1.0769,1.07115,0.000171479,-0.000352547,-0.000263508,4.55072E-05,1.08195
7/8/2024,1.0822,1.0808,1.0846,1.0802,-0.00129199,-0.000369959,0.000184434,-0.000555144,1.074305,1.07407,1.07714,1.0715,0.000278176,5.59521E-05,0.000227232,0.000327964,1.082
7/9/2024,1.0812,1.0829,1.0834,1.0805,-0.000924044,0.001943005,-0.001106399,0.000277726,1.07467,1.07439,1.07744,1.07193,0.000343467,0.000301292,0.000283044,0.000402417,1.082125
7/10/2024,1.083,1.0814,1.0831,1.081,0.001664817,-0.001385169,-0.000276906,0.000462749,1.074785,1.07475,1.07733,1.07231,0.000110105,0.000338861,-9.74246E-05,0.000355585,1.0856
7/11/2024,1.0865,1.0831,1.0901,1.0827,0.003231764,0.001572036,0.00646293,0.001572618,1.075435,1.07486,1.07775,1.072785,0.000604811,0.000105603,0.000391575,0.000443532,1.088625
7/12/2024,1.0906,1.0866,1.0912,1.0861,0.003773585,0.003231465,0.001009082,0.003140297,1.076465,1.075505,1.078585,1.073755,0.000956508,0.000600232,0.000774838,0.00090338,1.089675
7/15/2024,1.0894,1.0887,1.0923,1.0883,-0.001100312,0.001932634,0.001008065,0.002025596,1.077265,1.07643,1.079505,1.07474,0.000742614,0.000859851,0.000853161,0.0009156,1.08925
7/16/2024,1.0897,1.0895,1.0907,1.0871,0.000275381,0.000734821,-0.001464799,-0.001102637,1.07806,1.07723,1.080225,1.07555,0.000737751,0.000742415,0.000668179,0.00075285,1.091975
7/17/2024,1.0937,1.0899,1.0949,1.0894,0.003670735,0.000367141,0.003850738,0.002115721,1.079035,1.078025,1.0812,1.0764,0.000902662,0.000737484,0.000902526,0.000788602,1.091725
7/18/2024,1.0896,1.0938,1.0942,1.0893,-0.003748743,0.00357831,-0.000639328,-9.17936E-05,1.080015,1.07899,1.082165,1.077355,0.000910719,0.000893122,0.000893807,0.000886586,1.0889
7/19/2024,1.0877,1.0901,1.0903,1.0875,-0.001743759,-0.003382703,-0.003564248,-0.001652437,1.080945,1.079985,1.08307,1.07838,0.000865587,0.00092408,0.000841188,0.000953469,1.08865
7/22/2024,1.0889,1.0881,1.0904,1.0872,0.001103245,-0.001834694,9.17179E-05,-0.000275862,1.08173,1.08095,1.083855,1.079325,0.000728999,0.000897754,0.000729191,0.000878757,1.087125
7/23/2024,1.0851,1.0892,1.0898,1.0844,-0.00348976,0.001010936,-0.000550257,-0.002575423,1.08242,1.081735,1.08462,1.080095,0.000643032,0.000728428,0.000710983,0.000717224,1.084625
7/24/2024,1.0839,1.0854,1.0867,1.0825,-0.001105889,-0.003488799,-0.002844559,-0.001752121,1.08322,1.08244,1.08536,1.080895,0.000746423,0.000656457,0.000689741,0.000746549,1.08455
7/25/2024,1.0844,1.084,1.0871,1.0827,0.000461297,-0.001289847,0.000368087,0.000184758,1.08393,1.08324,1.086075,1.081645,0.0006618,0.000745983,0.000666164,0.000699528,1.085375
7/26/2024,1.0857,1.0847,1.0869,1.0842,0.00119882,0.000645756,-0.000183976,0.001385425,1.08465,1.08396,1.08679,1.082435,0.000670348,0.000670593,0.000666287,0.000736019,1.083925
7/29/2024,1.0819,1.0864,1.0871,1.0803,-0.003500046,0.001567254,0.00018401,-0.003597122,1.085055,1.08464,1.08726,1.08285,0.000378666,0.000632166,0.000437747,0.000387687,1.08175
7/30/2024,1.0815,1.0821,1.0837,1.0797,-0.00036972,-0.003958027,-0.003127587,-0.000555401,1.08541,1.08504,1.087705,1.08329,0.000332241,0.000373675,0.000415914,0.000411223,1.082325
7/31/2024,1.0825,1.0816,1.085,1.0802,0.000924642,-0.000462065,0.001199594,0.000463092,1.085605,1.085405,1.087865,1.08362,0.000183016,0.000341262,0.000150251,0.000308315,1.080775
8/1/2024,1.0791,1.0827,1.0836,1.0777,-0.003140878,0.001017012,-0.001290323,-0.002314386,1.08551,1.08561,1.087975,1.08359,-8.52837E-05,0.000191982,0.000104223,-2.62941E-05,1.085125
8/2/2024,1.0908,1.0789,1.0926,1.0782,0.010842369,-0.003509744,0.008305648,0.000463951,1.08587,1.085495,1.088385,1.08346,0.000336576,-0.000104032,0.000380796,-0.00011902,1.094375
8/5/2024,1.0952,1.0923,1.1008,1.0892,0.004033737,0.012420057,0.007505034,0.010202189,1.08652,1.08607,1.089195,1.08391,0.000602862,0.000535469,0.000746826,0.000418847,1.09375
8/6/2024,1.093,1.0953,1.0964,1.0903,-0.002008766,0.002746498,-0.003997093,0.001009916,1.08711,1.08669,1.089845,1.0844,0.000548626,0.000575644,0.000602292,0.000455456,1.09225
8/7/2024,1.0921,1.0928,1.0936,1.0905,-0.000823422,-0.00228248,-0.002553812,0.000183436,1.087565,1.08726,1.09037,1.084875,0.000424214,0.000530778,0.000488446,0.000441491,1.0917
8/8/2024,1.0918,1.0922,1.0946,1.0882,-0.0002747,-0.000549048,0.000914411,-0.002109124,1.08783,1.087715,1.090595,1.08515,0.000248891,0.000424724,0.00021102,0.000257404,1.0919
8/9/2024,1.0916,1.0919,1.0932,1.0909,-0.000183184,-0.000274675,-0.001279006,0.002481162,1.08788,1.08798,1.090695,1.08539,5.10524E-05,0.000249417,9.66158E-05,0.000224447,1.092425
8/12/2024,1.0931,1.0915,1.094,1.0911,0.00137413,-0.000366334,0.000731797,0.000183335,1.088065,1.08812,1.09078,1.08553,0.000174774,0.000134469,8.28024E-05,0.000132334,1.095925
8/13/2024,1.0992,1.0932,1.1,1.0913,0.005580459,0.00155749,0.005484461,0.000183301,1.08854,1.088305,1.091245,1.08574,0.000440028,0.000175602,0.000430265,0.000196631,1.100925
8/14/2024,1.1012,1.0993,1.1048,1.0984,0.001819505,0.005579949,0.004363636,0.006506002,1.088915,1.088775,1.09174,1.08619,0.000347467,0.000436242,0.00045591,0.000416145,1.0987
8/15/2024,1.0971,1.1012,1.1016,1.0949,-0.003723211,0.001728373,-0.002896452,-0.003186453,1.08929,1.089145,1.09211,1.08647,0.000348743,0.000343746,0.000343054,0.000261412,1.1
8/16/2024,1.1028,1.0972,1.103,1.097,0.005195515,-0.003632401,0.001270879,0.001917983,1.090045,1.0895,1.092745,1.086945,0.000695707,0.000331261,0.00058481,0.000439933,1.105475
8/19/2024,1.1085,1.1024,1.1087,1.1023,0.005168662,0.004739336,0.005167724,0.004831358,1.091025,1.090215,1.09366,1.0877,0.000898978,0.000659962,0.000838611,0.000695294,1.110425
8/20/2024,1.113,1.1086,1.113,1.1071,0.00405954,0.005624093,0.003878416,0.004354531,1.09242,1.091185,1.09482,1.088835,0.001276443,0.00089062,0.001060044,0.001041792,1.1138
8/21/2024,1.115,1.1128,1.1174,1.11,0.001796945,0.003788562,0.003953279,0.002619456,1.093975,1.092555,1.096355,1.09021,0.001421585,0.001254488,0.001399936,0.00126037,1.113125
8/22/2024,1.1112,1.115,1.1166,1.1097,-0.003408072,0.001976995,-0.000715948,-0.00027027,1.095315,1.094105,1.09783,1.09156,0.001228116,0.00141783,0.001345735,0.001237619,1.115225
8/23/2024,1.119,1.1113,1.1201,1.1105,0.007019438,-0.003318386,0.003134515,0.000720916,1.09698,1.095435,1.09949,1.092875,0.001519147,0.001219623,0.001511659,0.001204393,1.11755
8/26/2024,1.1161,1.1188,1.1202,1.1151,-0.0025916,0.006748853,8.92777E-05,0.004142278,1.09869,1.097055,1.101145,1.094615,0.00156457,0.001478703,0.001506923,0.001591364,1.117175
8/27/2024,1.1184,1.1161,1.1191,1.1151,0.002060747,-0.0024133,-0.000981968,0,1.100535,1.098755,1.102915,1.096385,0.001686093,0.001555939,0.001614204,0.001619134,1.1149
8/28/2024,1.112,1.1184,1.1187,1.1105,-0.005722461,0.002060747,-0.00035743,-0.004125191,1.10201,1.100595,1.1046,1.0979,0.001353738,0.00168208,0.001536352,0.001389719,1.1098
8/29/2024,1.1077,1.1119,1.1141,1.1055,-0.003866906,-0.005811874,-0.004111916,-0.004502476,1.10344,1.102055,1.106125,1.09929,0.001317436,0.001340636,0.001395273,0.001280315,1.1066
8/30/2024,1.1047,1.1077,1.1096,1.1044,-0.002708315,-0.003777318,-0.004039135,-0.000995025,1.104135,1.103495,1.106975,1.1006,0.000639902,0.001327257,0.000778034,0.001207366,1.10595
9/2/2024,1.1071,1.1047,1.1078,1.1042,0.002172536,-0.002708315,-0.001622206,-0.000181094,1.10473,1.104115,1.107325,1.10135,0.000546842,0.000570838,0.000321672,0.000688202,1.105275
9/3/2024,1.1043,1.1069,1.1073,1.1026,-0.00252913,0.001991491,-0.000451345,-0.001449013,1.105295,1.104695,1.10787,1.101965,0.000520824,0.000533088,0.000498959,0.000565256,1.10645
9/4/2024,1.1082,1.1044,1.1094,1.1038,0.003531649,-0.00225856,0.001896505,0.001088337,1.1061,1.105275,1.10866,1.10263,0.000738577,0.000534284,0.000721475,0.000610501,1.109675
9/5/2024,1.111,1.1082,1.112,1.1075,0.00252662,0.003440782,0.002343609,0.003352057,1.10706,1.106075,1.10953,1.103595,0.000878643,0.000733775,0.000792935,0.00088356,1.110325
9/6/2024,1.1083,1.111,1.1155,1.1065,-0.002430243,0.00252662,0.003147482,-0.000902935,1.107895,1.10703,1.110645,1.104375,0.00076629,0.00087384,0.001014259,0.000714355,1.106025
9/9/2024,1.1034,1.1082,1.1092,1.1033,-0.004421186,-0.002520252,-0.005647692,-0.002892002,1.10841,1.107865,1.111405,1.104985,0.000476525,0.000766144,0.000695285,0.000560588,1.102975
9/10/2024,1.1019,1.1035,1.105,1.1015,-0.001359434,-0.004241112,-0.003786513,-0.001631469,1.108545,1.10838,1.111655,1.105495,0.00012953,0.000476214,0.000231736,0.00046985,1.10215
9/11/2024,1.1011,1.1019,1.1054,1.1002,-0.000726019,-0.001449932,0.000361991,-0.001180209,1.10854,1.10851,1.111685,1.105585,2.2538E-06,0.00012472,3.16538E-05,8.5539E-05,1.10415
9/12/2024,1.1074,1.1012,1.1075,1.1005,0.005721551,-0.000635266,0.001899765,0.000272678,1.109055,1.10851,1.11198,1.105865,0.000474492,6.5382E-06,0.000271465,0.000258496,1.10805
9/13/2024,1.1076,1.1073,1.1102,1.1071,0.000180603,0.005539412,0.002437923,0.005997274,1.109295,1.109015,1.11234,1.10637,0.000223746,0.000465129,0.000329817,0.00046246,1.11055
9/16/2024,1.1132,1.1078,1.1138,1.1074,0.005055977,0.000451549,0.003242659,0.000270978,1.10953,1.109285,1.112595,1.106625,0.000218112,0.000250739,0.000233564,0.000234441,1.1126
9/17/2024,1.1113,1.1133,1.1147,1.1111,-0.001706791,0.004964795,0.000808045,0.003341159,1.109445,1.10952,1.11268,1.106825,-7.02045E-05,0.000217775,8.0045E-05,0.000183772,1.11295
9/18/2024,1.1118,1.1115,1.1189,1.1096,0.000449924,-0.001616815,0.00376783,-0.001350014,1.109285,1.109455,1.112755,1.106805,-0.000137556,-5.24943E-05,7.07725E-05,-1.4701E-05,1.113175
9/19/2024,1.1161,1.1119,1.1179,1.1068,0.003867602,0.000359874,-0.000893735,-0.002523432,1.10953,1.1093,1.11282,1.10666,0.000226228,-0.00013335,6.18832E-05,-0.000127359,1.116075
9/20/2024,1.1162,1.1162,1.1183,1.1136,8.95977E-05,0.003867254,0.000357814,0.006143838,1.10939,1.109545,1.11273,1.106815,-0.000120264,0.000225932,-7.69519E-05,0.000143787,1.11315
9/23/2024,1.1112,1.1163,1.1168,1.1083,-0.004479484,8.95897E-05,-0.001341322,-0.004759339,1.109145,1.10942,1.11256,1.106475,-0.000214658,-0.000107032,-0.000148482,-0.000301294,1.114425
9/24/2024,1.118,1.1113,1.1181,1.1103,0.00611951,-0.004479083,0.00116404,0.001804566,1.109125,1.10918,1.11251,1.106235,-1.172E-05,-0.000210321,-4.11815E-05,-0.000211066,1.1162
9/25/2024,1.1132,1.118,1.1214,1.1122,-0.004293381,0.006028975,0.002951435,0.001711249,1.109185,1.10916,1.112645,1.10632,5.9734E-05,-1.19092E-05,0.000124262,8.07564E-05,1.1156
9/26/2024,1.1176,1.1133,1.1189,1.1126,0.003952569,-0.004203936,-0.002229356,0.000359648,1.10968,1.10923,1.112885,1.106675,0.000450708,6.84877E-05,0.00021839,0.000323863,1.116675
9/27/2024,1.1163,1.1176,1.1203,1.1125,-0.001163207,0.003862391,0.001251229,-8.98796E-05,1.11026,1.109725,1.11342,1.10708,0.000527963,0.000450473,0.000482908,0.00036912,1.115375
9/30/2024,1.1134,1.1159,1.1209,1.1113,-0.002597868,-0.001521117,0.000535571,-0.001078652,1.110575,1.110285,1.114075,1.107435,0.000289443,0.000509833,0.000590797,0.000324242,1.1098
10/1/2024,1.1067,1.1135,1.1145,1.1045,-0.006017604,-0.00215073,-0.005709698,-0.00611896,1.110695,1.110615,1.114435,1.10753,0.000115019,0.000302722,0.000327879,9.07447E-05,1.10575
10/2/2024,1.1045,1.1068,1.1084,1.1033,-0.001987892,-0.006017063,-0.005473306,-0.001086464,1.11051,1.110735,1.114385,1.107505,-0.000160958,0.000114797,-4.06114E-05,-1.79954E-05,1.10335
10/3/2024,1.1031,1.1045,1.105,1.1008,-0.001267542,-0.002078063,-0.003067485,-0.002265929,1.110115,1.11055,1.114035,1.10717,-0.000350666,-0.000161145,-0.000311166,-0.000298895,1.1
10/4/2024,1.0976,1.1032,1.1041,1.0951,-0.004985949,-0.001177003,-0.00081448,-0.005178052,1.10958,1.11016,1.113465,1.1066,-0.000478451,-0.000346327,-0.000509264,-0.000512651,1.0973
10/7/2024,1.0974,1.0976,1.0987,1.0955,-0.000182216,-0.005076142,-0.004890861,0.000365263,1.10928,1.10963,1.11294,1.10621,-0.000266503,-0.000474121,-0.000471423,-0.000349787,1.097875
10/8/2024,1.098,1.0976,1.0998,1.0961,0.000546747,0,0.001001183,0.000547695,1.109085,1.109335,1.11268,1.10594,-0.000171194,-0.000262066,-0.000232038,-0.000240829,1.09595
10/9/2024,1.0939,1.0981,1.0982,1.0936,-0.003734062,0.000455539,-0.00145481,-0.002280814,1.108725,1.109145,1.11232,1.10561,-0.000321596,-0.000166792,-0.000322878,-0.000295859,1.093225
10/10/2024,1.0935,1.0939,1.0955,1.09,-0.000365664,-0.003824788,-0.002458569,-0.00329188,1.10803,1.10878,1.11172,1.105085,-0.000625956,-0.000326268,-0.000540795,-0.000474087,1.09375
10/11/2024,1.0937,1.0933,1.0954,1.0926,0.000182899,-0.000548496,-9.12825E-05,0.002385321,1.107335,1.10808,1.11098,1.10436,-0.000625842,-0.000630663,-0.000667255,-0.000654685,1.091675
10/14/2024,1.0909,1.0933,1.0937,1.0888,-0.002560117,0,-0.001551944,-0.003477943,1.10622,1.107355,1.109975,1.10343,-0.001006646,-0.000653241,-0.000906985,-0.000842131,1.08995
10/15/2024,1.089,1.0909,1.0917,1.0882,-0.001741681,-0.002195189,-0.001828655,-0.000551065,1.105105,1.106235,1.108825,1.102285,-0.001008391,-0.00101124,-0.00103882,-0.001036742,1.0877
10/16/2024,1.0861,1.0891,1.0902,1.0854,-0.002662994,-0.001650014,-0.001374004,-0.002573056,1.10382,1.105115,1.10739,1.101075,-0.001164037,-0.0010129,-0.001295912,-0.001097894,1.084425
10/17/2024,1.0831,1.0862,1.0873,1.0811,-0.002762177,-0.002662749,-0.002660062,-0.003961673,1.10217,1.10383,1.10586,1.09979,-0.001495526,-0.001164031,-0.001384228,-0.001169806,1.084775
10/18/2024,1.0866,1.0831,1.0869,1.0825,0.003231465,-0.002853986,-0.000367884,0.001294977,1.10069,1.102175,1.10429,1.098235,-0.001338432,-0.001500093,-0.001420513,-0.001412249,1.084
10/21/2024,1.0815,1.0861,1.0873,1.0811,-0.004693539,0.002769827,0.000368019,-0.001293303,1.099205,1.100665,1.102815,1.096875,-0.001349135,-0.001366081,-0.001335046,-0.001238948,1.081125
10/22/2024,1.0797,1.0816,1.0839,1.0793,-0.001664355,-0.004143265,-0.003127012,-0.001664971,1.09729,1.09918,1.101105,1.095325,-0.001738328,-0.00134929,-0.001549599,-0.001412424,1.0787
10/23/2024,1.0781,1.0799,1.0807,1.0761,-0.001481893,-0.001571746,-0.002952302,-0.002964885,1.095535,1.097275,1.09907,1.09352,-0.001597754,-0.001729326,-0.001844785,-0.001646231,1.080225
10/24/2024,1.0827,1.0783,1.0829,1.077,0.004266766,-0.001481619,0.002035718,0.000836353,1.09379,1.095525,1.09727,1.09174,-0.001582044,-0.001593211,-0.001631532,-0.001622396,1.081325
10/25/2024,1.0793,1.0827,1.084,1.0793,-0.003140297,0.004080497,0.001015791,0.002135562,1.09194,1.09378,1.095455,1.09008,-0.001680899,-0.001582305,-0.001643304,-0.001511124,1.080475
10/28/2024,1.0812,1.0797,1.0828,1.0782,0.0017604,-0.002770851,-0.001107011,-0.001019179,1.09033,1.09197,1.09355,1.088425,-0.001462985,-0.001644792,-0.001725433,-0.00150815,1.08065
10/29/2024,1.0818,1.0812,1.0827,1.0769,0.000554939,0.001389275,-9.23532E-05,-0.001205713,1.089085,1.090355,1.09196,1.087045,-0.001134358,-0.001467792,-0.001444565,-0.001262488,1.083825
10/30/2024,1.0855,1.0819,1.0871,1.0808,0.003420226,0.000647429,0.004063914,0.003621506,1.088135,1.08911,1.090895,1.08592,-0.000863952,-0.001134567,-0.000967704,-0.001027089,1.086775
10/31/2024,1.0883,1.0856,1.0888,1.0844,0.002579456,0.003419909,0.001563794,0.003330866,1.087395,1.088165,1.090085,1.0851,-0.000671602,-0.000859669,-0.000736141,-0.000747249,1.08635
11/1/2024,1.0834,1.0883,1.0905,1.0832,-0.004502435,0.002487104,0.001561352,-0.001106603,1.086685,1.08742,1.089405,1.084505,-0.000647427,-0.000676463,-0.000617349,-0.000543677,1.087775
11/4/2024,1.0877,1.086,1.0915,1.0859,0.003968987,-0.002113388,0.000917011,0.002492614,1.0862,1.08684,1.089045,1.084025,-0.000439867,-0.000528325,-0.000326955,-0.000437309,1.090475
11/5/2024,1.093,1.0881,1.0936,1.0872,0.004872667,0.001933702,0.001923958,0.001197164,1.08595,1.086365,1.088735,1.08358,-0.00022357,-0.00043164,-0.000280817,-0.000404836,1.081975
11/6/2024,1.0728,1.0931,1.0938,1.0682,-0.018481244,0.004595166,0.000182882,-0.017476085,1.084895,1.086115,1.088515,1.08231,-0.00096093,-0.000224659,-0.000198932,-0.0011646,1.076775
11/7/2024,1.0804,1.0729,1.0825,1.0713,0.007084265,-0.018479554,-0.010330956,0.002902078,1.08424,1.085065,1.087865,1.081375,-0.000588433,-0.000957397,-0.000592551,-0.000854902,1.075425
11/8/2024,1.0718,1.0806,1.0806,1.0687,-0.007960015,0.007176811,-0.001755196,-0.002426958,1.083145,1.08443,1.087125,1.08018,-0.000995579,-0.000571132,-0.000675747,-0.001095516,1.0681
11/11/2024,1.0654,1.0713,1.0728,1.0629,-0.005971263,-0.00860633,-0.007218212,-0.005427154,1.08187,1.08333,1.08608,1.078885,-0.001166136,-0.001001448,-0.00095906,-0.001192976,1.063375
11/12/2024,1.0623,1.0653,1.0664,1.0595,-0.002909705,-0.005600672,-0.005965697,-0.003198796,1.080535,1.08205,1.084815,1.07745,-0.001224537,-0.001171723,-0.001165913,-0.001325363,1.0599
11/13/2024,1.0563,1.0623,1.0654,1.0556,-0.005648122,-0.002816108,-0.000937734,-0.003680982,1.079045,1.08071,1.083575,1.07596,-0.001373794,-0.001230027,-0.001144099,-0.001380759,1.05435
11/14/2024,1.053,1.0564,1.0583,1.0497,-0.003124112,-0.005553987,-0.006664164,-0.005589238,1.07754,1.07922,1.082125,1.07439,-0.001391891,-0.001374589,-0.001344304,-0.001462137,1.054575
11/15/2024,1.0541,1.0532,1.0593,1.0517,0.001044634,-0.003029156,0.000944912,0.001905306,1.075915,1.077725,1.080745,1.07285,-0.001501232,-0.001383348,-0.001278664,-0.001431621,1.0568
11/18/2024,1.0599,1.0535,1.0608,1.053,0.005502324,0.000284846,0.001416029,0.001236094,1.074835,1.076095,1.07942,1.071445,-0.000991439,-0.001507597,-0.001226264,-0.001305151,1.058
11/19/2024,1.0595,1.0599,1.0602,1.0524,-0.000377394,0.006074988,-0.000565611,-0.000569801,1.073825,1.07501,1.078235,1.0701,-0.000927091,-0.000996684,-0.001098194,-0.001250392,1.056425
11/20/2024,1.0543,1.0596,1.061,1.0508,-0.004907975,-0.000283046,0.000754575,-0.001520334,1.072635,1.073995,1.07725,1.068835,-0.001098395,-0.000932249,-0.00091285,-0.001178165,1.0508
11/21/2024,1.0473,1.0541,1.0556,1.0462,-0.006639476,-0.005190638,-0.005089538,-0.004377617,1.070865,1.072785,1.075885,1.067295,-0.001643707,-0.0011177,-0.001269113,-0.001438864,1.043125
11/22/2024,1.0417,1.0475,1.0499,1.0334,-0.005347083,-0.006261266,-0.005399773,-0.012234754,1.068985,1.071025,1.07418,1.065,-0.001754046,-0.001634788,-0.001589891,-0.002157379,1.0475
11/25/2024,1.0494,1.0448,1.053,1.0428,0.007391763,-0.002577566,0.002952662,0.009096187,1.067395,1.06928,1.07269,1.06323,-0.001472478,-0.001625124,-0.001386907,-0.001651611,1.04875
11/26/2024,1.0486,1.0494,1.0545,1.0425,-0.00076234,0.004402757,0.001424501,-0.000287687,1.065735,1.06769,1.07128,1.06151,-0.001538342,-0.00147445,-0.001311065,-0.00160571,1.052825
11/27/2024,1.0564,1.0488,1.0588,1.0473,0.007438489,-0.000571755,0.004077762,0.004604317,1.06428,1.066035,1.069865,1.059835,-0.001337429,-0.001535409,-0.001310372,-0.001556569,1.0554
11/28/2024,1.0553,1.0566,1.057,1.0527,-0.001041272,0.007437071,-0.001700038,0.005156116,1.06263,1.064585,1.068275,1.05825,-0.001518465,-0.001334551,-0.001473564,-0.001465307,1.056725
11/29/2024,1.0575,1.0555,1.0598,1.0541,0.002084715,-0.001041075,0.002649007,0.001329914,1.061335,1.062945,1.06674,1.056795,-0.001189108,-0.00151096,-0.001419181,-0.001343481,1.053075
12/2/2024,1.0497,1.0577,1.0589,1.046,-0.007375887,0.00208432,-0.000849217,-0.00768428,1.059435,1.06153,1.06511,1.0548,-0.001756352,-0.001301075,-0.001507492,-0.001852326,1.0506
12/3/2024,1.0509,1.0498,1.0536,1.0481,0.001143184,-0.007469037,-0.005005194,0.002007648,1.05733,1.059615,1.06311,1.052845,-0.001942826,-0.001771211,-0.00185395,-0.001811801,1.050925
12/4/2024,1.051,1.051,1.0545,1.0472,9.51565E-05,0.001143075,0.000854214,-0.000858697,1.05624,1.05751,1.061145,1.051795,-0.001014006,-0.001943816,-0.001820383,-0.000980932,1.05485
12/5/2024,1.0586,1.0511,1.059,1.0507,0.007231208,9.51475E-05,0.004267425,0.003342246,1.05515,1.05642,1.05997,1.050765,-0.001006659,-0.001015081,-0.001090464,-0.000958924,1.058225
12/6/2024,1.0568,1.0587,1.0631,1.0543,-0.001700359,0.00723052,0.003871577,0.003426287,1.0544,1.055325,1.059095,1.050045,-0.000693676,-0.001012395,-0.000809126,-0.000666261,1.056075
12/9/2024,1.0552,1.0564,1.0595,1.0532,-0.001514005,-0.002172476,-0.003386323,-0.001043346,1.05389,1.05458,1.05843,1.04956,-0.000470813,-0.000690703,-0.000617531,-0.000447071,1.0537
12/10/2024,1.0526,1.0555,1.0568,1.0499,-0.002463988,-0.00085195,-0.002548372,-0.003133308,1.053405,1.05409,1.05795,1.04908,-0.000448527,-0.000453267,-0.000446665,-0.000443797,1.05105
12/11/2024,1.0494,1.0528,1.054,1.048,-0.003040091,-0.002558029,-0.002649508,-0.001809696,1.05306,1.053615,1.05738,1.0487,-0.000318125,-0.000440363,-0.000532254,-0.000350232,1.048925
12/12/2024,1.0467,1.0496,1.0531,1.0463,-0.002572899,-0.003039514,-0.00085389,-0.001622137,1.052745,1.053275,1.05712,1.04853,-0.000290565,-0.000314639,-0.00024174,-0.000151877,1.0487
12/13/2024,1.0502,1.0468,1.0525,1.0453,0.003343843,-0.002667683,-0.000569746,-0.000955749,1.05255,1.052955,1.05678,1.04821,-0.000175604,-0.000296565,-0.000317473,-0.00029493,1.050175
12/16/2024,1.051,1.0497,1.0526,1.0474,0.00076176,0.002770348,9.50119E-05,0.002008993,1.052105,1.052765,1.05637,1.04793,-0.000412633,-0.00017229,-0.000383524,-0.000256285,1.05035
12/17/2024,1.0489,1.0511,1.0535,1.0479,-0.001998097,0.001333714,0.000855026,0.000477373,1.051575,1.052325,1.056035,1.047705,-0.000493668,-0.000409354,-0.000312492,-0.000203926,1.04255
12/18/2024,1.0352,1.0492,1.0514,1.0344,-0.013061302,-0.00180763,-0.001993355,-0.012882909,1.05062,1.051805,1.055555,1.046885,-0.000901334,-0.000485583,-0.000449888,-0.000772055,1.037125
12/19/2024,1.0362,1.0353,1.0423,1.0347,0.000965997,-0.013248189,-0.008655126,0.000290023,1.050065,1.050865,1.05489,1.04631,-0.00052106,-0.000888461,-0.000628168,-0.000538673,1.039575
12/20/2024,1.0429,1.0363,1.0448,1.0343,0.006465933,0.000965904,0.002398542,-0.000386585,1.050125,1.050305,1.054635,1.046355,6.95905E-05,-0.000527102,-0.000238252,5.37354E-05,1.041475
12/23/2024,1.0405,1.0425,1.0446,1.0383,-0.002301275,0.005982824,-0.000191424,0.00386735,1.04968,1.05019,1.054215,1.04613,-0.000415061,-9.90829E-05,-0.000395456,-0.000207706,1.0399
12/24/2024,1.0397,1.0405,1.0411,1.0383,-0.000768861,-0.001918465,-0.003350565,0,1.049235,1.049745,1.053545,1.04592,-0.000415388,-0.000415144,-0.00063421,-0.000193322,1.04035
12/25/2024,1.0404,1.0398,1.0415,1.0397,0.000673271,-0.000672753,0.000384209,0.001348358,1.048435,1.049295,1.05268,1.04554,-0.000753648,-0.000420194,-0.000818887,-0.00035612,1.0411
12/26/2024,1.0422,1.0402,1.043,1.039,0.001730104,0.000384689,0.00144023,-0.000673271,1.04778,1.048475,1.05198,1.044855,-0.00061508,-0.000772813,-0.000661874,-0.000647589,1.042475
12/27/2024,1.0427,1.0423,1.0444,1.0405,0.000479754,0.002018843,0.001342282,0.001443696,1.04704,1.047815,1.05121,1.044175,-0.000695328,-0.000619817,-0.00072721,-0.0006419,1.041775
12/30/2024,1.0407,1.0433,1.0459,1.0372,-0.001918097,0.000959417,0.001436231,-0.003171552,1.04659,1.047095,1.05056,1.043735,-0.000422438,-0.000676062,-0.000612938,-0.000416264,1.038225
12/31/2024,1.0353,1.0407,1.0425,1.0344,-0.005188815,-0.002492092,-0.003250789,-0.002699576,1.04581,1.04664,1.050005,1.04305,-0.000739038,-0.000427215,-0.000525218,-0.000651625,1.035475
1/1/2025,1.0355,1.0354,1.036,1.035,0.000193181,-0.005092726,-0.006235012,0.000580046,1.045035,1.04586,1.04908,1.04244,-0.000734137,-0.000739005,-0.000879679,-0.000579688,1.0305
1/2/2025,1.0265,1.0354,1.0376,1.0225,-0.008691453,0,0.001544402,-0.012077295,1.04343,1.045075,1.04801,1.04103,-0.00153027,-0.000743762,-0.00101583,-0.001350665,1.028525
1/3/2025,1.0308,1.0265,1.031,1.0258,0.004188992,-0.008595712,-0.006360833,0.003227384,1.04213,1.043465,1.046405,1.039605,-0.001235802,-0.001535074,-0.001527451,-0.00136061,1.03565
1/6/2025,1.039,1.0303,1.0438,1.0295,0.007954986,0.0037019,0.012415131,0.003606941,1.04132,1.04216,1.04562,1.03842,-0.000762353,-0.001241355,-0.000737378,-0.001128096,1.03765
1/7/2025,1.0339,1.0391,1.0436,1.034,-0.004908566,0.008541202,-0.000191608,0.004371054,1.040385,1.04134,1.04496,1.037625,-0.000884582,-0.000771698,-0.00061954,-0.000752878,1.03225
1/8/2025,1.0318,1.034,1.0358,1.0274,-0.002031144,-0.004908094,-0.007474128,-0.006382979,1.039505,1.0404,1.04405,1.036595,-0.000834135,-0.000889201,-0.000860771,-0.000981542,1.030575
1/9/2025,1.0298,1.0319,1.0322,1.0284,-0.00193836,-0.002030948,-0.003475574,0.000973331,1.03866,1.039515,1.043005,1.0357,-0.000802408,-0.000838773,-0.000991855,-0.000851768,1.02685
1/10/2025,1.0244,1.0301,1.0313,1.0216,-0.005243737,-0.001744355,-0.000871924,-0.006612213,1.03737,1.03868,1.041945,1.034515,-0.001231787,-0.000792606,-0.001006964,-0.001134592,1.022825
1/13/2025,1.0244,1.0241,1.025,1.0178,0,-0.005824677,-0.006108795,-0.003719655,1.03604,1.0374,1.040565,1.033035,-0.001269875,-0.001222358,-0.001317154,-0.001421024,1.027475
1/14/2025,1.0307,1.0245,1.0309,1.0238,0.006149941,0.000390587,0.005756098,0.005895068,1.03513,1.03607,1.039435,1.03183,-0.000862473,-0.001269514,-0.0010721,-0.001150139,1.030275
1/15/2025,1.0289,1.0308,1.0355,1.0259,-0.001746386,0.006149341,0.00446212,0.002051182,1.034815,1.03515,1.03864,1.031405,-0.000296727,-0.000871665,-0.000749327,-0.000403435,1.02905
1/16/2025,1.0298,1.0288,1.0315,1.0261,0.000874721,-0.001940241,-0.003862868,0.000194951,1.034495,1.034825,1.0381,1.030975,-0.000301291,-0.000306268,-0.000509714,-0.000408188,1.02915
1/17/2025,1.0271,1.0299,1.0331,1.0265,-0.002621868,0.001069207,0.001551139,0.000389826,1.033705,1.034505,1.037515,1.030585,-0.000755681,-0.000301103,-0.000552084,-0.000369368,1.034775
1/20/2025,1.0414,1.0276,1.0435,1.0266,0.013922695,-0.002233227,0.010066789,9.74184E-05,1.03375,1.03376,1.03746,1.03,5.55178E-05,-0.000711905,-3.91732E-05,-0.000557864,1.0406
1/21/2025,1.0429,1.0417,1.0436,1.0342,0.001440369,0.013721292,9.58313E-05,0.007403078,1.03391,1.03382,1.037585,1.029795,0.000165979,7.00826E-05,0.000133147,-0.00018771,1.042175
1/22/2025,1.0407,1.0429,1.0458,1.0393,-0.002109502,0.001151963,0.002108087,0.004931348,1.033925,1.033975,1.0378,1.029775,2.68407E-05,0.000161318,0.000219341,-8.56095E-06,1.04085
1/23/2025,1.0415,1.0408,1.0439,1.0372,0.000768713,-0.002013616,-0.001816791,-0.002020591,1.03389,1.034005,1.037845,1.029685,-2.12289E-05,4.14032E-05,5.64895E-05,-7.59269E-05,1.046125
1/24/2025,1.0493,1.0417,1.0523,1.0412,0.007489198,0.000864719,0.008046748,0.003856537,1.03422,1.033975,1.03824,1.02972,0.000329243,-1.6303E-05,0.000391713,4.47151E-05,1.049125
1/27/2025,1.0491,1.0486,1.0534,1.0454,-0.000190603,0.006623788,0.001045329,0.004033807,1.03464,1.03424,1.038615,1.03013,0.000415618,0.000266916,0.000372168,0.000404983,1.045725
1/28/2025,1.0428,1.0492,1.0495,1.0414,-0.006005147,0.000572191,-0.003702297,-0.003826287,1.035015,1.034665,1.038965,1.03048,0.000374801,0.00042013,0.000349592,0.000348648,1.041925
1/29/2025,1.042,1.0431,1.0444,1.0382,-0.000767165,-0.005813953,-0.004859457,-0.003072787,1.03534,1.03505,1.039385,1.03064,0.000326784,0.000384068,0.00041837,0.000166006,1.041625
1/30/2025,1.039,1.0421,1.0468,1.0386,-0.002879079,-0.000958681,0.00229797,0.000385282,1.035965,1.035385,1.039845,1.031445,0.000617403,0.000336134,0.000456048,0.000789135,1.03845
1/31/2025,1.0362,1.0391,1.0435,1.035,-0.002694899,-0.002878802,-0.003152465,-0.003466205,1.036235,1.036015,1.04047,1.031905,0.000273208,0.00062198,0.000616467,0.000454455,1.0282
2/3/2025,1.0344,1.0288,1.035,1.0146,-0.001737116,-0.009912424,-0.008145664,-0.019710145,1.036005,1.03594,1.04003,1.03116,-0.000211397,-5.87363E-05,-0.000411573,-0.000711399,1.03455
2/4/2025,1.0377,1.0345,1.0388,1.0272,0.003190255,0.005540435,0.003671498,0.012418687,1.036195,1.03571,1.03979,1.03082,0.000193544,-0.000208775,-0.000218418,-0.000309017,1.039825
2/5/2025,1.0402,1.0377,1.0444,1.037,0.002409174,0.003093282,0.005390836,0.009540498,1.036615,1.035895,1.04022,1.0313,0.00041556,0.000191294,0.000424831,0.000487157,1.038525
2/6/2025,1.0381,1.0402,1.0406,1.0352,-0.002018843,0.002409174,-0.003638453,-0.001735776,1.03703,1.03631,1.04064,1.03164,0.000411536,0.0004133,0.000416687,0.000351701,1.035675
2/7/2025,1.0327,1.0383,1.0412,1.0305,-0.005201811,-0.001826572,0.00057659,-0.004540185,1.037445,1.03672,1.041135,1.032085,0.000413632,0.000409189,0.000489112,0.000455303,1.031175
2/10/2025,1.0306,1.0324,1.0337,1.028,-0.002033504,-0.005682365,-0.007203227,-0.002426007,1.037755,1.037135,1.04157,1.032595,0.000311957,0.000416305,0.000434391,0.000519985,1.0335
2/11/2025,1.036,1.0307,1.0381,1.0292,0.005239666,-0.001646649,0.004256554,0.001167315,1.03802,1.037445,1.04193,1.032865,0.000266443,0.000314443,0.000359414,0.000283597,1.03725
2/12/2025,1.0382,1.0361,1.043,1.0317,0.002123552,0.005239158,0.004720162,0.002429071,1.038485,1.03771,1.042305,1.033155,0.00045994,0.000268934,0.000372316,0.000302492,1.042275
2/13/2025,1.0464,1.0387,1.0467,1.0373,0.007898285,0.00250941,0.003547459,0.005427934,1.039315,1.038205,1.043065,1.033715,0.000811119,0.000491417,0.000742832,0.000564141,1.047925
2/14/2025,1.0491,1.0465,1.0515,1.0446,0.002580275,0.007509387,0.004585841,0.007037501,1.040415,1.039035,1.043985,1.03462,0.001071226,0.000813426,0.000894567,0.000896525,1.048625
2/17/2025,1.0482,1.0489,1.0507,1.0467,-0.000857878,0.002293359,-0.000760818,0.002010339,1.040755,1.0401,1.044345,1.035625,0.000332197,0.001039755,0.000353187,0.000992171,1.0463
2/18/2025,1.0445,1.0484,1.0488,1.0435,-0.003529861,-0.00047669,-0.001808318,-0.003057227,1.040835,1.040435,1.044605,1.03609,8.36855E-05,0.000329856,0.000257979,0.000469156,1.043175
2/19/2025,1.0421,1.0443,1.0462,1.0401,-0.00229775,-0.003910721,-0.002479024,-0.003258265,1.040905,1.040505,1.044625,1.03613,7.42732E-05,7.67215E-05,2.86237E-05,5.96749E-05,1.0461
2/20/2025,1.05,1.0422,1.0504,1.0418,0.007580846,-0.002010916,0.004014529,0.001634458,1.04133,1.040575,1.04495,1.03636,0.00041488,7.68565E-05,0.00032019,0.000242427,1.04785
2/21/2025,1.0458,1.0501,1.0507,1.0448,-0.004,0.007580119,0.000285605,0.002879631,1.041155,1.040995,1.04487,1.03654,-0.00015958,0.000412626,-6.78674E-05,0.000193582,1.048525
2/24/2025,1.0466,1.0493,1.0529,1.0453,0.000764965,-0.000761832,0.002093842,0.00047856,1.04103,1.04103,1.044845,1.036535,-0.000111802,4.33455E-05,-1.54418E-05,1.58197E-05,1.048925
2/25/2025,1.0513,1.0468,1.052,1.0456,0.004490732,-0.002382541,-0.000854782,0.000286999,1.041455,1.04091,1.04497,1.036745,0.000412992,-0.000104391,0.000126934,0.000221484,1.050025
2/26/2025,1.0483,1.0514,1.0529,1.0475,-0.00285361,0.004394345,0.000855513,0.001817138,1.04177,1.041325,1.045395,1.03721,0.00030867,0.000406024,0.000412683,0.00046598,1.0443
2/27/2025,1.0397,1.0484,1.0494,1.0397,-0.008203758,-0.002853338,-0.003324152,-0.007446301,1.041805,1.04164,1.045525,1.037265,4.2436E-05,0.000311291,0.000131576,7.44011E-05,1.038875
2/28/2025,1.0375,1.0399,1.0421,1.036,-0.002115995,-0.008107593,-0.006956356,-0.003558719,1.04187,1.04168,1.045455,1.037315,7.13812E-05,4.98514E-05,-5.86182E-05,6.97754E-05,1.043825
3/3/2025,1.0486,1.0382,1.0504,1.0381,0.010698795,-0.001634773,0.007964687,0.002027027,1.04258,1.04215,1.046225,1.03849,0.000693177,0.000463734,0.000746899,0.001156634,1.055275
3/4/2025,1.0624,1.0488,1.0628,1.0471,0.013160404,0.010209979,0.011805027,0.008669685,1.043815,1.042865,1.047425,1.039485,0.001191684,0.000697211,0.001153576,0.000969184,1.0704
3/5/2025,1.079,1.0627,1.0797,1.0602,0.015625,0.013253242,0.015901393,0.012510744,1.045755,1.044115,1.04919,1.040645,0.001852476,0.001205209,0.001679104,0.001117696,1.079825
3/6/2025,1.0783,1.0791,1.0854,1.0765,-0.000648749,0.015432389,0.005279244,0.015374458,1.047765,1.04606,1.05143,1.04271,0.00192098,0.00185637,0.002124988,0.001973208,1.082175
3/7/2025,1.0832,1.0784,1.089,1.0781,0.00454419,-0.000648689,0.00331675,0.001486298,1.05029,1.048065,1.05382,1.04509,0.00240828,0.001915264,0.002261996,0.002274532,1.083675
3/10/2025,1.0832,1.0835,1.0875,1.0805,0,0.004729228,-0.00137741,0.002226139,1.05292,1.05062,1.05651,1.047715,0.002509956,0.002435844,0.002553287,0.002507139,1.0882
3/11/2025,1.0918,1.0834,1.0947,1.0829,0.007939439,-9.22935E-05,0.00662069,0.002221194,1.05571,1.053255,1.05934,1.0504,0.002644944,0.002513561,0.002671494,0.002559833,1.090325
3/12/2025,1.0886,1.092,1.0932,1.0875,-0.00293094,0.007937973,-0.001370238,0.004247853,1.05823,1.05605,1.06185,1.05319,0.00239222,0.002648502,0.002366974,0.002650772,1.0865
3/13/2025,1.0852,1.0888,1.0898,1.0822,-0.003123278,-0.002930403,-0.003110135,-0.004873563,1.06017,1.058555,1.064005,1.055435,0.001841141,0.002376512,0.002034094,0.002135697,1.08685
3/14/2025,1.0879,1.0852,1.0913,1.083,0.002488021,-0.003306392,0.001376399,0.000739235,1.06211,1.06049,1.065995,1.057355,0.001836529,0.001835723,0.001873622,0.001820784,1.0899
3/17/2025,1.0921,1.0877,1.093,1.0868,0.003860649,0.002303723,0.001557775,0.003508772,1.064305,1.06243,1.06811,1.05936,0.002072455,0.001836241,0.001989552,0.001895706,1.09285
3/18/2025,1.0943,1.0923,1.0956,1.0892,0.002014468,0.004229107,0.002378774,0.002208318,1.066795,1.064625,1.07045,1.061645,0.002349671,0.002071531,0.002198906,0.002158983,1.09135
3/19/2025,1.0901,1.0945,1.0947,1.0861,-0.00383807,0.002014099,-0.000821468,-0.002846126,1.069195,1.067135,1.072875,1.063945,0.002272655,0.002367772,0.002281784,0.00217959,1.087175
3/20/2025,1.0851,1.0903,1.0918,1.0815,-0.004586735,-0.003837369,-0.002649128,-0.004235337,1.07095,1.06954,1.074945,1.06593,0.001664276,0.002276449,0.001948601,0.0018861,1.083125
3/21/2025,1.0814,1.0852,1.0862,1.0797,-0.003409824,-0.004677612,-0.005129145,-0.001664355,1.07273,1.071295,1.07672,1.067675,0.001693785,0.001663563,0.001677864,0.001658901,1.0812
3/24/2025,1.08,1.0808,1.0859,1.0781,-0.001294618,-0.004054552,-0.000276192,-0.001481893,1.0744,1.07287,1.07837,1.069315,0.001590806,0.001498927,0.001559362,0.001560878,1.08
3/25/2025,1.0791,1.0802,1.0831,1.0776,-0.000833333,-0.000555144,-0.002578506,-0.000463779,1.07579,1.07454,1.079925,1.070915,0.001324603,0.001590296,0.001473176,0.001523339,1.07725
3/26/2025,1.0752,1.0791,1.0803,1.0744,-0.003614123,-0.00101833,-0.002585172,-0.002969562,1.077135,1.075925,1.081295,1.07226,0.001286577,0.001319663,0.001301142,0.001284004,1.0777
3/27/2025,1.0801,1.0753,1.0822,1.0732,0.004557292,-0.003521453,0.001758771,-0.001116902,1.079155,1.07727,1.082935,1.073935,0.00192463,0.001286257,0.001555288,0.001600474,1.08095
3/28/2025,1.0827,1.0802,1.0845,1.0764,0.002407185,0.004556868,0.0021253,0.002981737,1.081415,1.079285,1.085055,1.075955,0.002150789,0.00191948,0.002009371,0.001927497,1.081825
3/31/2025,1.0817,1.0822,1.085,1.0784,-0.000923617,0.001851509,0.000461042,0.001858045,1.08307,1.081485,1.086785,1.07797,0.001569668,0.002093794,0.001634188,0.001919048,1.0805
4/1/2025,1.0793,1.0818,1.0831,1.0778,-0.00221873,-0.000369617,-0.001751152,-0.00055638,1.083915,1.083135,1.0878,1.079505,0.000800711,0.001564814,0.00095638,0.001457745,1.083825
4/2/2025,1.0855,1.0793,1.0925,1.078,0.005744464,-0.002310963,0.008678792,0.000185563,1.08424,1.083965,1.08844,1.080395,0.000306684,0.000786604,0.00059525,0.000841486,1.096425
4/3/2025,1.105,1.0856,1.1146,1.0805,0.017964072,0.005837117,0.020228833,0.002319109,1.085575,1.08429,1.0899,1.080595,0.001237326,0.00030684,0.001342729,0.000188718,1.101
4/4/2025,1.0955,1.1052,1.1109,1.0924,-0.008597285,0.018054532,-0.003319577,0.01101342,1.08619,1.08563,1.090995,1.08131,0.000580252,0.001242001,0.001010913,0.000665074,1.0946
4/7/2025,1.0904,1.0946,1.1051,1.0883,-0.004655408,-0.009591024,-0.005220992,-0.003753204,1.08655,1.086185,1.091875,1.0817,0.000347481,0.000525989,0.000818734,0.000366107,1.09355
4/8/2025,1.0956,1.0905,1.0993,1.0888,0.004768892,-0.003745661,-0.005248394,0.000459432,1.08674,1.08654,1.092105,1.081995,0.000188954,0.00034332,0.000225279,0.000278019,1.097975
4/9/2025,1.0951,1.0959,1.1096,1.0913,-0.000456371,0.004951857,0.009369599,0.002296106,1.087065,1.086735,1.092925,1.082185,0.000312682,0.000194015,0.000762271,0.000180432,1.108325
4/10/2025,1.1197,1.0951,1.1242,1.0943,0.022463702,-0.000729994,0.013157895,0.002749015,1.08879,1.08705,1.094645,1.08279,0.001592031,0.000304035,0.001575673,0.000561561,1.13065
4/11/2025,1.136,1.1202,1.1475,1.1189,0.014557471,0.022920281,0.020725849,0.022480124,1.091195,1.0888,1.097455,1.084585,0.002195504,0.001615369,0.002543145,0.001648605,1.134225
4/14/2025,1.1349,1.1313,1.1425,1.1282,-0.00096831,0.009908945,-0.004357298,0.008311735,1.093335,1.09098,1.09993,1.086655,0.001954056,0.00199563,0.002247392,0.001888753,1.131825
4/15/2025,1.1281,1.1349,1.1379,1.1264,-0.005991717,0.00318218,-0.004026258,-0.001595462,1.095025,1.09311,1.102045,1.088515,0.001553747,0.001943283,0.00192714,0.001698564,1.134375
4/16/2025,1.1398,1.1283,1.1413,1.1281,0.010371421,-0.00581549,0.00298796,0.001509233,1.09751,1.0948,1.104375,1.090615,0.002264221,0.001551804,0.002117611,0.001916332,1.1376
4/17/2025,1.1363,1.1395,1.141,1.1336,-0.003070714,0.009926438,-0.000262858,0.004875454,1.10007,1.09726,1.106835,1.09322,0.002340022,0.002239994,0.002236925,0.002371872,1.137875
4/18/2025,1.1391,1.1367,1.1399,1.1358,0.002464138,-0.002457218,-0.000964067,0.00194072,1.102955,1.099835,1.10952,1.096025,0.00263372,0.002351014,0.002445179,0.002552126,1.1465
4/21/2025,1.1513,1.1385,1.1574,1.1388,0.01071021,0.001583531,0.015352224,0.00264131,1.10652,1.10272,1.113095,1.09906,0.003233962,0.002632918,0.0032266,0.002758286,1.1475
4/22/2025,1.142,1.1515,1.1548,1.1417,-0.008077825,0.011418533,-0.002246414,0.00254654,1.109665,1.106285,1.11668,1.102265,0.002871737,0.003231602,0.003243204,0.002908802,1.13715
4/23/2025,1.1315,1.1422,1.1441,1.1308,-0.009194396,-0.008076422,-0.009265674,-0.009547167,1.11248,1.10944,1.11987,1.105085,0.002592724,0.002878697,0.002909179,0.002579921,1.1354
4/24/2025,1.1389,1.1315,1.1399,1.1313,0.006539991,-0.009367887,-0.003671008,0.000442165,1.11542,1.11225,1.122755,1.10799,0.002691859,0.002586376,0.00263769,0.002657875,1.1366
4/25/2025,1.1365,1.1389,1.1395,1.1315,-0.002107297,0.006539991,-0.000350908,0.000176788,1.11811,1.115185,1.125505,1.110745,0.002466135,0.002685532,0.00251388,0.002517627,1.138775
4/28/2025,1.1422,1.1375,1.1425,1.1329,0.005015398,-0.001229256,0.002632734,0.001237296,1.121135,1.11795,1.12838,1.11347,0.002763085,0.002531494,0.002622464,0.00248659,1.140025
4/29/2025,1.1386,1.1422,1.1423,1.137,-0.003151812,0.004131868,-0.000175055,0.003619031,1.1241,1.12097,1.13134,1.11643,0.002716431,0.002756568,0.002701269,0.00269536,1.1358
4/30/2025,1.1329,1.1386,1.14,1.1317,-0.005006148,-0.003151812,-0.002013482,-0.00466139,1.12647,1.123935,1.133715,1.119115,0.002178901,0.002714525,0.002166655,0.002453013,1.130725
5/1/2025,1.1292,1.1329,1.1342,1.1266,-0.003265955,-0.005006148,-0.005087719,-0.004506495,1.12768,1.1263,1.134695,1.12142,0.001117399,0.002172362,0.000900828,0.002111733,1.13095
5/2/2025,1.1296,1.1288,1.1381,1.1273,0.000354233,-0.003619031,0.003438547,0.000621339,1.129385,1.12748,1.136055,1.123165,0.001564975,0.001088684,0.001238734,0.001592129,1.132275
5/5/2025,1.1315,1.1319,1.1365,1.1292,0.001682011,0.002746279,-0.001405852,0.001685443,1.13144,1.129345,1.137625,1.12521,0.001881846,0.001705549,0.001429491,0.001864061,1.133675
5/6/2025,1.137,1.1315,1.1382,1.128,0.004860804,-0.000353388,0.001495821,-0.001062699,1.13351,1.131395,1.13957,1.12717,0.001886442,0.001875163,0.001766702,0.001787954,1.133525
5/7/2025,1.13,1.137,1.1379,1.1292,-0.006156552,0.004860804,-0.000263574,0.00106383,1.135255,1.13345,1.140985,1.129065,0.001601433,0.00187061,0.001285043,0.00172634,1.12695
5/8/2025,1.1228,1.1301,1.1337,1.1212,-0.006371681,-0.006068602,-0.00369101,-0.007084662,1.13541,1.1352,1.14146,1.13041,0.000159664,0.00160368,0.000442598,0.001234657,1.124125
5/9/2025,1.1248,1.1228,1.1293,1.1196,0.001781261,-0.006459605,-0.003881097,-0.001427042,1.13485,1.13533,1.14055,1.130445,-0.000479147,0.000134686,-0.000787749,3.92983E-05,1.1156
